linea;archivo;identificador;accion
2;pagos_membresias.csv;1;"fecha_vencimiento reparada de 05-01-25 a 2025-01-05"
2;pagos_membresias.csv;1;"fecha_pago reparada de 03-01-25 a 2025-01-03"
3;pagos_membresias.csv;2;"fecha_vencimiento reparada de 05-02-25 a 2025-02-05"
3;pagos_membresias.csv;2;"fecha_pago reparada de 04-02-25 a 2025-02-04"
4;pagos_membresias.csv;3;"fecha_vencimiento reparada de 05-03-25 a 2025-03-05"
4;pagos_membresias.csv;3;"fecha_pago reparada de 01-03-25 a 2025-03-01"
5;pagos_membresias.csv;4;"fecha_vencimiento reparada de 05-04-25 a 2025-04-05"
5;pagos_membresias.csv;4;"fecha_pago reparada de 05-04-25 a 2025-04-05"
6;pagos_membresias.csv;5;"fecha_vencimiento reparada de 05-05-25 a 2025-05-05"
6;pagos_membresias.csv;5;"fecha_pago reparada de 02-05-25 a 2025-05-02"
7;pagos_membresias.csv;6;"fecha_vencimiento reparada de 05-06-25 a 2025-06-05"
7;pagos_membresias.csv;6;"fecha_pago reparada de 04-06-25 a 2025-06-04"
8;pagos_membresias.csv;7;"fecha_vencimiento reparada de 05-07-25 a 2025-07-05"
8;pagos_membresias.csv;7;"fecha_pago reparada de 01-07-25 a 2025-07-01"
9;pagos_membresias.csv;8;"fecha_vencimiento reparada de 05-08-25 a 2025-08-05"
9;pagos_membresias.csv;8;"fecha_pago reparada de 03-08-25 a 2025-08-03"
10;pagos_membresias.csv;9;"fecha_vencimiento reparada de 05-09-25 a 2025-09-05"
10;pagos_membresias.csv;9;"fecha_pago reparada de 04-09-25 a 2025-09-04"
11;pagos_membresias.csv;10;"fecha_vencimiento reparada de 05-10-25 a 2025-10-05"
11;pagos_membresias.csv;10;"fecha_pago reparada de 05-10-25 a 2025-10-05"
12;pagos_membresias.csv;11;"fecha_vencimiento reparada de 05-11-25 a 2025-11-05"
12;pagos_membresias.csv;11;"fecha_pago reparada de 02-11-25 a 2025-11-02"
13;pagos_membresias.csv;12;"fecha_vencimiento reparada de 05-12-25 a 2025-12-05"
14;pagos_membresias.csv;13;"fecha_vencimiento reparada de 05-01-25 a 2025-01-05"
14;pagos_membresias.csv;13;"fecha_pago reparada de 02-01-25 a 2025-01-02"
14;pagos_membresias.csv;13;"Fila enviada a ERR: run_socio_titular no es valido"
15;pagos_membresias.csv;14;"fecha_vencimiento reparada de 05-02-25 a 2025-02-05"
15;pagos_membresias.csv;14;"fecha_pago reparada de 01-02-25 a 2025-02-01"
15;pagos_membresias.csv;14;"Fila enviada a ERR: run_socio_titular no es valido"
16;pagos_membresias.csv;15;"fecha_vencimiento reparada de 05-03-25 a 2025-03-05"
16;pagos_membresias.csv;15;"fecha_pago reparada de 04-03-25 a 2025-03-04"
16;pagos_membresias.csv;15;"Fila enviada a ERR: run_socio_titular no es valido"
17;pagos_membresias.csv;16;"fecha_vencimiento reparada de 05-04-25 a 2025-04-05"
17;pagos_membresias.csv;16;"fecha_pago reparada de 03-04-25 a 2025-04-03"
17;pagos_membresias.csv;16;"Fila enviada a ERR: run_socio_titular no es valido"
18;pagos_membresias.csv;17;"fecha_vencimiento reparada de 05-05-25 a 2025-05-05"
18;pagos_membresias.csv;17;"fecha_pago reparada de 05-05-25 a 2025-05-05"
18;pagos_membresias.csv;17;"Fila enviada a ERR: run_socio_titular no es valido"
19;pagos_membresias.csv;18;"fecha_vencimiento reparada de 05-06-25 a 2025-06-05"
19;pagos_membresias.csv;18;"fecha_pago reparada de 01-06-25 a 2025-06-01"
19;pagos_membresias.csv;18;"Fila enviada a ERR: run_socio_titular no es valido"
20;pagos_membresias.csv;19;"fecha_vencimiento reparada de 05-07-25 a 2025-07-05"
20;pagos_membresias.csv;19;"fecha_pago reparada de 04-07-25 a 2025-07-04"
20;pagos_membresias.csv;19;"Fila enviada a ERR: run_socio_titular no es valido"
21;pagos_membresias.csv;20;"fecha_vencimiento reparada de 05-08-25 a 2025-08-05"
21;pagos_membresias.csv;20;"fecha_pago reparada de 02-08-25 a 2025-08-02"
21;pagos_membresias.csv;20;"Fila enviada a ERR: run_socio_titular no es valido"
22;pagos_membresias.csv;21;"fecha_vencimiento reparada de 05-09-25 a 2025-09-05"
22;pagos_membresias.csv;21;"fecha_pago reparada de 04-09-25 a 2025-09-04"
22;pagos_membresias.csv;21;"Fila enviada a ERR: run_socio_titular no es valido"
23;pagos_membresias.csv;22;"fecha_vencimiento reparada de 05-10-25 a 2025-10-05"
23;pagos_membresias.csv;22;"fecha_pago reparada de 01-10-25 a 2025-10-01"
23;pagos_membresias.csv;22;"Fila enviada a ERR: run_socio_titular no es valido"
24;pagos_membresias.csv;23;"fecha_vencimiento reparada de 05-11-25 a 2025-11-05"
24;pagos_membresias.csv;23;"fecha_pago reparada de 04-11-25 a 2025-11-04"
24;pagos_membresias.csv;23;"Fila enviada a ERR: run_socio_titular no es valido"
25;pagos_membresias.csv;24;"fecha_vencimiento reparada de 05-12-25 a 2025-12-05"
25;pagos_membresias.csv;24;"Fila enviada a ERR: run_socio_titular no es valido"
26;pagos_membresias.csv;25;"fecha_vencimiento reparada de 05-01-25 a 2025-01-05"
26;pagos_membresias.csv;25;"fecha_pago reparada de 04-01-25 a 2025-01-04"
27;pagos_membresias.csv;26;"fecha_vencimiento reparada de 05-02-25 a 2025-02-05"
27;pagos_membresias.csv;26;"fecha_pago reparada de 05-02-25 a 2025-02-05"
28;pagos_membresias.csv;27;"fecha_vencimiento reparada de 05-03-25 a 2025-03-05"
28;pagos_membresias.csv;27;"fecha_pago reparada de 02-03-25 a 2025-03-02"
29;pagos_membresias.csv;28;"fecha_vencimiento reparada de 05-04-25 a 2025-04-05"
29;pagos_membresias.csv;28;"fecha_pago reparada de 04-04-25 a 2025-04-04"
30;pagos_membresias.csv;29;"fecha_vencimiento reparada de 05-05-25 a 2025-05-05"
30;pagos_membresias.csv;29;"fecha_pago reparada de 01-05-25 a 2025-05-01"
31;pagos_membresias.csv;30;"fecha_vencimiento reparada de 05-06-25 a 2025-06-05"
31;pagos_membresias.csv;30;"fecha_pago reparada de 04-06-25 a 2025-06-04"
32;pagos_membresias.csv;31;"fecha_vencimiento reparada de 05-07-25 a 2025-07-05"
32;pagos_membresias.csv;31;"fecha_pago reparada de 03-07-25 a 2025-07-03"
33;pagos_membresias.csv;32;"fecha_vencimiento reparada de 05-08-25 a 2025-08-05"
33;pagos_membresias.csv;32;"fecha_pago reparada de 05-08-25 a 2025-08-05"
34;pagos_membresias.csv;33;"fecha_vencimiento reparada de 05-09-25 a 2025-09-05"
34;pagos_membresias.csv;33;"fecha_pago reparada de 02-09-25 a 2025-09-02"
35;pagos_membresias.csv;34;"fecha_vencimiento reparada de 05-10-25 a 2025-10-05"
35;pagos_membresias.csv;34;"fecha_pago reparada de 04-10-25 a 2025-10-04"
36;pagos_membresias.csv;35;"fecha_vencimiento reparada de 05-11-25 a 2025-11-05"
36;pagos_membresias.csv;35;"fecha_pago reparada de 01-11-25 a 2025-11-01"
37;pagos_membresias.csv;36;"fecha_vencimiento reparada de 05-12-25 a 2025-12-05"
38;pagos_membresias.csv;37;"fecha_vencimiento reparada de 05-01-25 a 2025-01-05"
38;pagos_membresias.csv;37;"fecha_pago reparada de 03-01-25 a 2025-01-03"
38;pagos_membresias.csv;37;"Fila enviada a ERR: run_socio_titular no es valido"
39;pagos_membresias.csv;38;"fecha_vencimiento reparada de 05-02-25 a 2025-02-05"
39;pagos_membresias.csv;38;"fecha_pago reparada de 01-02-25 a 2025-02-01"
39;pagos_membresias.csv;38;"Fila enviada a ERR: run_socio_titular no es valido"
40;pagos_membresias.csv;39;"fecha_vencimiento reparada de 05-03-25 a 2025-03-05"
40;pagos_membresias.csv;39;"fecha_pago reparada de 05-03-25 a 2025-03-05"
40;pagos_membresias.csv;39;"Fila enviada a ERR: run_socio_titular no es valido"
41;pagos_membresias.csv;40;"fecha_vencimiento reparada de 05-04-25 a 2025-04-05"
41;pagos_membresias.csv;40;"fecha_pago reparada de 02-04-25 a 2025-04-02"
41;pagos_membresias.csv;40;"Fila enviada a ERR: run_socio_titular no es valido"
42;pagos_membresias.csv;41;"fecha_vencimiento reparada de 05-05-25 a 2025-05-05"
42;pagos_membresias.csv;41;"fecha_pago reparada de 04-05-25 a 2025-05-04"
42;pagos_membresias.csv;41;"Fila enviada a ERR: run_socio_titular no es valido"
43;pagos_membresias.csv;42;"fecha_vencimiento reparada de 05-06-25 a 2025-06-05"
43;pagos_membresias.csv;42;"fecha_pago reparada de 01-06-25 a 2025-06-01"
43;pagos_membresias.csv;42;"Fila enviada a ERR: run_socio_titular no es valido"
44;pagos_membresias.csv;43;"fecha_vencimiento reparada de 05-07-25 a 2025-07-05"
44;pagos_membresias.csv;43;"fecha_pago reparada de 05-07-25 a 2025-07-05"
44;pagos_membresias.csv;43;"Fila enviada a ERR: run_socio_titular no es valido"
45;pagos_membresias.csv;44;"fecha_vencimiento reparada de 05-08-25 a 2025-08-05"
45;pagos_membresias.csv;44;"fecha_pago reparada de 03-08-25 a 2025-08-03"
45;pagos_membresias.csv;44;"Fila enviada a ERR: run_socio_titular no es valido"
46;pagos_membresias.csv;45;"fecha_vencimiento reparada de 05-09-25 a 2025-09-05"
46;pagos_membresias.csv;45;"fecha_pago reparada de 05-09-25 a 2025-09-05"
46;pagos_membresias.csv;45;"Fila enviada a ERR: run_socio_titular no es valido"
47;pagos_membresias.csv;46;"fecha_vencimiento reparada de 05-10-25 a 2025-10-05"
47;pagos_membresias.csv;46;"fecha_pago reparada de 01-10-25 a 2025-10-01"
47;pagos_membresias.csv;46;"Fila enviada a ERR: run_socio_titular no es valido"
48;pagos_membresias.csv;47;"fecha_vencimiento reparada de 05-11-25 a 2025-11-05"
48;pagos_membresias.csv;47;"fecha_pago reparada de 05-11-25 a 2025-11-05"
48;pagos_membresias.csv;47;"Fila enviada a ERR: run_socio_titular no es valido"
49;pagos_membresias.csv;48;"fecha_vencimiento reparada de 05-12-25 a 2025-12-05"
49;pagos_membresias.csv;48;"Fila enviada a ERR: run_socio_titular no es valido"
50;pagos_membresias.csv;49;"fecha_vencimiento reparada de 05-01-25 a 2025-01-05"
50;pagos_membresias.csv;49;"fecha_pago reparada de 04-01-25 a 2025-01-04"
50;pagos_membresias.csv;49;"Fila enviada a ERR: run_socio_titular no es valido"
51;pagos_membresias.csv;50;"fecha_vencimiento reparada de 05-02-25 a 2025-02-05"
51;pagos_membresias.csv;50;"fecha_pago reparada de 05-02-25 a 2025-02-05"
51;pagos_membresias.csv;50;"Fila enviada a ERR: run_socio_titular no es valido"
52;pagos_membresias.csv;51;"fecha_vencimiento reparada de 05-03-25 a 2025-03-05"
52;pagos_membresias.csv;51;"fecha_pago reparada de 02-03-25 a 2025-03-02"
52;pagos_membresias.csv;51;"Fila enviada a ERR: run_socio_titular no es valido"
53;pagos_membresias.csv;52;"fecha_vencimiento reparada de 05-04-25 a 2025-04-05"
53;pagos_membresias.csv;52;"fecha_pago reparada de 03-04-25 a 2025-04-03"
53;pagos_membresias.csv;52;"Fila enviada a ERR: run_socio_titular no es valido"
54;pagos_membresias.csv;53;"fecha_vencimiento reparada de 05-05-25 a 2025-05-05"
54;pagos_membresias.csv;53;"fecha_pago reparada de 01-05-25 a 2025-05-01"
54;pagos_membresias.csv;53;"Fila enviada a ERR: run_socio_titular no es valido"
55;pagos_membresias.csv;54;"fecha_vencimiento reparada de 05-06-25 a 2025-06-05"
55;pagos_membresias.csv;54;"fecha_pago reparada de 04-06-25 a 2025-06-04"
55;pagos_membresias.csv;54;"Fila enviada a ERR: run_socio_titular no es valido"
56;pagos_membresias.csv;55;"fecha_vencimiento reparada de 05-07-25 a 2025-07-05"
56;pagos_membresias.csv;55;"fecha_pago reparada de 02-07-25 a 2025-07-02"
56;pagos_membresias.csv;55;"Fila enviada a ERR: run_socio_titular no es valido"
57;pagos_membresias.csv;56;"fecha_vencimiento reparada de 05-08-25 a 2025-08-05"
57;pagos_membresias.csv;56;"fecha_pago reparada de 04-08-25 a 2025-08-04"
57;pagos_membresias.csv;56;"Fila enviada a ERR: run_socio_titular no es valido"
58;pagos_membresias.csv;57;"fecha_vencimiento reparada de 05-09-25 a 2025-09-05"
58;pagos_membresias.csv;57;"fecha_pago reparada de 01-09-25 a 2025-09-01"
58;pagos_membresias.csv;57;"Fila enviada a ERR: run_socio_titular no es valido"
59;pagos_membresias.csv;58;"fecha_vencimiento reparada de 05-10-25 a 2025-10-05"
59;pagos_membresias.csv;58;"fecha_pago reparada de 04-10-25 a 2025-10-04"
59;pagos_membresias.csv;58;"Fila enviada a ERR: run_socio_titular no es valido"
60;pagos_membresias.csv;59;"fecha_vencimiento reparada de 05-11-25 a 2025-11-05"
60;pagos_membresias.csv;59;"Fila enviada a ERR: run_socio_titular no es valido"
61;pagos_membresias.csv;60;"fecha_vencimiento reparada de 05-12-25 a 2025-12-05"
61;pagos_membresias.csv;60;"Fila enviada a ERR: run_socio_titular no es valido"
62;pagos_membresias.csv;61;"fecha_vencimiento reparada de 05-01-25 a 2025-01-05"
62;pagos_membresias.csv;61;"fecha_pago reparada de 02-01-25 a 2025-01-02"
62;pagos_membresias.csv;61;"Fila enviada a ERR: run_socio_titular no es valido"
63;pagos_membresias.csv;62;"fecha_vencimiento reparada de 05-02-25 a 2025-02-05"
63;pagos_membresias.csv;62;"fecha_pago reparada de 01-02-25 a 2025-02-01"
63;pagos_membresias.csv;62;"Fila enviada a ERR: run_socio_titular no es valido"
64;pagos_membresias.csv;63;"fecha_vencimiento reparada de 05-03-25 a 2025-03-05"
64;pagos_membresias.csv;63;"fecha_pago reparada de 04-03-25 a 2025-03-04"
64;pagos_membresias.csv;63;"Fila enviada a ERR: run_socio_titular no es valido"
65;pagos_membresias.csv;64;"fecha_vencimiento reparada de 05-04-25 a 2025-04-05"
65;pagos_membresias.csv;64;"fecha_pago reparada de 03-04-25 a 2025-04-03"
65;pagos_membresias.csv;64;"Fila enviada a ERR: run_socio_titular no es valido"
66;pagos_membresias.csv;65;"fecha_vencimiento reparada de 05-05-25 a 2025-05-05"
66;pagos_membresias.csv;65;"fecha_pago reparada de 05-05-25 a 2025-05-05"
66;pagos_membresias.csv;65;"Fila enviada a ERR: run_socio_titular no es valido"
67;pagos_membresias.csv;66;"fecha_vencimiento reparada de 05-06-25 a 2025-06-05"
67;pagos_membresias.csv;66;"fecha_pago reparada de 02-06-25 a 2025-06-02"
67;pagos_membresias.csv;66;"Fila enviada a ERR: run_socio_titular no es valido"
68;pagos_membresias.csv;67;"fecha_vencimiento reparada de 05-07-25 a 2025-07-05"
68;pagos_membresias.csv;67;"fecha_pago reparada de 04-07-25 a 2025-07-04"
68;pagos_membresias.csv;67;"Fila enviada a ERR: run_socio_titular no es valido"
69;pagos_membresias.csv;68;"fecha_vencimiento reparada de 05-08-25 a 2025-08-05"
69;pagos_membresias.csv;68;"fecha_pago reparada de 01-08-25 a 2025-08-01"
69;pagos_membresias.csv;68;"Fila enviada a ERR: run_socio_titular no es valido"
70;pagos_membresias.csv;69;"fecha_vencimiento reparada de 05-09-25 a 2025-09-05"
70;pagos_membresias.csv;69;"fecha_pago reparada de 04-09-25 a 2025-09-04"
70;pagos_membresias.csv;69;"Fila enviada a ERR: run_socio_titular no es valido"
71;pagos_membresias.csv;70;"fecha_vencimiento reparada de 05-10-25 a 2025-10-05"
71;pagos_membresias.csv;70;"fecha_pago reparada de 02-10-25 a 2025-10-02"
71;pagos_membresias.csv;70;"Fila enviada a ERR: run_socio_titular no es valido"
72;pagos_membresias.csv;71;"fecha_vencimiento reparada de 05-11-25 a 2025-11-05"
72;pagos_membresias.csv;71;"Fila enviada a ERR: run_socio_titular no es valido"
73;pagos_membresias.csv;72;"fecha_vencimiento reparada de 05-12-25 a 2025-12-05"
73;pagos_membresias.csv;72;"Fila enviada a ERR: run_socio_titular no es valido"
74;pagos_membresias.csv;73;"fecha_vencimiento reparada de 05-01-25 a 2025-01-05"
74;pagos_membresias.csv;73;"fecha_pago reparada de 04-01-25 a 2025-01-04"
75;pagos_membresias.csv;74;"fecha_vencimiento reparada de 05-02-25 a 2025-02-05"
75;pagos_membresias.csv;74;"fecha_pago reparada de 05-02-25 a 2025-02-05"
76;pagos_membresias.csv;75;"fecha_vencimiento reparada de 05-03-25 a 2025-03-05"
76;pagos_membresias.csv;75;"fecha_pago reparada de 03-03-25 a 2025-03-03"
77;pagos_membresias.csv;76;"fecha_vencimiento reparada de 05-04-25 a 2025-04-05"
77;pagos_membresias.csv;76;"fecha_pago reparada de 04-04-25 a 2025-04-04"
78;pagos_membresias.csv;77;"fecha_vencimiento reparada de 05-05-25 a 2025-05-05"
78;pagos_membresias.csv;77;"fecha_pago reparada de 01-05-25 a 2025-05-01"
79;pagos_membresias.csv;78;"fecha_vencimiento reparada de 05-06-25 a 2025-06-05"
79;pagos_membresias.csv;78;"fecha_pago reparada de 04-06-25 a 2025-06-04"
80;pagos_membresias.csv;79;"fecha_vencimiento reparada de 05-07-25 a 2025-07-05"
80;pagos_membresias.csv;79;"fecha_pago reparada de 02-07-25 a 2025-07-02"
81;pagos_membresias.csv;80;"fecha_vencimiento reparada de 05-08-25 a 2025-08-05"
81;pagos_membresias.csv;80;"fecha_pago reparada de 05-08-25 a 2025-08-05"
82;pagos_membresias.csv;81;"fecha_vencimiento reparada de 05-09-25 a 2025-09-05"
82;pagos_membresias.csv;81;"fecha_pago reparada de 01-09-25 a 2025-09-01"
83;pagos_membresias.csv;82;"fecha_vencimiento reparada de 05-10-25 a 2025-10-05"
83;pagos_membresias.csv;82;"fecha_pago reparada de 04-10-25 a 2025-10-04"
84;pagos_membresias.csv;83;"fecha_vencimiento reparada de 05-11-25 a 2025-11-05"
85;pagos_membresias.csv;84;"fecha_vencimiento reparada de 05-12-25 a 2025-12-05"
86;pagos_membresias.csv;85;"fecha_vencimiento reparada de 05-01-25 a 2025-01-05"
86;pagos_membresias.csv;85;"fecha_pago reparada de 03-01-25 a 2025-01-03"
87;pagos_membresias.csv;86;"fecha_vencimiento reparada de 05-02-25 a 2025-02-05"
87;pagos_membresias.csv;86;"fecha_pago reparada de 01-02-25 a 2025-02-01"
88;pagos_membresias.csv;87;"fecha_vencimiento reparada de 05-03-25 a 2025-03-05"
88;pagos_membresias.csv;87;"fecha_pago reparada de 05-03-25 a 2025-03-05"
89;pagos_membresias.csv;88;"fecha_vencimiento reparada de 05-04-25 a 2025-04-05"
89;pagos_membresias.csv;88;"fecha_pago reparada de 02-04-25 a 2025-04-02"
90;pagos_membresias.csv;89;"fecha_vencimiento reparada de 05-05-25 a 2025-05-05"
90;pagos_membresias.csv;89;"fecha_pago reparada de 04-05-25 a 2025-05-04"
91;pagos_membresias.csv;90;"fecha_vencimiento reparada de 05-06-25 a 2025-06-05"
91;pagos_membresias.csv;90;"fecha_pago reparada de 01-06-25 a 2025-06-01"
92;pagos_membresias.csv;91;"fecha_vencimiento reparada de 05-07-25 a 2025-07-05"
92;pagos_membresias.csv;91;"fecha_pago reparada de 05-07-25 a 2025-07-05"
93;pagos_membresias.csv;92;"fecha_vencimiento reparada de 05-08-25 a 2025-08-05"
93;pagos_membresias.csv;92;"fecha_pago reparada de 03-08-25 a 2025-08-03"
94;pagos_membresias.csv;93;"fecha_vencimiento reparada de 05-09-25 a 2025-09-05"
94;pagos_membresias.csv;93;"fecha_pago reparada de 05-09-25 a 2025-09-05"
95;pagos_membresias.csv;94;"fecha_vencimiento reparada de 05-10-25 a 2025-10-05"
95;pagos_membresias.csv;94;"fecha_pago reparada de 01-10-25 a 2025-10-01"
96;pagos_membresias.csv;95;"fecha_vencimiento reparada de 05-11-25 a 2025-11-05"
97;pagos_membresias.csv;96;"fecha_vencimiento reparada de 05-12-25 a 2025-12-05"
98;pagos_membresias.csv;97;"fecha_vencimiento reparada de 05-01-25 a 2025-01-05"
98;pagos_membresias.csv;97;"fecha_pago reparada de 04-01-25 a 2025-01-04"
99;pagos_membresias.csv;98;"fecha_vencimiento reparada de 05-02-25 a 2025-02-05"
99;pagos_membresias.csv;98;"fecha_pago reparada de 05-02-25 a 2025-02-05"
100;pagos_membresias.csv;99;"fecha_vencimiento reparada de 05-03-25 a 2025-03-05"
100;pagos_membresias.csv;99;"fecha_pago reparada de 03-03-25 a 2025-03-03"
101;pagos_membresias.csv;100;"fecha_vencimiento reparada de 05-04-25 a 2025-04-05"
101;pagos_membresias.csv;100;"fecha_pago reparada de 03-04-25 a 2025-04-03"
102;pagos_membresias.csv;101;"fecha_vencimiento reparada de 05-05-25 a 2025-05-05"
102;pagos_membresias.csv;101;"fecha_pago reparada de 01-05-25 a 2025-05-01"
103;pagos_membresias.csv;102;"fecha_vencimiento reparada de 05-06-25 a 2025-06-05"
103;pagos_membresias.csv;102;"fecha_pago reparada de 04-06-25 a 2025-06-04"
104;pagos_membresias.csv;103;"fecha_vencimiento reparada de 05-07-25 a 2025-07-05"
104;pagos_membresias.csv;103;"fecha_pago reparada de 02-07-25 a 2025-07-02"
105;pagos_membresias.csv;104;"fecha_vencimiento reparada de 05-08-25 a 2025-08-05"
105;pagos_membresias.csv;104;"fecha_pago reparada de 05-08-25 a 2025-08-05"
106;pagos_membresias.csv;105;"fecha_vencimiento reparada de 05-09-25 a 2025-09-05"
106;pagos_membresias.csv;105;"fecha_pago reparada de 01-09-25 a 2025-09-01"
107;pagos_membresias.csv;106;"fecha_vencimiento reparada de 05-10-25 a 2025-10-05"
107;pagos_membresias.csv;106;"fecha_pago reparada de 04-10-25 a 2025-10-04"
108;pagos_membresias.csv;107;"fecha_vencimiento reparada de 05-11-25 a 2025-11-05"
109;pagos_membresias.csv;108;"fecha_vencimiento reparada de 05-12-25 a 2025-12-05"
110;pagos_membresias.csv;109;"fecha_vencimiento reparada de 05-01-25 a 2025-01-05"
110;pagos_membresias.csv;109;"fecha_pago reparada de 03-01-25 a 2025-01-03"
110;pagos_membresias.csv;109;"Fila enviada a ERR: run_socio_titular no es valido"
111;pagos_membresias.csv;110;"fecha_vencimiento reparada de 05-02-25 a 2025-02-05"
111;pagos_membresias.csv;110;"fecha_pago reparada de 01-02-25 a 2025-02-01"
111;pagos_membresias.csv;110;"Fila enviada a ERR: run_socio_titular no es valido"
112;pagos_membresias.csv;111;"fecha_vencimiento reparada de 05-03-25 a 2025-03-05"
112;pagos_membresias.csv;111;"fecha_pago reparada de 05-03-25 a 2025-03-05"
112;pagos_membresias.csv;111;"Fila enviada a ERR: run_socio_titular no es valido"
113;pagos_membresias.csv;112;"fecha_vencimiento reparada de 05-04-25 a 2025-04-05"
113;pagos_membresias.csv;112;"fecha_pago reparada de 02-04-25 a 2025-04-02"
113;pagos_membresias.csv;112;"Fila enviada a ERR: run_socio_titular no es valido"
114;pagos_membresias.csv;113;"fecha_vencimiento reparada de 05-05-25 a 2025-05-05"
114;pagos_membresias.csv;113;"fecha_pago reparada de 04-05-25 a 2025-05-04"
114;pagos_membresias.csv;113;"Fila enviada a ERR: run_socio_titular no es valido"
115;pagos_membresias.csv;114;"fecha_vencimiento reparada de 05-06-25 a 2025-06-05"
115;pagos_membresias.csv;114;"fecha_pago reparada de 01-06-25 a 2025-06-01"
115;pagos_membresias.csv;114;"Fila enviada a ERR: run_socio_titular no es valido"
116;pagos_membresias.csv;115;"fecha_vencimiento reparada de 05-07-25 a 2025-07-05"
116;pagos_membresias.csv;115;"fecha_pago reparada de 05-07-25 a 2025-07-05"
116;pagos_membresias.csv;115;"Fila enviada a ERR: run_socio_titular no es valido"
117;pagos_membresias.csv;116;"fecha_vencimiento reparada de 05-08-25 a 2025-08-05"
117;pagos_membresias.csv;116;"fecha_pago reparada de 03-08-25 a 2025-08-03"
117;pagos_membresias.csv;116;"Fila enviada a ERR: run_socio_titular no es valido"
118;pagos_membresias.csv;117;"fecha_vencimiento reparada de 05-09-25 a 2025-09-05"
118;pagos_membresias.csv;117;"fecha_pago reparada de 05-09-25 a 2025-09-05"
118;pagos_membresias.csv;117;"Fila enviada a ERR: run_socio_titular no es valido"
119;pagos_membresias.csv;118;"fecha_vencimiento reparada de 05-10-25 a 2025-10-05"
119;pagos_membresias.csv;118;"fecha_pago reparada de 01-10-25 a 2025-10-01"
119;pagos_membresias.csv;118;"Fila enviada a ERR: run_socio_titular no es valido"
120;pagos_membresias.csv;119;"fecha_vencimiento reparada de 05-11-25 a 2025-11-05"
120;pagos_membresias.csv;119;"Fila enviada a ERR: run_socio_titular no es valido"
121;pagos_membresias.csv;120;"fecha_vencimiento reparada de 05-12-25 a 2025-12-05"
121;pagos_membresias.csv;120;"Fila enviada a ERR: run_socio_titular no es valido"
122;pagos_membresias.csv;121;"fecha_vencimiento reparada de 05-01-25 a 2025-01-05"
122;pagos_membresias.csv;121;"fecha_pago reparada de 04-01-25 a 2025-01-04"
122;pagos_membresias.csv;121;"Fila enviada a ERR: run_socio_titular no es valido"
123;pagos_membresias.csv;122;"fecha_vencimiento reparada de 05-02-25 a 2025-02-05"
123;pagos_membresias.csv;122;"fecha_pago reparada de 05-02-25 a 2025-02-05"
123;pagos_membresias.csv;122;"Fila enviada a ERR: run_socio_titular no es valido"
124;pagos_membresias.csv;123;"fecha_vencimiento reparada de 05-03-25 a 2025-03-05"
124;pagos_membresias.csv;123;"fecha_pago reparada de 03-03-25 a 2025-03-03"
124;pagos_membresias.csv;123;"Fila enviada a ERR: run_socio_titular no es valido"
125;pagos_membresias.csv;124;"fecha_vencimiento reparada de 05-04-25 a 2025-04-05"
125;pagos_membresias.csv;124;"fecha_pago reparada de 03-04-25 a 2025-04-03"
125;pagos_membresias.csv;124;"Fila enviada a ERR: run_socio_titular no es valido"
126;pagos_membresias.csv;125;"fecha_vencimiento reparada de 05-05-25 a 2025-05-05"
126;pagos_membresias.csv;125;"fecha_pago reparada de 01-05-25 a 2025-05-01"
126;pagos_membresias.csv;125;"Fila enviada a ERR: run_socio_titular no es valido"
127;pagos_membresias.csv;126;"fecha_vencimiento reparada de 05-06-25 a 2025-06-05"
127;pagos_membresias.csv;126;"fecha_pago reparada de 04-06-25 a 2025-06-04"
127;pagos_membresias.csv;126;"Fila enviada a ERR: run_socio_titular no es valido"
128;pagos_membresias.csv;127;"fecha_vencimiento reparada de 05-07-25 a 2025-07-05"
128;pagos_membresias.csv;127;"fecha_pago reparada de 02-07-25 a 2025-07-02"
128;pagos_membresias.csv;127;"Fila enviada a ERR: run_socio_titular no es valido"
129;pagos_membresias.csv;128;"fecha_vencimiento reparada de 05-08-25 a 2025-08-05"
129;pagos_membresias.csv;128;"fecha_pago reparada de 05-08-25 a 2025-08-05"
129;pagos_membresias.csv;128;"Fila enviada a ERR: run_socio_titular no es valido"
130;pagos_membresias.csv;129;"fecha_vencimiento reparada de 05-09-25 a 2025-09-05"
130;pagos_membresias.csv;129;"fecha_pago reparada de 01-09-25 a 2025-09-01"
130;pagos_membresias.csv;129;"Fila enviada a ERR: run_socio_titular no es valido"
131;pagos_membresias.csv;130;"fecha_vencimiento reparada de 05-10-25 a 2025-10-05"
131;pagos_membresias.csv;130;"fecha_pago reparada de 04-10-25 a 2025-10-04"
131;pagos_membresias.csv;130;"Fila enviada a ERR: run_socio_titular no es valido"
132;pagos_membresias.csv;131;"fecha_vencimiento reparada de 05-11-25 a 2025-11-05"
132;pagos_membresias.csv;131;"Fila enviada a ERR: run_socio_titular no es valido"
133;pagos_membresias.csv;132;"fecha_vencimiento reparada de 05-12-25 a 2025-12-05"
133;pagos_membresias.csv;132;"Fila enviada a ERR: run_socio_titular no es valido"
134;pagos_membresias.csv;133;"fecha_vencimiento reparada de 05-01-25 a 2025-01-05"
134;pagos_membresias.csv;133;"fecha_pago reparada de 03-01-25 a 2025-01-03"
135;pagos_membresias.csv;134;"fecha_vencimiento reparada de 05-02-25 a 2025-02-05"
135;pagos_membresias.csv;134;"fecha_pago reparada de 01-02-25 a 2025-02-01"
136;pagos_membresias.csv;135;"fecha_vencimiento reparada de 05-03-25 a 2025-03-05"
136;pagos_membresias.csv;135;"fecha_pago reparada de 05-03-25 a 2025-03-05"
137;pagos_membresias.csv;136;"fecha_vencimiento reparada de 05-04-25 a 2025-04-05"
137;pagos_membresias.csv;136;"fecha_pago reparada de 02-04-25 a 2025-04-02"
138;pagos_membresias.csv;137;"fecha_vencimiento reparada de 05-05-25 a 2025-05-05"
138;pagos_membresias.csv;137;"fecha_pago reparada de 04-05-25 a 2025-05-04"
139;pagos_membresias.csv;138;"fecha_vencimiento reparada de 05-06-25 a 2025-06-05"
139;pagos_membresias.csv;138;"fecha_pago reparada de 01-06-25 a 2025-06-01"
140;pagos_membresias.csv;139;"fecha_vencimiento reparada de 05-07-25 a 2025-07-05"
140;pagos_membresias.csv;139;"fecha_pago reparada de 05-07-25 a 2025-07-05"
141;pagos_membresias.csv;140;"fecha_vencimiento reparada de 05-08-25 a 2025-08-05"
141;pagos_membresias.csv;140;"fecha_pago reparada de 03-08-25 a 2025-08-03"
142;pagos_membresias.csv;141;"fecha_vencimiento reparada de 05-09-25 a 2025-09-05"
142;pagos_membresias.csv;141;"fecha_pago reparada de 05-09-25 a 2025-09-05"
143;pagos_membresias.csv;142;"fecha_vencimiento reparada de 05-10-25 a 2025-10-05"
143;pagos_membresias.csv;142;"fecha_pago reparada de 01-10-25 a 2025-10-01"
144;pagos_membresias.csv;143;"fecha_vencimiento reparada de 05-11-25 a 2025-11-05"
145;pagos_membresias.csv;144;"fecha_vencimiento reparada de 05-12-25 a 2025-12-05"
146;pagos_membresias.csv;145;"fecha_vencimiento reparada de 05-01-25 a 2025-01-05"
146;pagos_membresias.csv;145;"fecha_pago reparada de 04-01-25 a 2025-01-04"
147;pagos_membresias.csv;146;"fecha_vencimiento reparada de 05-02-25 a 2025-02-05"
147;pagos_membresias.csv;146;"fecha_pago reparada de 05-02-25 a 2025-02-05"
148;pagos_membresias.csv;147;"fecha_vencimiento reparada de 05-03-25 a 2025-03-05"
148;pagos_membresias.csv;147;"fecha_pago reparada de 03-03-25 a 2025-03-03"
149;pagos_membresias.csv;148;"fecha_vencimiento reparada de 05-04-25 a 2025-04-05"
149;pagos_membresias.csv;148;"fecha_pago reparada de 03-04-25 a 2025-04-03"
150;pagos_membresias.csv;149;"fecha_vencimiento reparada de 05-05-25 a 2025-05-05"
150;pagos_membresias.csv;149;"fecha_pago reparada de 01-05-25 a 2025-05-01"
151;pagos_membresias.csv;150;"fecha_vencimiento reparada de 05-06-25 a 2025-06-05"
151;pagos_membresias.csv;150;"fecha_pago reparada de 04-06-25 a 2025-06-04"
152;pagos_membresias.csv;151;"fecha_vencimiento reparada de 05-07-25 a 2025-07-05"
152;pagos_membresias.csv;151;"fecha_pago reparada de 02-07-25 a 2025-07-02"
153;pagos_membresias.csv;152;"fecha_vencimiento reparada de 05-08-25 a 2025-08-05"
153;pagos_membresias.csv;152;"fecha_pago reparada de 05-08-25 a 2025-08-05"
154;pagos_membresias.csv;153;"fecha_vencimiento reparada de 05-09-25 a 2025-09-05"
154;pagos_membresias.csv;153;"fecha_pago reparada de 01-09-25 a 2025-09-01"
155;pagos_membresias.csv;154;"fecha_vencimiento reparada de 05-10-25 a 2025-10-05"
155;pagos_membresias.csv;154;"fecha_pago reparada de 04-10-25 a 2025-10-04"
156;pagos_membresias.csv;155;"fecha_vencimiento reparada de 05-11-25 a 2025-11-05"
157;pagos_membresias.csv;156;"fecha_vencimiento reparada de 05-12-25 a 2025-12-05"
158;pagos_membresias.csv;157;"fecha_vencimiento reparada de 05-01-25 a 2025-01-05"
158;pagos_membresias.csv;157;"fecha_pago reparada de 03-01-25 a 2025-01-03"
159;pagos_membresias.csv;158;"fecha_vencimiento reparada de 05-02-25 a 2025-02-05"
159;pagos_membresias.csv;158;"fecha_pago reparada de 01-02-25 a 2025-02-01"
160;pagos_membresias.csv;159;"fecha_vencimiento reparada de 05-03-25 a 2025-03-05"
160;pagos_membresias.csv;159;"fecha_pago reparada de 05-03-25 a 2025-03-05"
161;pagos_membresias.csv;160;"fecha_vencimiento reparada de 05-04-25 a 2025-04-05"
161;pagos_membresias.csv;160;"fecha_pago reparada de 02-04-25 a 2025-04-02"
162;pagos_membresias.csv;161;"fecha_vencimiento reparada de 05-05-25 a 2025-05-05"
162;pagos_membresias.csv;161;"fecha_pago reparada de 04-05-25 a 2025-05-04"
163;pagos_membresias.csv;162;"fecha_vencimiento reparada de 05-06-25 a 2025-06-05"
163;pagos_membresias.csv;162;"fecha_pago reparada de 01-06-25 a 2025-06-01"
164;pagos_membresias.csv;163;"fecha_vencimiento reparada de 05-07-25 a 2025-07-05"
164;pagos_membresias.csv;163;"fecha_pago reparada de 05-07-25 a 2025-07-05"
165;pagos_membresias.csv;164;"fecha_vencimiento reparada de 05-08-25 a 2025-08-05"
165;pagos_membresias.csv;164;"fecha_pago reparada de 03-08-25 a 2025-08-03"
166;pagos_membresias.csv;165;"fecha_vencimiento reparada de 05-09-25 a 2025-09-05"
166;pagos_membresias.csv;165;"fecha_pago reparada de 05-09-25 a 2025-09-05"
167;pagos_membresias.csv;166;"fecha_vencimiento reparada de 05-10-25 a 2025-10-05"
167;pagos_membresias.csv;166;"fecha_pago reparada de 01-10-25 a 2025-10-01"
168;pagos_membresias.csv;167;"fecha_vencimiento reparada de 05-11-25 a 2025-11-05"
169;pagos_membresias.csv;168;"fecha_vencimiento reparada de 05-12-25 a 2025-12-05"
170;pagos_membresias.csv;169;"fecha_vencimiento reparada de 05-01-25 a 2025-01-05"
170;pagos_membresias.csv;169;"fecha_pago reparada de 04-01-25 a 2025-01-04"
171;pagos_membresias.csv;170;"fecha_vencimiento reparada de 05-02-25 a 2025-02-05"
171;pagos_membresias.csv;170;"fecha_pago reparada de 05-02-25 a 2025-02-05"
172;pagos_membresias.csv;171;"fecha_vencimiento reparada de 05-03-25 a 2025-03-05"
172;pagos_membresias.csv;171;"fecha_pago reparada de 03-03-25 a 2025-03-03"
173;pagos_membresias.csv;172;"fecha_vencimiento reparada de 05-04-25 a 2025-04-05"
173;pagos_membresias.csv;172;"fecha_pago reparada de 03-04-25 a 2025-04-03"
174;pagos_membresias.csv;173;"fecha_vencimiento reparada de 05-05-25 a 2025-05-05"
174;pagos_membresias.csv;173;"fecha_pago reparada de 01-05-25 a 2025-05-01"
175;pagos_membresias.csv;174;"fecha_vencimiento reparada de 05-06-25 a 2025-06-05"
175;pagos_membresias.csv;174;"fecha_pago reparada de 04-06-25 a 2025-06-04"
176;pagos_membresias.csv;175;"fecha_vencimiento reparada de 05-07-25 a 2025-07-05"
176;pagos_membresias.csv;175;"fecha_pago reparada de 02-07-25 a 2025-07-02"
177;pagos_membresias.csv;176;"fecha_vencimiento reparada de 05-08-25 a 2025-08-05"
177;pagos_membresias.csv;176;"fecha_pago reparada de 05-08-25 a 2025-08-05"
178;pagos_membresias.csv;177;"fecha_vencimiento reparada de 05-09-25 a 2025-09-05"
178;pagos_membresias.csv;177;"fecha_pago reparada de 01-09-25 a 2025-09-01"
179;pagos_membresias.csv;178;"fecha_vencimiento reparada de 05-10-25 a 2025-10-05"
179;pagos_membresias.csv;178;"fecha_pago reparada de 04-10-25 a 2025-10-04"
180;pagos_membresias.csv;179;"fecha_vencimiento reparada de 05-11-25 a 2025-11-05"
181;pagos_membresias.csv;180;"fecha_vencimiento reparada de 05-12-25 a 2025-12-05"
182;pagos_membresias.csv;181;"fecha_vencimiento reparada de 05-01-25 a 2025-01-05"
182;pagos_membresias.csv;181;"fecha_pago reparada de 03-01-25 a 2025-01-03"
182;pagos_membresias.csv;181;"Fila enviada a ERR: run_socio_titular no es valido"
183;pagos_membresias.csv;182;"fecha_vencimiento reparada de 05-02-25 a 2025-02-05"
183;pagos_membresias.csv;182;"fecha_pago reparada de 01-02-25 a 2025-02-01"
183;pagos_membresias.csv;182;"Fila enviada a ERR: run_socio_titular no es valido"
184;pagos_membresias.csv;183;"fecha_vencimiento reparada de 05-03-25 a 2025-03-05"
184;pagos_membresias.csv;183;"fecha_pago reparada de 05-03-25 a 2025-03-05"
184;pagos_membresias.csv;183;"Fila enviada a ERR: run_socio_titular no es valido"
185;pagos_membresias.csv;184;"fecha_vencimiento reparada de 05-04-25 a 2025-04-05"
185;pagos_membresias.csv;184;"fecha_pago reparada de 02-04-25 a 2025-04-02"
185;pagos_membresias.csv;184;"Fila enviada a ERR: run_socio_titular no es valido"
186;pagos_membresias.csv;185;"fecha_vencimiento reparada de 05-05-25 a 2025-05-05"
186;pagos_membresias.csv;185;"fecha_pago reparada de 04-05-25 a 2025-05-04"
186;pagos_membresias.csv;185;"Fila enviada a ERR: run_socio_titular no es valido"
187;pagos_membresias.csv;186;"fecha_vencimiento reparada de 05-06-25 a 2025-06-05"
187;pagos_membresias.csv;186;"fecha_pago reparada de 01-06-25 a 2025-06-01"
187;pagos_membresias.csv;186;"Fila enviada a ERR: run_socio_titular no es valido"
188;pagos_membresias.csv;187;"fecha_vencimiento reparada de 05-07-25 a 2025-07-05"
188;pagos_membresias.csv;187;"fecha_pago reparada de 05-07-25 a 2025-07-05"
188;pagos_membresias.csv;187;"Fila enviada a ERR: run_socio_titular no es valido"
189;pagos_membresias.csv;188;"fecha_vencimiento reparada de 05-08-25 a 2025-08-05"
189;pagos_membresias.csv;188;"fecha_pago reparada de 03-08-25 a 2025-08-03"
189;pagos_membresias.csv;188;"Fila enviada a ERR: run_socio_titular no es valido"
190;pagos_membresias.csv;189;"fecha_vencimiento reparada de 05-09-25 a 2025-09-05"
190;pagos_membresias.csv;189;"fecha_pago reparada de 05-09-25 a 2025-09-05"
190;pagos_membresias.csv;189;"Fila enviada a ERR: run_socio_titular no es valido"
191;pagos_membresias.csv;190;"fecha_vencimiento reparada de 05-10-25 a 2025-10-05"
191;pagos_membresias.csv;190;"fecha_pago reparada de 01-10-25 a 2025-10-01"
191;pagos_membresias.csv;190;"Fila enviada a ERR: run_socio_titular no es valido"
192;pagos_membresias.csv;191;"fecha_vencimiento reparada de 05-11-25 a 2025-11-05"
192;pagos_membresias.csv;191;"Fila enviada a ERR: run_socio_titular no es valido"
193;pagos_membresias.csv;192;"fecha_vencimiento reparada de 05-12-25 a 2025-12-05"
193;pagos_membresias.csv;192;"Fila enviada a ERR: run_socio_titular no es valido"
194;pagos_membresias.csv;193;"fecha_vencimiento reparada de 05-01-25 a 2025-01-05"
194;pagos_membresias.csv;193;"fecha_pago reparada de 04-01-25 a 2025-01-04"
195;pagos_membresias.csv;194;"fecha_vencimiento reparada de 05-02-25 a 2025-02-05"
195;pagos_membresias.csv;194;"fecha_pago reparada de 05-02-25 a 2025-02-05"
196;pagos_membresias.csv;195;"fecha_vencimiento reparada de 05-03-25 a 2025-03-05"
196;pagos_membresias.csv;195;"fecha_pago reparada de 03-03-25 a 2025-03-03"
197;pagos_membresias.csv;196;"fecha_vencimiento reparada de 05-04-25 a 2025-04-05"
197;pagos_membresias.csv;196;"fecha_pago reparada de 03-04-25 a 2025-04-03"
198;pagos_membresias.csv;197;"fecha_vencimiento reparada de 05-05-25 a 2025-05-05"
198;pagos_membresias.csv;197;"fecha_pago reparada de 01-05-25 a 2025-05-01"
199;pagos_membresias.csv;198;"fecha_vencimiento reparada de 05-06-25 a 2025-06-05"
199;pagos_membresias.csv;198;"fecha_pago reparada de 04-06-25 a 2025-06-04"
200;pagos_membresias.csv;199;"fecha_vencimiento reparada de 05-07-25 a 2025-07-05"
200;pagos_membresias.csv;199;"fecha_pago reparada de 02-07-25 a 2025-07-02"
201;pagos_membresias.csv;200;"fecha_vencimiento reparada de 05-08-25 a 2025-08-05"
201;pagos_membresias.csv;200;"fecha_pago reparada de 05-08-25 a 2025-08-05"
202;pagos_membresias.csv;201;"fecha_vencimiento reparada de 05-09-25 a 2025-09-05"
202;pagos_membresias.csv;201;"fecha_pago reparada de 01-09-25 a 2025-09-01"
203;pagos_membresias.csv;202;"fecha_vencimiento reparada de 05-10-25 a 2025-10-05"
203;pagos_membresias.csv;202;"fecha_pago reparada de 04-10-25 a 2025-10-04"
204;pagos_membresias.csv;203;"fecha_vencimiento reparada de 05-11-25 a 2025-11-05"
205;pagos_membresias.csv;204;"fecha_vencimiento reparada de 05-12-25 a 2025-12-05"
206;pagos_membresias.csv;205;"fecha_vencimiento reparada de 05-01-25 a 2025-01-05"
206;pagos_membresias.csv;205;"fecha_pago reparada de 03-01-25 a 2025-01-03"
207;pagos_membresias.csv;206;"fecha_vencimiento reparada de 05-02-25 a 2025-02-05"
207;pagos_membresias.csv;206;"fecha_pago reparada de 01-02-25 a 2025-02-01"
208;pagos_membresias.csv;207;"fecha_vencimiento reparada de 05-03-25 a 2025-03-05"
208;pagos_membresias.csv;207;"fecha_pago reparada de 05-03-25 a 2025-03-05"
209;pagos_membresias.csv;208;"fecha_vencimiento reparada de 05-04-25 a 2025-04-05"
209;pagos_membresias.csv;208;"fecha_pago reparada de 02-04-25 a 2025-04-02"
210;pagos_membresias.csv;209;"fecha_vencimiento reparada de 05-05-25 a 2025-05-05"
210;pagos_membresias.csv;209;"fecha_pago reparada de 04-05-25 a 2025-05-04"
211;pagos_membresias.csv;210;"fecha_vencimiento reparada de 05-06-25 a 2025-06-05"
211;pagos_membresias.csv;210;"fecha_pago reparada de 01-06-25 a 2025-06-01"
212;pagos_membresias.csv;211;"fecha_vencimiento reparada de 05-07-25 a 2025-07-05"
212;pagos_membresias.csv;211;"fecha_pago reparada de 05-07-25 a 2025-07-05"
213;pagos_membresias.csv;212;"fecha_vencimiento reparada de 05-08-25 a 2025-08-05"
213;pagos_membresias.csv;212;"fecha_pago reparada de 03-08-25 a 2025-08-03"
214;pagos_membresias.csv;213;"fecha_vencimiento reparada de 05-09-25 a 2025-09-05"
214;pagos_membresias.csv;213;"fecha_pago reparada de 05-09-25 a 2025-09-05"
215;pagos_membresias.csv;214;"fecha_vencimiento reparada de 05-10-25 a 2025-10-05"
215;pagos_membresias.csv;214;"fecha_pago reparada de 01-10-25 a 2025-10-01"
216;pagos_membresias.csv;215;"fecha_vencimiento reparada de 05-11-25 a 2025-11-05"
217;pagos_membresias.csv;216;"fecha_vencimiento reparada de 05-12-25 a 2025-12-05"
218;pagos_membresias.csv;217;"fecha_vencimiento reparada de 05-01-25 a 2025-01-05"
218;pagos_membresias.csv;217;"fecha_pago reparada de 04-01-25 a 2025-01-04"
219;pagos_membresias.csv;218;"fecha_vencimiento reparada de 05-02-25 a 2025-02-05"
219;pagos_membresias.csv;218;"fecha_pago reparada de 05-02-25 a 2025-02-05"
220;pagos_membresias.csv;219;"fecha_vencimiento reparada de 05-03-25 a 2025-03-05"
220;pagos_membresias.csv;219;"fecha_pago reparada de 03-03-25 a 2025-03-03"
221;pagos_membresias.csv;220;"fecha_vencimiento reparada de 05-04-25 a 2025-04-05"
221;pagos_membresias.csv;220;"fecha_pago reparada de 03-04-25 a 2025-04-03"
222;pagos_membresias.csv;221;"fecha_vencimiento reparada de 05-05-25 a 2025-05-05"
222;pagos_membresias.csv;221;"fecha_pago reparada de 01-05-25 a 2025-05-01"
223;pagos_membresias.csv;222;"fecha_vencimiento reparada de 05-06-25 a 2025-06-05"
223;pagos_membresias.csv;222;"fecha_pago reparada de 04-06-25 a 2025-06-04"
224;pagos_membresias.csv;223;"fecha_vencimiento reparada de 05-07-25 a 2025-07-05"
224;pagos_membresias.csv;223;"fecha_pago reparada de 02-07-25 a 2025-07-02"
225;pagos_membresias.csv;224;"fecha_vencimiento reparada de 05-08-25 a 2025-08-05"
225;pagos_membresias.csv;224;"fecha_pago reparada de 05-08-25 a 2025-08-05"
226;pagos_membresias.csv;225;"fecha_vencimiento reparada de 05-09-25 a 2025-09-05"
226;pagos_membresias.csv;225;"fecha_pago reparada de 01-09-25 a 2025-09-01"
227;pagos_membresias.csv;226;"fecha_vencimiento reparada de 05-10-25 a 2025-10-05"
227;pagos_membresias.csv;226;"fecha_pago reparada de 04-10-25 a 2025-10-04"
228;pagos_membresias.csv;227;"fecha_vencimiento reparada de 05-11-25 a 2025-11-05"
229;pagos_membresias.csv;228;"fecha_vencimiento reparada de 05-12-25 a 2025-12-05"
230;pagos_membresias.csv;229;"fecha_vencimiento reparada de 05-01-25 a 2025-01-05"
230;pagos_membresias.csv;229;"fecha_pago reparada de 03-01-25 a 2025-01-03"
230;pagos_membresias.csv;229;"Fila enviada a ERR: run_socio_titular no es valido"
231;pagos_membresias.csv;230;"fecha_vencimiento reparada de 05-02-25 a 2025-02-05"
231;pagos_membresias.csv;230;"fecha_pago reparada de 01-02-25 a 2025-02-01"
231;pagos_membresias.csv;230;"Fila enviada a ERR: run_socio_titular no es valido"
232;pagos_membresias.csv;231;"fecha_vencimiento reparada de 05-03-25 a 2025-03-05"
232;pagos_membresias.csv;231;"fecha_pago reparada de 05-03-25 a 2025-03-05"
232;pagos_membresias.csv;231;"Fila enviada a ERR: run_socio_titular no es valido"
233;pagos_membresias.csv;232;"fecha_vencimiento reparada de 05-04-25 a 2025-04-05"
233;pagos_membresias.csv;232;"fecha_pago reparada de 02-04-25 a 2025-04-02"
233;pagos_membresias.csv;232;"Fila enviada a ERR: run_socio_titular no es valido"
234;pagos_membresias.csv;233;"fecha_vencimiento reparada de 05-05-25 a 2025-05-05"
234;pagos_membresias.csv;233;"fecha_pago reparada de 04-05-25 a 2025-05-04"
234;pagos_membresias.csv;233;"Fila enviada a ERR: run_socio_titular no es valido"
235;pagos_membresias.csv;234;"fecha_vencimiento reparada de 05-06-25 a 2025-06-05"
235;pagos_membresias.csv;234;"fecha_pago reparada de 01-06-25 a 2025-06-01"
235;pagos_membresias.csv;234;"Fila enviada a ERR: run_socio_titular no es valido"
236;pagos_membresias.csv;235;"fecha_vencimiento reparada de 05-07-25 a 2025-07-05"
236;pagos_membresias.csv;235;"fecha_pago reparada de 05-07-25 a 2025-07-05"
236;pagos_membresias.csv;235;"Fila enviada a ERR: run_socio_titular no es valido"
237;pagos_membresias.csv;236;"fecha_vencimiento reparada de 05-08-25 a 2025-08-05"
237;pagos_membresias.csv;236;"fecha_pago reparada de 03-08-25 a 2025-08-03"
237;pagos_membresias.csv;236;"Fila enviada a ERR: run_socio_titular no es valido"
238;pagos_membresias.csv;237;"fecha_vencimiento reparada de 05-09-25 a 2025-09-05"
238;pagos_membresias.csv;237;"fecha_pago reparada de 05-09-25 a 2025-09-05"
238;pagos_membresias.csv;237;"Fila enviada a ERR: run_socio_titular no es valido"
239;pagos_membresias.csv;238;"fecha_vencimiento reparada de 05-10-25 a 2025-10-05"
239;pagos_membresias.csv;238;"fecha_pago reparada de 01-10-25 a 2025-10-01"
239;pagos_membresias.csv;238;"Fila enviada a ERR: run_socio_titular no es valido"
240;pagos_membresias.csv;239;"fecha_vencimiento reparada de 05-11-25 a 2025-11-05"
240;pagos_membresias.csv;239;"Fila enviada a ERR: run_socio_titular no es valido"
241;pagos_membresias.csv;240;"fecha_vencimiento reparada de 05-12-25 a 2025-12-05"
241;pagos_membresias.csv;240;"Fila enviada a ERR: run_socio_titular no es valido"
242;pagos_membresias.csv;241;"fecha_vencimiento reparada de 05-01-25 a 2025-01-05"
242;pagos_membresias.csv;241;"fecha_pago reparada de 04-01-25 a 2025-01-04"
242;pagos_membresias.csv;241;"Fila enviada a ERR: run_socio_titular no es valido"
243;pagos_membresias.csv;242;"fecha_vencimiento reparada de 05-02-25 a 2025-02-05"
243;pagos_membresias.csv;242;"fecha_pago reparada de 05-02-25 a 2025-02-05"
243;pagos_membresias.csv;242;"Fila enviada a ERR: run_socio_titular no es valido"
244;pagos_membresias.csv;243;"fecha_vencimiento reparada de 05-03-25 a 2025-03-05"
244;pagos_membresias.csv;243;"fecha_pago reparada de 03-03-25 a 2025-03-03"
244;pagos_membresias.csv;243;"Fila enviada a ERR: run_socio_titular no es valido"
245;pagos_membresias.csv;244;"fecha_vencimiento reparada de 05-04-25 a 2025-04-05"
245;pagos_membresias.csv;244;"fecha_pago reparada de 03-04-25 a 2025-04-03"
245;pagos_membresias.csv;244;"Fila enviada a ERR: run_socio_titular no es valido"
246;pagos_membresias.csv;245;"fecha_vencimiento reparada de 05-05-25 a 2025-05-05"
246;pagos_membresias.csv;245;"fecha_pago reparada de 01-05-25 a 2025-05-01"
246;pagos_membresias.csv;245;"Fila enviada a ERR: run_socio_titular no es valido"
247;pagos_membresias.csv;246;"fecha_vencimiento reparada de 05-06-25 a 2025-06-05"
247;pagos_membresias.csv;246;"fecha_pago reparada de 04-06-25 a 2025-06-04"
247;pagos_membresias.csv;246;"Fila enviada a ERR: run_socio_titular no es valido"
248;pagos_membresias.csv;247;"fecha_vencimiento reparada de 05-07-25 a 2025-07-05"
248;pagos_membresias.csv;247;"fecha_pago reparada de 02-07-25 a 2025-07-02"
248;pagos_membresias.csv;247;"Fila enviada a ERR: run_socio_titular no es valido"
249;pagos_membresias.csv;248;"fecha_vencimiento reparada de 05-08-25 a 2025-08-05"
249;pagos_membresias.csv;248;"fecha_pago reparada de 05-08-25 a 2025-08-05"
249;pagos_membresias.csv;248;"Fila enviada a ERR: run_socio_titular no es valido"
250;pagos_membresias.csv;249;"fecha_vencimiento reparada de 05-09-25 a 2025-09-05"
250;pagos_membresias.csv;249;"fecha_pago reparada de 01-09-25 a 2025-09-01"
250;pagos_membresias.csv;249;"Fila enviada a ERR: run_socio_titular no es valido"
251;pagos_membresias.csv;250;"fecha_vencimiento reparada de 05-10-25 a 2025-10-05"
251;pagos_membresias.csv;250;"fecha_pago reparada de 04-10-25 a 2025-10-04"
251;pagos_membresias.csv;250;"Fila enviada a ERR: run_socio_titular no es valido"
252;pagos_membresias.csv;251;"fecha_vencimiento reparada de 05-11-25 a 2025-11-05"
252;pagos_membresias.csv;251;"Fila enviada a ERR: run_socio_titular no es valido"
253;pagos_membresias.csv;252;"fecha_vencimiento reparada de 05-12-25 a 2025-12-05"
253;pagos_membresias.csv;252;"Fila enviada a ERR: run_socio_titular no es valido"
254;pagos_membresias.csv;253;"fecha_vencimiento reparada de 05-01-25 a 2025-01-05"
254;pagos_membresias.csv;253;"fecha_pago reparada de 03-01-25 a 2025-01-03"
254;pagos_membresias.csv;253;"Fila enviada a ERR: run_socio_titular no es valido"
255;pagos_membresias.csv;254;"fecha_vencimiento reparada de 05-02-25 a 2025-02-05"
255;pagos_membresias.csv;254;"fecha_pago reparada de 01-02-25 a 2025-02-01"
255;pagos_membresias.csv;254;"Fila enviada a ERR: run_socio_titular no es valido"
256;pagos_membresias.csv;255;"fecha_vencimiento reparada de 05-03-25 a 2025-03-05"
256;pagos_membresias.csv;255;"fecha_pago reparada de 05-03-25 a 2025-03-05"
256;pagos_membresias.csv;255;"Fila enviada a ERR: run_socio_titular no es valido"
257;pagos_membresias.csv;256;"fecha_vencimiento reparada de 05-04-25 a 2025-04-05"
257;pagos_membresias.csv;256;"fecha_pago reparada de 02-04-25 a 2025-04-02"
257;pagos_membresias.csv;256;"Fila enviada a ERR: run_socio_titular no es valido"
258;pagos_membresias.csv;257;"fecha_vencimiento reparada de 05-05-25 a 2025-05-05"
258;pagos_membresias.csv;257;"fecha_pago reparada de 04-05-25 a 2025-05-04"
258;pagos_membresias.csv;257;"Fila enviada a ERR: run_socio_titular no es valido"
259;pagos_membresias.csv;258;"fecha_vencimiento reparada de 05-06-25 a 2025-06-05"
259;pagos_membresias.csv;258;"fecha_pago reparada de 01-06-25 a 2025-06-01"
259;pagos_membresias.csv;258;"Fila enviada a ERR: run_socio_titular no es valido"
260;pagos_membresias.csv;259;"fecha_vencimiento reparada de 05-07-25 a 2025-07-05"
260;pagos_membresias.csv;259;"fecha_pago reparada de 05-07-25 a 2025-07-05"
260;pagos_membresias.csv;259;"Fila enviada a ERR: run_socio_titular no es valido"
261;pagos_membresias.csv;260;"fecha_vencimiento reparada de 05-08-25 a 2025-08-05"
261;pagos_membresias.csv;260;"fecha_pago reparada de 03-08-25 a 2025-08-03"
261;pagos_membresias.csv;260;"Fila enviada a ERR: run_socio_titular no es valido"
262;pagos_membresias.csv;261;"fecha_vencimiento reparada de 05-09-25 a 2025-09-05"
262;pagos_membresias.csv;261;"fecha_pago reparada de 05-09-25 a 2025-09-05"
262;pagos_membresias.csv;261;"Fila enviada a ERR: run_socio_titular no es valido"
263;pagos_membresias.csv;262;"fecha_vencimiento reparada de 05-10-25 a 2025-10-05"
263;pagos_membresias.csv;262;"fecha_pago reparada de 01-10-25 a 2025-10-01"
263;pagos_membresias.csv;262;"Fila enviada a ERR: run_socio_titular no es valido"
264;pagos_membresias.csv;263;"fecha_vencimiento reparada de 05-11-25 a 2025-11-05"
264;pagos_membresias.csv;263;"Fila enviada a ERR: run_socio_titular no es valido"
265;pagos_membresias.csv;264;"fecha_vencimiento reparada de 05-12-25 a 2025-12-05"
265;pagos_membresias.csv;264;"Fila enviada a ERR: run_socio_titular no es valido"
266;pagos_membresias.csv;265;"fecha_vencimiento reparada de 05-01-25 a 2025-01-05"
266;pagos_membresias.csv;265;"fecha_pago reparada de 04-01-25 a 2025-01-04"
267;pagos_membresias.csv;266;"fecha_vencimiento reparada de 05-02-25 a 2025-02-05"
267;pagos_membresias.csv;266;"fecha_pago reparada de 05-02-25 a 2025-02-05"
268;pagos_membresias.csv;267;"fecha_vencimiento reparada de 05-03-25 a 2025-03-05"
268;pagos_membresias.csv;267;"fecha_pago reparada de 03-03-25 a 2025-03-03"
269;pagos_membresias.csv;268;"fecha_vencimiento reparada de 05-04-25 a 2025-04-05"
269;pagos_membresias.csv;268;"fecha_pago reparada de 03-04-25 a 2025-04-03"
270;pagos_membresias.csv;269;"fecha_vencimiento reparada de 05-05-25 a 2025-05-05"
270;pagos_membresias.csv;269;"fecha_pago reparada de 01-05-25 a 2025-05-01"
271;pagos_membresias.csv;270;"fecha_vencimiento reparada de 05-06-25 a 2025-06-05"
271;pagos_membresias.csv;270;"fecha_pago reparada de 04-06-25 a 2025-06-04"
272;pagos_membresias.csv;271;"fecha_vencimiento reparada de 05-07-25 a 2025-07-05"
272;pagos_membresias.csv;271;"fecha_pago reparada de 02-07-25 a 2025-07-02"
273;pagos_membresias.csv;272;"fecha_vencimiento reparada de 05-08-25 a 2025-08-05"
273;pagos_membresias.csv;272;"fecha_pago reparada de 05-08-25 a 2025-08-05"
274;pagos_membresias.csv;273;"fecha_vencimiento reparada de 05-09-25 a 2025-09-05"
274;pagos_membresias.csv;273;"fecha_pago reparada de 01-09-25 a 2025-09-01"
275;pagos_membresias.csv;274;"fecha_vencimiento reparada de 05-10-25 a 2025-10-05"
275;pagos_membresias.csv;274;"fecha_pago reparada de 04-10-25 a 2025-10-04"
276;pagos_membresias.csv;275;"fecha_vencimiento reparada de 05-11-25 a 2025-11-05"
277;pagos_membresias.csv;276;"fecha_vencimiento reparada de 05-12-25 a 2025-12-05"
278;pagos_membresias.csv;277;"fecha_vencimiento reparada de 05-01-25 a 2025-01-05"
278;pagos_membresias.csv;277;"fecha_pago reparada de 03-01-25 a 2025-01-03"
279;pagos_membresias.csv;278;"fecha_vencimiento reparada de 05-02-25 a 2025-02-05"
279;pagos_membresias.csv;278;"fecha_pago reparada de 01-02-25 a 2025-02-01"
280;pagos_membresias.csv;279;"fecha_vencimiento reparada de 05-03-25 a 2025-03-05"
280;pagos_membresias.csv;279;"fecha_pago reparada de 05-03-25 a 2025-03-05"
281;pagos_membresias.csv;280;"fecha_vencimiento reparada de 05-04-25 a 2025-04-05"
281;pagos_membresias.csv;280;"fecha_pago reparada de 02-04-25 a 2025-04-02"
282;pagos_membresias.csv;281;"fecha_vencimiento reparada de 05-05-25 a 2025-05-05"
282;pagos_membresias.csv;281;"fecha_pago reparada de 04-05-25 a 2025-05-04"
283;pagos_membresias.csv;282;"fecha_vencimiento reparada de 05-06-25 a 2025-06-05"
283;pagos_membresias.csv;282;"fecha_pago reparada de 01-06-25 a 2025-06-01"
284;pagos_membresias.csv;283;"fecha_vencimiento reparada de 05-07-25 a 2025-07-05"
284;pagos_membresias.csv;283;"fecha_pago reparada de 05-07-25 a 2025-07-05"
285;pagos_membresias.csv;284;"fecha_vencimiento reparada de 05-08-25 a 2025-08-05"
285;pagos_membresias.csv;284;"fecha_pago reparada de 03-08-25 a 2025-08-03"
286;pagos_membresias.csv;285;"fecha_vencimiento reparada de 05-09-25 a 2025-09-05"
286;pagos_membresias.csv;285;"fecha_pago reparada de 05-09-25 a 2025-09-05"
287;pagos_membresias.csv;286;"fecha_vencimiento reparada de 05-10-25 a 2025-10-05"
287;pagos_membresias.csv;286;"fecha_pago reparada de 01-10-25 a 2025-10-01"
288;pagos_membresias.csv;287;"fecha_vencimiento reparada de 05-11-25 a 2025-11-05"
289;pagos_membresias.csv;288;"fecha_vencimiento reparada de 05-12-25 a 2025-12-05"
290;pagos_membresias.csv;289;"fecha_vencimiento reparada de 05-01-25 a 2025-01-05"
290;pagos_membresias.csv;289;"fecha_pago reparada de 04-01-25 a 2025-01-04"
291;pagos_membresias.csv;290;"fecha_vencimiento reparada de 05-02-25 a 2025-02-05"
291;pagos_membresias.csv;290;"fecha_pago reparada de 05-02-25 a 2025-02-05"
292;pagos_membresias.csv;291;"fecha_vencimiento reparada de 05-03-25 a 2025-03-05"
292;pagos_membresias.csv;291;"fecha_pago reparada de 03-03-25 a 2025-03-03"
293;pagos_membresias.csv;292;"fecha_vencimiento reparada de 05-04-25 a 2025-04-05"
293;pagos_membresias.csv;292;"fecha_pago reparada de 03-04-25 a 2025-04-03"
294;pagos_membresias.csv;293;"fecha_vencimiento reparada de 05-05-25 a 2025-05-05"
294;pagos_membresias.csv;293;"fecha_pago reparada de 01-05-25 a 2025-05-01"
295;pagos_membresias.csv;294;"fecha_vencimiento reparada de 05-06-25 a 2025-06-05"
295;pagos_membresias.csv;294;"fecha_pago reparada de 04-06-25 a 2025-06-04"
296;pagos_membresias.csv;295;"fecha_vencimiento reparada de 05-07-25 a 2025-07-05"
296;pagos_membresias.csv;295;"fecha_pago reparada de 02-07-25 a 2025-07-02"
297;pagos_membresias.csv;296;"fecha_vencimiento reparada de 05-08-25 a 2025-08-05"
297;pagos_membresias.csv;296;"fecha_pago reparada de 05-08-25 a 2025-08-05"
298;pagos_membresias.csv;297;"fecha_vencimiento reparada de 05-09-25 a 2025-09-05"
298;pagos_membresias.csv;297;"fecha_pago reparada de 01-09-25 a 2025-09-01"
299;pagos_membresias.csv;298;"fecha_vencimiento reparada de 05-10-25 a 2025-10-05"
299;pagos_membresias.csv;298;"fecha_pago reparada de 04-10-25 a 2025-10-04"
300;pagos_membresias.csv;299;"fecha_vencimiento reparada de 05-11-25 a 2025-11-05"
301;pagos_membresias.csv;300;"fecha_vencimiento reparada de 05-12-25 a 2025-12-05"
302;pagos_membresias.csv;301;"fecha_vencimiento reparada de 05-01-25 a 2025-01-05"
302;pagos_membresias.csv;301;"fecha_pago reparada de 03-01-25 a 2025-01-03"
302;pagos_membresias.csv;301;"Fila enviada a ERR: run_socio_titular no es valido"
303;pagos_membresias.csv;302;"fecha_vencimiento reparada de 05-02-25 a 2025-02-05"
303;pagos_membresias.csv;302;"fecha_pago reparada de 01-02-25 a 2025-02-01"
303;pagos_membresias.csv;302;"Fila enviada a ERR: run_socio_titular no es valido"
304;pagos_membresias.csv;303;"fecha_vencimiento reparada de 05-03-25 a 2025-03-05"
304;pagos_membresias.csv;303;"fecha_pago reparada de 05-03-25 a 2025-03-05"
304;pagos_membresias.csv;303;"Fila enviada a ERR: run_socio_titular no es valido"
305;pagos_membresias.csv;304;"fecha_vencimiento reparada de 05-04-25 a 2025-04-05"
305;pagos_membresias.csv;304;"fecha_pago reparada de 02-04-25 a 2025-04-02"
305;pagos_membresias.csv;304;"Fila enviada a ERR: run_socio_titular no es valido"
306;pagos_membresias.csv;305;"fecha_vencimiento reparada de 05-05-25 a 2025-05-05"
306;pagos_membresias.csv;305;"fecha_pago reparada de 04-05-25 a 2025-05-04"
306;pagos_membresias.csv;305;"Fila enviada a ERR: run_socio_titular no es valido"
307;pagos_membresias.csv;306;"fecha_vencimiento reparada de 05-06-25 a 2025-06-05"
307;pagos_membresias.csv;306;"fecha_pago reparada de 01-06-25 a 2025-06-01"
307;pagos_membresias.csv;306;"Fila enviada a ERR: run_socio_titular no es valido"
308;pagos_membresias.csv;307;"fecha_vencimiento reparada de 05-07-25 a 2025-07-05"
308;pagos_membresias.csv;307;"fecha_pago reparada de 05-07-25 a 2025-07-05"
308;pagos_membresias.csv;307;"Fila enviada a ERR: run_socio_titular no es valido"
309;pagos_membresias.csv;308;"fecha_vencimiento reparada de 05-08-25 a 2025-08-05"
309;pagos_membresias.csv;308;"fecha_pago reparada de 03-08-25 a 2025-08-03"
309;pagos_membresias.csv;308;"Fila enviada a ERR: run_socio_titular no es valido"
310;pagos_membresias.csv;309;"fecha_vencimiento reparada de 05-09-25 a 2025-09-05"
310;pagos_membresias.csv;309;"fecha_pago reparada de 05-09-25 a 2025-09-05"
310;pagos_membresias.csv;309;"Fila enviada a ERR: run_socio_titular no es valido"
311;pagos_membresias.csv;310;"fecha_vencimiento reparada de 05-10-25 a 2025-10-05"
311;pagos_membresias.csv;310;"fecha_pago reparada de 01-10-25 a 2025-10-01"
311;pagos_membresias.csv;310;"Fila enviada a ERR: run_socio_titular no es valido"
312;pagos_membresias.csv;311;"fecha_vencimiento reparada de 05-11-25 a 2025-11-05"
312;pagos_membresias.csv;311;"Fila enviada a ERR: run_socio_titular no es valido"
313;pagos_membresias.csv;312;"fecha_vencimiento reparada de 05-12-25 a 2025-12-05"
313;pagos_membresias.csv;312;"Fila enviada a ERR: run_socio_titular no es valido"
314;pagos_membresias.csv;313;"fecha_vencimiento reparada de 05-01-25 a 2025-01-05"
314;pagos_membresias.csv;313;"fecha_pago reparada de 04-01-25 a 2025-01-04"
314;pagos_membresias.csv;313;"Fila enviada a ERR: run_socio_titular no es valido"
315;pagos_membresias.csv;314;"fecha_vencimiento reparada de 05-02-25 a 2025-02-05"
315;pagos_membresias.csv;314;"fecha_pago reparada de 05-02-25 a 2025-02-05"
315;pagos_membresias.csv;314;"Fila enviada a ERR: run_socio_titular no es valido"
316;pagos_membresias.csv;315;"fecha_vencimiento reparada de 05-03-25 a 2025-03-05"
316;pagos_membresias.csv;315;"fecha_pago reparada de 03-03-25 a 2025-03-03"
316;pagos_membresias.csv;315;"Fila enviada a ERR: run_socio_titular no es valido"
317;pagos_membresias.csv;316;"fecha_vencimiento reparada de 05-04-25 a 2025-04-05"
317;pagos_membresias.csv;316;"fecha_pago reparada de 03-04-25 a 2025-04-03"
317;pagos_membresias.csv;316;"Fila enviada a ERR: run_socio_titular no es valido"
318;pagos_membresias.csv;317;"fecha_vencimiento reparada de 05-05-25 a 2025-05-05"
318;pagos_membresias.csv;317;"fecha_pago reparada de 01-05-25 a 2025-05-01"
318;pagos_membresias.csv;317;"Fila enviada a ERR: run_socio_titular no es valido"
319;pagos_membresias.csv;318;"fecha_vencimiento reparada de 05-06-25 a 2025-06-05"
319;pagos_membresias.csv;318;"fecha_pago reparada de 04-06-25 a 2025-06-04"
319;pagos_membresias.csv;318;"Fila enviada a ERR: run_socio_titular no es valido"
320;pagos_membresias.csv;319;"fecha_vencimiento reparada de 05-07-25 a 2025-07-05"
320;pagos_membresias.csv;319;"fecha_pago reparada de 02-07-25 a 2025-07-02"
320;pagos_membresias.csv;319;"Fila enviada a ERR: run_socio_titular no es valido"
321;pagos_membresias.csv;320;"fecha_vencimiento reparada de 05-08-25 a 2025-08-05"
321;pagos_membresias.csv;320;"fecha_pago reparada de 05-08-25 a 2025-08-05"
321;pagos_membresias.csv;320;"Fila enviada a ERR: run_socio_titular no es valido"
322;pagos_membresias.csv;321;"fecha_vencimiento reparada de 05-09-25 a 2025-09-05"
322;pagos_membresias.csv;321;"fecha_pago reparada de 01-09-25 a 2025-09-01"
322;pagos_membresias.csv;321;"Fila enviada a ERR: run_socio_titular no es valido"
323;pagos_membresias.csv;322;"fecha_vencimiento reparada de 05-10-25 a 2025-10-05"
323;pagos_membresias.csv;322;"fecha_pago reparada de 04-10-25 a 2025-10-04"
323;pagos_membresias.csv;322;"Fila enviada a ERR: run_socio_titular no es valido"
324;pagos_membresias.csv;323;"fecha_vencimiento reparada de 05-11-25 a 2025-11-05"
324;pagos_membresias.csv;323;"Fila enviada a ERR: run_socio_titular no es valido"
325;pagos_membresias.csv;324;"fecha_vencimiento reparada de 05-12-25 a 2025-12-05"
325;pagos_membresias.csv;324;"Fila enviada a ERR: run_socio_titular no es valido"
326;pagos_membresias.csv;325;"fecha_vencimiento reparada de 05-01-25 a 2025-01-05"
326;pagos_membresias.csv;325;"fecha_pago reparada de 03-01-25 a 2025-01-03"
326;pagos_membresias.csv;325;"Fila enviada a ERR: run_socio_titular no es valido"
327;pagos_membresias.csv;326;"fecha_vencimiento reparada de 05-02-25 a 2025-02-05"
327;pagos_membresias.csv;326;"fecha_pago reparada de 01-02-25 a 2025-02-01"
327;pagos_membresias.csv;326;"Fila enviada a ERR: run_socio_titular no es valido"
328;pagos_membresias.csv;327;"fecha_vencimiento reparada de 05-03-25 a 2025-03-05"
328;pagos_membresias.csv;327;"fecha_pago reparada de 05-03-25 a 2025-03-05"
328;pagos_membresias.csv;327;"Fila enviada a ERR: run_socio_titular no es valido"
329;pagos_membresias.csv;328;"fecha_vencimiento reparada de 05-04-25 a 2025-04-05"
329;pagos_membresias.csv;328;"fecha_pago reparada de 02-04-25 a 2025-04-02"
329;pagos_membresias.csv;328;"Fila enviada a ERR: run_socio_titular no es valido"
330;pagos_membresias.csv;329;"fecha_vencimiento reparada de 05-05-25 a 2025-05-05"
330;pagos_membresias.csv;329;"fecha_pago reparada de 04-05-25 a 2025-05-04"
330;pagos_membresias.csv;329;"Fila enviada a ERR: run_socio_titular no es valido"
331;pagos_membresias.csv;330;"fecha_vencimiento reparada de 05-06-25 a 2025-06-05"
331;pagos_membresias.csv;330;"fecha_pago reparada de 01-06-25 a 2025-06-01"
331;pagos_membresias.csv;330;"Fila enviada a ERR: run_socio_titular no es valido"
332;pagos_membresias.csv;331;"fecha_vencimiento reparada de 05-07-25 a 2025-07-05"
332;pagos_membresias.csv;331;"fecha_pago reparada de 05-07-25 a 2025-07-05"
332;pagos_membresias.csv;331;"Fila enviada a ERR: run_socio_titular no es valido"
333;pagos_membresias.csv;332;"fecha_vencimiento reparada de 05-08-25 a 2025-08-05"
333;pagos_membresias.csv;332;"fecha_pago reparada de 03-08-25 a 2025-08-03"
333;pagos_membresias.csv;332;"Fila enviada a ERR: run_socio_titular no es valido"
334;pagos_membresias.csv;333;"fecha_vencimiento reparada de 05-09-25 a 2025-09-05"
334;pagos_membresias.csv;333;"fecha_pago reparada de 05-09-25 a 2025-09-05"
334;pagos_membresias.csv;333;"Fila enviada a ERR: run_socio_titular no es valido"
335;pagos_membresias.csv;334;"fecha_vencimiento reparada de 05-10-25 a 2025-10-05"
335;pagos_membresias.csv;334;"fecha_pago reparada de 01-10-25 a 2025-10-01"
335;pagos_membresias.csv;334;"Fila enviada a ERR: run_socio_titular no es valido"
336;pagos_membresias.csv;335;"fecha_vencimiento reparada de 05-11-25 a 2025-11-05"
336;pagos_membresias.csv;335;"Fila enviada a ERR: run_socio_titular no es valido"
337;pagos_membresias.csv;336;"fecha_vencimiento reparada de 05-12-25 a 2025-12-05"
337;pagos_membresias.csv;336;"Fila enviada a ERR: run_socio_titular no es valido"
338;pagos_membresias.csv;337;"fecha_vencimiento reparada de 05-01-25 a 2025-01-05"
338;pagos_membresias.csv;337;"fecha_pago reparada de 04-01-25 a 2025-01-04"
338;pagos_membresias.csv;337;"Fila enviada a ERR: run_socio_titular no es valido"
339;pagos_membresias.csv;338;"fecha_vencimiento reparada de 05-02-25 a 2025-02-05"
339;pagos_membresias.csv;338;"fecha_pago reparada de 05-02-25 a 2025-02-05"
339;pagos_membresias.csv;338;"Fila enviada a ERR: run_socio_titular no es valido"
340;pagos_membresias.csv;339;"fecha_vencimiento reparada de 05-03-25 a 2025-03-05"
340;pagos_membresias.csv;339;"fecha_pago reparada de 03-03-25 a 2025-03-03"
340;pagos_membresias.csv;339;"Fila enviada a ERR: run_socio_titular no es valido"
341;pagos_membresias.csv;340;"fecha_vencimiento reparada de 05-04-25 a 2025-04-05"
341;pagos_membresias.csv;340;"fecha_pago reparada de 03-04-25 a 2025-04-03"
341;pagos_membresias.csv;340;"Fila enviada a ERR: run_socio_titular no es valido"
342;pagos_membresias.csv;341;"fecha_vencimiento reparada de 05-05-25 a 2025-05-05"
342;pagos_membresias.csv;341;"fecha_pago reparada de 01-05-25 a 2025-05-01"
342;pagos_membresias.csv;341;"Fila enviada a ERR: run_socio_titular no es valido"
343;pagos_membresias.csv;342;"fecha_vencimiento reparada de 05-06-25 a 2025-06-05"
343;pagos_membresias.csv;342;"fecha_pago reparada de 04-06-25 a 2025-06-04"
343;pagos_membresias.csv;342;"Fila enviada a ERR: run_socio_titular no es valido"
344;pagos_membresias.csv;343;"fecha_vencimiento reparada de 05-07-25 a 2025-07-05"
344;pagos_membresias.csv;343;"fecha_pago reparada de 02-07-25 a 2025-07-02"
344;pagos_membresias.csv;343;"Fila enviada a ERR: run_socio_titular no es valido"
345;pagos_membresias.csv;344;"fecha_vencimiento reparada de 05-08-25 a 2025-08-05"
345;pagos_membresias.csv;344;"fecha_pago reparada de 05-08-25 a 2025-08-05"
345;pagos_membresias.csv;344;"Fila enviada a ERR: run_socio_titular no es valido"
346;pagos_membresias.csv;345;"fecha_vencimiento reparada de 05-09-25 a 2025-09-05"
346;pagos_membresias.csv;345;"fecha_pago reparada de 01-09-25 a 2025-09-01"
346;pagos_membresias.csv;345;"Fila enviada a ERR: run_socio_titular no es valido"
347;pagos_membresias.csv;346;"fecha_vencimiento reparada de 05-10-25 a 2025-10-05"
347;pagos_membresias.csv;346;"fecha_pago reparada de 04-10-25 a 2025-10-04"
347;pagos_membresias.csv;346;"Fila enviada a ERR: run_socio_titular no es valido"
348;pagos_membresias.csv;347;"fecha_vencimiento reparada de 05-11-25 a 2025-11-05"
348;pagos_membresias.csv;347;"Fila enviada a ERR: run_socio_titular no es valido"
349;pagos_membresias.csv;348;"fecha_vencimiento reparada de 05-12-25 a 2025-12-05"
349;pagos_membresias.csv;348;"Fila enviada a ERR: run_socio_titular no es valido"
350;pagos_membresias.csv;349;"fecha_vencimiento reparada de 05-01-25 a 2025-01-05"
350;pagos_membresias.csv;349;"fecha_pago reparada de 03-01-25 a 2025-01-03"
351;pagos_membresias.csv;350;"fecha_vencimiento reparada de 05-02-25 a 2025-02-05"
351;pagos_membresias.csv;350;"fecha_pago reparada de 01-02-25 a 2025-02-01"
352;pagos_membresias.csv;351;"fecha_vencimiento reparada de 05-03-25 a 2025-03-05"
352;pagos_membresias.csv;351;"fecha_pago reparada de 05-03-25 a 2025-03-05"
353;pagos_membresias.csv;352;"fecha_vencimiento reparada de 05-04-25 a 2025-04-05"
353;pagos_membresias.csv;352;"fecha_pago reparada de 02-04-25 a 2025-04-02"
354;pagos_membresias.csv;353;"fecha_vencimiento reparada de 05-05-25 a 2025-05-05"
354;pagos_membresias.csv;353;"fecha_pago reparada de 04-05-25 a 2025-05-04"
355;pagos_membresias.csv;354;"fecha_vencimiento reparada de 05-06-25 a 2025-06-05"
355;pagos_membresias.csv;354;"fecha_pago reparada de 01-06-25 a 2025-06-01"
356;pagos_membresias.csv;355;"fecha_vencimiento reparada de 05-07-25 a 2025-07-05"
356;pagos_membresias.csv;355;"fecha_pago reparada de 05-07-25 a 2025-07-05"
357;pagos_membresias.csv;356;"fecha_vencimiento reparada de 05-08-25 a 2025-08-05"
357;pagos_membresias.csv;356;"fecha_pago reparada de 03-08-25 a 2025-08-03"
358;pagos_membresias.csv;357;"fecha_vencimiento reparada de 05-09-25 a 2025-09-05"
358;pagos_membresias.csv;357;"fecha_pago reparada de 05-09-25 a 2025-09-05"
359;pagos_membresias.csv;358;"fecha_vencimiento reparada de 05-10-25 a 2025-10-05"
359;pagos_membresias.csv;358;"fecha_pago reparada de 01-10-25 a 2025-10-01"
360;pagos_membresias.csv;359;"fecha_vencimiento reparada de 05-11-25 a 2025-11-05"
361;pagos_membresias.csv;360;"fecha_vencimiento reparada de 05-12-25 a 2025-12-05"
362;pagos_membresias.csv;361;"fecha_vencimiento reparada de 05-01-25 a 2025-01-05"
362;pagos_membresias.csv;361;"fecha_pago reparada de 04-01-25 a 2025-01-04"
363;pagos_membresias.csv;362;"fecha_vencimiento reparada de 05-02-25 a 2025-02-05"
363;pagos_membresias.csv;362;"fecha_pago reparada de 05-02-25 a 2025-02-05"
364;pagos_membresias.csv;363;"fecha_vencimiento reparada de 05-03-25 a 2025-03-05"
364;pagos_membresias.csv;363;"fecha_pago reparada de 03-03-25 a 2025-03-03"
365;pagos_membresias.csv;364;"fecha_vencimiento reparada de 05-04-25 a 2025-04-05"
365;pagos_membresias.csv;364;"fecha_pago reparada de 03-04-25 a 2025-04-03"
366;pagos_membresias.csv;365;"fecha_vencimiento reparada de 05-05-25 a 2025-05-05"
366;pagos_membresias.csv;365;"fecha_pago reparada de 01-05-25 a 2025-05-01"
367;pagos_membresias.csv;366;"fecha_vencimiento reparada de 05-06-25 a 2025-06-05"
367;pagos_membresias.csv;366;"fecha_pago reparada de 04-06-25 a 2025-06-04"
368;pagos_membresias.csv;367;"fecha_vencimiento reparada de 05-07-25 a 2025-07-05"
368;pagos_membresias.csv;367;"fecha_pago reparada de 02-07-25 a 2025-07-02"
369;pagos_membresias.csv;368;"fecha_vencimiento reparada de 05-08-25 a 2025-08-05"
369;pagos_membresias.csv;368;"fecha_pago reparada de 05-08-25 a 2025-08-05"
370;pagos_membresias.csv;369;"fecha_vencimiento reparada de 05-09-25 a 2025-09-05"
370;pagos_membresias.csv;369;"fecha_pago reparada de 01-09-25 a 2025-09-01"
371;pagos_membresias.csv;370;"fecha_vencimiento reparada de 05-10-25 a 2025-10-05"
371;pagos_membresias.csv;370;"fecha_pago reparada de 04-10-25 a 2025-10-04"
372;pagos_membresias.csv;371;"fecha_vencimiento reparada de 05-11-25 a 2025-11-05"
373;pagos_membresias.csv;372;"fecha_vencimiento reparada de 05-12-25 a 2025-12-05"
374;pagos_membresias.csv;373;"fecha_vencimiento reparada de 05-01-25 a 2025-01-05"
374;pagos_membresias.csv;373;"fecha_pago reparada de 03-01-25 a 2025-01-03"
375;pagos_membresias.csv;374;"fecha_vencimiento reparada de 05-02-25 a 2025-02-05"
375;pagos_membresias.csv;374;"fecha_pago reparada de 01-02-25 a 2025-02-01"
376;pagos_membresias.csv;375;"fecha_vencimiento reparada de 05-03-25 a 2025-03-05"
376;pagos_membresias.csv;375;"fecha_pago reparada de 05-03-25 a 2025-03-05"
377;pagos_membresias.csv;376;"fecha_vencimiento reparada de 05-04-25 a 2025-04-05"
377;pagos_membresias.csv;376;"fecha_pago reparada de 02-04-25 a 2025-04-02"
378;pagos_membresias.csv;377;"fecha_vencimiento reparada de 05-05-25 a 2025-05-05"
378;pagos_membresias.csv;377;"fecha_pago reparada de 04-05-25 a 2025-05-04"
379;pagos_membresias.csv;378;"fecha_vencimiento reparada de 05-06-25 a 2025-06-05"
379;pagos_membresias.csv;378;"fecha_pago reparada de 01-06-25 a 2025-06-01"
380;pagos_membresias.csv;379;"fecha_vencimiento reparada de 05-07-25 a 2025-07-05"
380;pagos_membresias.csv;379;"fecha_pago reparada de 05-07-25 a 2025-07-05"
381;pagos_membresias.csv;380;"fecha_vencimiento reparada de 05-08-25 a 2025-08-05"
381;pagos_membresias.csv;380;"fecha_pago reparada de 03-08-25 a 2025-08-03"
382;pagos_membresias.csv;381;"fecha_vencimiento reparada de 05-09-25 a 2025-09-05"
382;pagos_membresias.csv;381;"fecha_pago reparada de 05-09-25 a 2025-09-05"
383;pagos_membresias.csv;382;"fecha_vencimiento reparada de 05-10-25 a 2025-10-05"
383;pagos_membresias.csv;382;"fecha_pago reparada de 01-10-25 a 2025-10-01"
384;pagos_membresias.csv;383;"fecha_vencimiento reparada de 05-11-25 a 2025-11-05"
385;pagos_membresias.csv;384;"fecha_vencimiento reparada de 05-12-25 a 2025-12-05"
386;pagos_membresias.csv;385;"fecha_vencimiento reparada de 05-01-25 a 2025-01-05"
386;pagos_membresias.csv;385;"fecha_pago reparada de 04-01-25 a 2025-01-04"
387;pagos_membresias.csv;386;"fecha_vencimiento reparada de 05-02-25 a 2025-02-05"
387;pagos_membresias.csv;386;"fecha_pago reparada de 05-02-25 a 2025-02-05"
388;pagos_membresias.csv;387;"fecha_vencimiento reparada de 05-03-25 a 2025-03-05"
388;pagos_membresias.csv;387;"fecha_pago reparada de 03-03-25 a 2025-03-03"
389;pagos_membresias.csv;388;"fecha_vencimiento reparada de 05-04-25 a 2025-04-05"
389;pagos_membresias.csv;388;"fecha_pago reparada de 03-04-25 a 2025-04-03"
390;pagos_membresias.csv;389;"fecha_vencimiento reparada de 05-05-25 a 2025-05-05"
390;pagos_membresias.csv;389;"fecha_pago reparada de 01-05-25 a 2025-05-01"
391;pagos_membresias.csv;390;"fecha_vencimiento reparada de 05-06-25 a 2025-06-05"
391;pagos_membresias.csv;390;"fecha_pago reparada de 04-06-25 a 2025-06-04"
392;pagos_membresias.csv;391;"fecha_vencimiento reparada de 05-07-25 a 2025-07-05"
392;pagos_membresias.csv;391;"fecha_pago reparada de 02-07-25 a 2025-07-02"
393;pagos_membresias.csv;392;"fecha_vencimiento reparada de 05-08-25 a 2025-08-05"
393;pagos_membresias.csv;392;"fecha_pago reparada de 05-08-25 a 2025-08-05"
394;pagos_membresias.csv;393;"fecha_vencimiento reparada de 05-09-25 a 2025-09-05"
394;pagos_membresias.csv;393;"fecha_pago reparada de 01-09-25 a 2025-09-01"
395;pagos_membresias.csv;394;"fecha_vencimiento reparada de 05-10-25 a 2025-10-05"
395;pagos_membresias.csv;394;"fecha_pago reparada de 04-10-25 a 2025-10-04"
396;pagos_membresias.csv;395;"fecha_vencimiento reparada de 05-11-25 a 2025-11-05"
397;pagos_membresias.csv;396;"fecha_vencimiento reparada de 05-12-25 a 2025-12-05"
398;pagos_membresias.csv;397;"fecha_vencimiento reparada de 05-01-25 a 2025-01-05"
398;pagos_membresias.csv;397;"fecha_pago reparada de 03-01-25 a 2025-01-03"
399;pagos_membresias.csv;398;"fecha_vencimiento reparada de 05-02-25 a 2025-02-05"
399;pagos_membresias.csv;398;"fecha_pago reparada de 01-02-25 a 2025-02-01"
400;pagos_membresias.csv;399;"fecha_vencimiento reparada de 05-03-25 a 2025-03-05"
400;pagos_membresias.csv;399;"fecha_pago reparada de 05-03-25 a 2025-03-05"
401;pagos_membresias.csv;400;"fecha_vencimiento reparada de 05-04-25 a 2025-04-05"
401;pagos_membresias.csv;400;"fecha_pago reparada de 02-04-25 a 2025-04-02"
402;pagos_membresias.csv;401;"fecha_vencimiento reparada de 05-05-25 a 2025-05-05"
402;pagos_membresias.csv;401;"fecha_pago reparada de 04-05-25 a 2025-05-04"
403;pagos_membresias.csv;402;"fecha_vencimiento reparada de 05-06-25 a 2025-06-05"
403;pagos_membresias.csv;402;"fecha_pago reparada de 01-06-25 a 2025-06-01"
404;pagos_membresias.csv;403;"fecha_vencimiento reparada de 05-07-25 a 2025-07-05"
404;pagos_membresias.csv;403;"fecha_pago reparada de 05-07-25 a 2025-07-05"
405;pagos_membresias.csv;404;"fecha_vencimiento reparada de 05-08-25 a 2025-08-05"
405;pagos_membresias.csv;404;"fecha_pago reparada de 03-08-25 a 2025-08-03"
406;pagos_membresias.csv;405;"fecha_vencimiento reparada de 05-09-25 a 2025-09-05"
406;pagos_membresias.csv;405;"fecha_pago reparada de 05-09-25 a 2025-09-05"
407;pagos_membresias.csv;406;"fecha_vencimiento reparada de 05-10-25 a 2025-10-05"
407;pagos_membresias.csv;406;"fecha_pago reparada de 01-10-25 a 2025-10-01"
408;pagos_membresias.csv;407;"fecha_vencimiento reparada de 05-11-25 a 2025-11-05"
409;pagos_membresias.csv;408;"fecha_vencimiento reparada de 05-12-25 a 2025-12-05"
410;pagos_membresias.csv;409;"fecha_vencimiento reparada de 05-01-25 a 2025-01-05"
410;pagos_membresias.csv;409;"fecha_pago reparada de 04-01-25 a 2025-01-04"
410;pagos_membresias.csv;409;"Fila enviada a ERR: run_socio_titular no es valido"
411;pagos_membresias.csv;410;"fecha_vencimiento reparada de 05-02-25 a 2025-02-05"
411;pagos_membresias.csv;410;"fecha_pago reparada de 05-02-25 a 2025-02-05"
411;pagos_membresias.csv;410;"Fila enviada a ERR: run_socio_titular no es valido"
412;pagos_membresias.csv;411;"fecha_vencimiento reparada de 05-03-25 a 2025-03-05"
412;pagos_membresias.csv;411;"fecha_pago reparada de 03-03-25 a 2025-03-03"
412;pagos_membresias.csv;411;"Fila enviada a ERR: run_socio_titular no es valido"
413;pagos_membresias.csv;412;"fecha_vencimiento reparada de 05-04-25 a 2025-04-05"
413;pagos_membresias.csv;412;"fecha_pago reparada de 03-04-25 a 2025-04-03"
413;pagos_membresias.csv;412;"Fila enviada a ERR: run_socio_titular no es valido"
414;pagos_membresias.csv;413;"fecha_vencimiento reparada de 05-05-25 a 2025-05-05"
414;pagos_membresias.csv;413;"fecha_pago reparada de 01-05-25 a 2025-05-01"
414;pagos_membresias.csv;413;"Fila enviada a ERR: run_socio_titular no es valido"
415;pagos_membresias.csv;414;"fecha_vencimiento reparada de 05-06-25 a 2025-06-05"
415;pagos_membresias.csv;414;"fecha_pago reparada de 04-06-25 a 2025-06-04"
415;pagos_membresias.csv;414;"Fila enviada a ERR: run_socio_titular no es valido"
416;pagos_membresias.csv;415;"fecha_vencimiento reparada de 05-07-25 a 2025-07-05"
416;pagos_membresias.csv;415;"fecha_pago reparada de 02-07-25 a 2025-07-02"
416;pagos_membresias.csv;415;"Fila enviada a ERR: run_socio_titular no es valido"
417;pagos_membresias.csv;416;"fecha_vencimiento reparada de 05-08-25 a 2025-08-05"
417;pagos_membresias.csv;416;"fecha_pago reparada de 05-08-25 a 2025-08-05"
417;pagos_membresias.csv;416;"Fila enviada a ERR: run_socio_titular no es valido"
418;pagos_membresias.csv;417;"fecha_vencimiento reparada de 05-09-25 a 2025-09-05"
418;pagos_membresias.csv;417;"fecha_pago reparada de 01-09-25 a 2025-09-01"
418;pagos_membresias.csv;417;"Fila enviada a ERR: run_socio_titular no es valido"
419;pagos_membresias.csv;418;"fecha_vencimiento reparada de 05-10-25 a 2025-10-05"
419;pagos_membresias.csv;418;"fecha_pago reparada de 04-10-25 a 2025-10-04"
419;pagos_membresias.csv;418;"Fila enviada a ERR: run_socio_titular no es valido"
420;pagos_membresias.csv;419;"fecha_vencimiento reparada de 05-11-25 a 2025-11-05"
420;pagos_membresias.csv;419;"Fila enviada a ERR: run_socio_titular no es valido"
421;pagos_membresias.csv;420;"fecha_vencimiento reparada de 05-12-25 a 2025-12-05"
421;pagos_membresias.csv;420;"Fila enviada a ERR: run_socio_titular no es valido"
422;pagos_membresias.csv;421;"fecha_vencimiento reparada de 05-01-25 a 2025-01-05"
422;pagos_membresias.csv;421;"fecha_pago reparada de 03-01-25 a 2025-01-03"
422;pagos_membresias.csv;421;"Fila enviada a ERR: run_socio_titular no es valido"
423;pagos_membresias.csv;422;"fecha_vencimiento reparada de 05-02-25 a 2025-02-05"
423;pagos_membresias.csv;422;"fecha_pago reparada de 01-02-25 a 2025-02-01"
423;pagos_membresias.csv;422;"Fila enviada a ERR: run_socio_titular no es valido"
424;pagos_membresias.csv;423;"fecha_vencimiento reparada de 05-03-25 a 2025-03-05"
424;pagos_membresias.csv;423;"fecha_pago reparada de 05-03-25 a 2025-03-05"
424;pagos_membresias.csv;423;"Fila enviada a ERR: run_socio_titular no es valido"
425;pagos_membresias.csv;424;"fecha_vencimiento reparada de 05-04-25 a 2025-04-05"
425;pagos_membresias.csv;424;"fecha_pago reparada de 02-04-25 a 2025-04-02"
425;pagos_membresias.csv;424;"Fila enviada a ERR: run_socio_titular no es valido"
426;pagos_membresias.csv;425;"fecha_vencimiento reparada de 05-05-25 a 2025-05-05"
426;pagos_membresias.csv;425;"fecha_pago reparada de 04-05-25 a 2025-05-04"
426;pagos_membresias.csv;425;"Fila enviada a ERR: run_socio_titular no es valido"
427;pagos_membresias.csv;426;"fecha_vencimiento reparada de 05-06-25 a 2025-06-05"
427;pagos_membresias.csv;426;"fecha_pago reparada de 01-06-25 a 2025-06-01"
427;pagos_membresias.csv;426;"Fila enviada a ERR: run_socio_titular no es valido"
428;pagos_membresias.csv;427;"fecha_vencimiento reparada de 05-07-25 a 2025-07-05"
428;pagos_membresias.csv;427;"fecha_pago reparada de 05-07-25 a 2025-07-05"
428;pagos_membresias.csv;427;"Fila enviada a ERR: run_socio_titular no es valido"
429;pagos_membresias.csv;428;"fecha_vencimiento reparada de 05-08-25 a 2025-08-05"
429;pagos_membresias.csv;428;"fecha_pago reparada de 03-08-25 a 2025-08-03"
429;pagos_membresias.csv;428;"Fila enviada a ERR: run_socio_titular no es valido"
430;pagos_membresias.csv;429;"fecha_vencimiento reparada de 05-09-25 a 2025-09-05"
430;pagos_membresias.csv;429;"fecha_pago reparada de 05-09-25 a 2025-09-05"
430;pagos_membresias.csv;429;"Fila enviada a ERR: run_socio_titular no es valido"
431;pagos_membresias.csv;430;"fecha_vencimiento reparada de 05-10-25 a 2025-10-05"
431;pagos_membresias.csv;430;"fecha_pago reparada de 01-10-25 a 2025-10-01"
431;pagos_membresias.csv;430;"Fila enviada a ERR: run_socio_titular no es valido"
432;pagos_membresias.csv;431;"fecha_vencimiento reparada de 05-11-25 a 2025-11-05"
432;pagos_membresias.csv;431;"Fila enviada a ERR: run_socio_titular no es valido"
433;pagos_membresias.csv;432;"fecha_vencimiento reparada de 05-12-25 a 2025-12-05"
433;pagos_membresias.csv;432;"Fila enviada a ERR: run_socio_titular no es valido"
434;pagos_membresias.csv;433;"fecha_vencimiento reparada de 05-01-25 a 2025-01-05"
434;pagos_membresias.csv;433;"fecha_pago reparada de 04-01-25 a 2025-01-04"
435;pagos_membresias.csv;434;"fecha_vencimiento reparada de 05-02-25 a 2025-02-05"
435;pagos_membresias.csv;434;"fecha_pago reparada de 05-02-25 a 2025-02-05"
436;pagos_membresias.csv;435;"fecha_vencimiento reparada de 05-03-25 a 2025-03-05"
436;pagos_membresias.csv;435;"fecha_pago reparada de 03-03-25 a 2025-03-03"
437;pagos_membresias.csv;436;"fecha_vencimiento reparada de 05-04-25 a 2025-04-05"
437;pagos_membresias.csv;436;"fecha_pago reparada de 03-04-25 a 2025-04-03"
438;pagos_membresias.csv;437;"fecha_vencimiento reparada de 05-05-25 a 2025-05-05"
438;pagos_membresias.csv;437;"fecha_pago reparada de 01-05-25 a 2025-05-01"
439;pagos_membresias.csv;438;"fecha_vencimiento reparada de 05-06-25 a 2025-06-05"
439;pagos_membresias.csv;438;"fecha_pago reparada de 04-06-25 a 2025-06-04"
440;pagos_membresias.csv;439;"fecha_vencimiento reparada de 05-07-25 a 2025-07-05"
440;pagos_membresias.csv;439;"fecha_pago reparada de 02-07-25 a 2025-07-02"
441;pagos_membresias.csv;440;"fecha_vencimiento reparada de 05-08-25 a 2025-08-05"
441;pagos_membresias.csv;440;"fecha_pago reparada de 05-08-25 a 2025-08-05"
442;pagos_membresias.csv;441;"fecha_vencimiento reparada de 05-09-25 a 2025-09-05"
442;pagos_membresias.csv;441;"fecha_pago reparada de 01-09-25 a 2025-09-01"
443;pagos_membresias.csv;442;"fecha_vencimiento reparada de 05-10-25 a 2025-10-05"
443;pagos_membresias.csv;442;"fecha_pago reparada de 04-10-25 a 2025-10-04"
444;pagos_membresias.csv;443;"fecha_vencimiento reparada de 05-11-25 a 2025-11-05"
445;pagos_membresias.csv;444;"fecha_vencimiento reparada de 05-12-25 a 2025-12-05"
446;pagos_membresias.csv;445;"fecha_vencimiento reparada de 05-01-25 a 2025-01-05"
446;pagos_membresias.csv;445;"fecha_pago reparada de 03-01-25 a 2025-01-03"
447;pagos_membresias.csv;446;"fecha_vencimiento reparada de 05-02-25 a 2025-02-05"
447;pagos_membresias.csv;446;"fecha_pago reparada de 01-02-25 a 2025-02-01"
448;pagos_membresias.csv;447;"fecha_vencimiento reparada de 05-03-25 a 2025-03-05"
448;pagos_membresias.csv;447;"fecha_pago reparada de 05-03-25 a 2025-03-05"
449;pagos_membresias.csv;448;"fecha_vencimiento reparada de 05-04-25 a 2025-04-05"
449;pagos_membresias.csv;448;"fecha_pago reparada de 02-04-25 a 2025-04-02"
450;pagos_membresias.csv;449;"fecha_vencimiento reparada de 05-05-25 a 2025-05-05"
450;pagos_membresias.csv;449;"fecha_pago reparada de 04-05-25 a 2025-05-04"
451;pagos_membresias.csv;450;"fecha_vencimiento reparada de 05-06-25 a 2025-06-05"
451;pagos_membresias.csv;450;"fecha_pago reparada de 01-06-25 a 2025-06-01"
452;pagos_membresias.csv;451;"fecha_vencimiento reparada de 05-07-25 a 2025-07-05"
452;pagos_membresias.csv;451;"fecha_pago reparada de 05-07-25 a 2025-07-05"
453;pagos_membresias.csv;452;"fecha_vencimiento reparada de 05-08-25 a 2025-08-05"
453;pagos_membresias.csv;452;"fecha_pago reparada de 03-08-25 a 2025-08-03"
454;pagos_membresias.csv;453;"fecha_vencimiento reparada de 05-09-25 a 2025-09-05"
454;pagos_membresias.csv;453;"fecha_pago reparada de 05-09-25 a 2025-09-05"
455;pagos_membresias.csv;454;"fecha_vencimiento reparada de 05-10-25 a 2025-10-05"
455;pagos_membresias.csv;454;"fecha_pago reparada de 01-10-25 a 2025-10-01"
456;pagos_membresias.csv;455;"fecha_vencimiento reparada de 05-11-25 a 2025-11-05"
457;pagos_membresias.csv;456;"fecha_vencimiento reparada de 05-12-25 a 2025-12-05"
458;pagos_membresias.csv;457;"fecha_vencimiento reparada de 05-01-25 a 2025-01-05"
458;pagos_membresias.csv;457;"fecha_pago reparada de 04-01-25 a 2025-01-04"
459;pagos_membresias.csv;458;"fecha_vencimiento reparada de 05-02-25 a 2025-02-05"
459;pagos_membresias.csv;458;"fecha_pago reparada de 05-02-25 a 2025-02-05"
460;pagos_membresias.csv;459;"fecha_vencimiento reparada de 05-03-25 a 2025-03-05"
460;pagos_membresias.csv;459;"fecha_pago reparada de 03-03-25 a 2025-03-03"
461;pagos_membresias.csv;460;"fecha_vencimiento reparada de 05-04-25 a 2025-04-05"
461;pagos_membresias.csv;460;"fecha_pago reparada de 03-04-25 a 2025-04-03"
462;pagos_membresias.csv;461;"fecha_vencimiento reparada de 05-05-25 a 2025-05-05"
462;pagos_membresias.csv;461;"fecha_pago reparada de 01-05-25 a 2025-05-01"
463;pagos_membresias.csv;462;"fecha_vencimiento reparada de 05-06-25 a 2025-06-05"
463;pagos_membresias.csv;462;"fecha_pago reparada de 04-06-25 a 2025-06-04"
464;pagos_membresias.csv;463;"fecha_vencimiento reparada de 05-07-25 a 2025-07-05"
464;pagos_membresias.csv;463;"fecha_pago reparada de 02-07-25 a 2025-07-02"
465;pagos_membresias.csv;464;"fecha_vencimiento reparada de 05-08-25 a 2025-08-05"
465;pagos_membresias.csv;464;"fecha_pago reparada de 05-08-25 a 2025-08-05"
466;pagos_membresias.csv;465;"fecha_vencimiento reparada de 05-09-25 a 2025-09-05"
466;pagos_membresias.csv;465;"fecha_pago reparada de 01-09-25 a 2025-09-01"
467;pagos_membresias.csv;466;"fecha_vencimiento reparada de 05-10-25 a 2025-10-05"
467;pagos_membresias.csv;466;"fecha_pago reparada de 04-10-25 a 2025-10-04"
468;pagos_membresias.csv;467;"fecha_vencimiento reparada de 05-11-25 a 2025-11-05"
469;pagos_membresias.csv;468;"fecha_vencimiento reparada de 05-12-25 a 2025-12-05"
470;pagos_membresias.csv;469;"fecha_vencimiento reparada de 05-01-25 a 2025-01-05"
470;pagos_membresias.csv;469;"fecha_pago reparada de 03-01-25 a 2025-01-03"
471;pagos_membresias.csv;470;"fecha_vencimiento reparada de 05-02-25 a 2025-02-05"
471;pagos_membresias.csv;470;"fecha_pago reparada de 01-02-25 a 2025-02-01"
472;pagos_membresias.csv;471;"fecha_vencimiento reparada de 05-03-25 a 2025-03-05"
472;pagos_membresias.csv;471;"fecha_pago reparada de 05-03-25 a 2025-03-05"
473;pagos_membresias.csv;472;"fecha_vencimiento reparada de 05-04-25 a 2025-04-05"
473;pagos_membresias.csv;472;"fecha_pago reparada de 02-04-25 a 2025-04-02"
474;pagos_membresias.csv;473;"fecha_vencimiento reparada de 05-05-25 a 2025-05-05"
474;pagos_membresias.csv;473;"fecha_pago reparada de 04-05-25 a 2025-05-04"
475;pagos_membresias.csv;474;"fecha_vencimiento reparada de 05-06-25 a 2025-06-05"
475;pagos_membresias.csv;474;"fecha_pago reparada de 01-06-25 a 2025-06-01"
476;pagos_membresias.csv;475;"fecha_vencimiento reparada de 05-07-25 a 2025-07-05"
476;pagos_membresias.csv;475;"fecha_pago reparada de 05-07-25 a 2025-07-05"
477;pagos_membresias.csv;476;"fecha_vencimiento reparada de 05-08-25 a 2025-08-05"
477;pagos_membresias.csv;476;"fecha_pago reparada de 03-08-25 a 2025-08-03"
478;pagos_membresias.csv;477;"fecha_vencimiento reparada de 05-09-25 a 2025-09-05"
478;pagos_membresias.csv;477;"fecha_pago reparada de 05-09-25 a 2025-09-05"
479;pagos_membresias.csv;478;"fecha_vencimiento reparada de 05-10-25 a 2025-10-05"
479;pagos_membresias.csv;478;"fecha_pago reparada de 01-10-25 a 2025-10-01"
480;pagos_membresias.csv;479;"fecha_vencimiento reparada de 05-11-25 a 2025-11-05"
481;pagos_membresias.csv;480;"fecha_vencimiento reparada de 05-12-25 a 2025-12-05"
482;pagos_membresias.csv;481;"fecha_vencimiento reparada de 05-01-25 a 2025-01-05"
482;pagos_membresias.csv;481;"fecha_pago reparada de 04-01-25 a 2025-01-04"
482;pagos_membresias.csv;481;"Fila enviada a ERR: run_socio_titular no es valido"
483;pagos_membresias.csv;482;"fecha_vencimiento reparada de 05-02-25 a 2025-02-05"
483;pagos_membresias.csv;482;"fecha_pago reparada de 05-02-25 a 2025-02-05"
483;pagos_membresias.csv;482;"Fila enviada a ERR: run_socio_titular no es valido"
484;pagos_membresias.csv;483;"fecha_vencimiento reparada de 05-03-25 a 2025-03-05"
484;pagos_membresias.csv;483;"fecha_pago reparada de 03-03-25 a 2025-03-03"
484;pagos_membresias.csv;483;"Fila enviada a ERR: run_socio_titular no es valido"
485;pagos_membresias.csv;484;"fecha_vencimiento reparada de 05-04-25 a 2025-04-05"
485;pagos_membresias.csv;484;"fecha_pago reparada de 03-04-25 a 2025-04-03"
485;pagos_membresias.csv;484;"Fila enviada a ERR: run_socio_titular no es valido"
486;pagos_membresias.csv;485;"fecha_vencimiento reparada de 05-05-25 a 2025-05-05"
486;pagos_membresias.csv;485;"fecha_pago reparada de 01-05-25 a 2025-05-01"
486;pagos_membresias.csv;485;"Fila enviada a ERR: run_socio_titular no es valido"
487;pagos_membresias.csv;486;"fecha_vencimiento reparada de 05-06-25 a 2025-06-05"
487;pagos_membresias.csv;486;"fecha_pago reparada de 04-06-25 a 2025-06-04"
487;pagos_membresias.csv;486;"Fila enviada a ERR: run_socio_titular no es valido"
488;pagos_membresias.csv;487;"fecha_vencimiento reparada de 05-07-25 a 2025-07-05"
488;pagos_membresias.csv;487;"fecha_pago reparada de 02-07-25 a 2025-07-02"
488;pagos_membresias.csv;487;"Fila enviada a ERR: run_socio_titular no es valido"
489;pagos_membresias.csv;488;"fecha_vencimiento reparada de 05-08-25 a 2025-08-05"
489;pagos_membresias.csv;488;"fecha_pago reparada de 05-08-25 a 2025-08-05"
489;pagos_membresias.csv;488;"Fila enviada a ERR: run_socio_titular no es valido"
490;pagos_membresias.csv;489;"fecha_vencimiento reparada de 05-09-25 a 2025-09-05"
490;pagos_membresias.csv;489;"fecha_pago reparada de 01-09-25 a 2025-09-01"
490;pagos_membresias.csv;489;"Fila enviada a ERR: run_socio_titular no es valido"
491;pagos_membresias.csv;490;"fecha_vencimiento reparada de 05-10-25 a 2025-10-05"
491;pagos_membresias.csv;490;"fecha_pago reparada de 04-10-25 a 2025-10-04"
491;pagos_membresias.csv;490;"Fila enviada a ERR: run_socio_titular no es valido"
492;pagos_membresias.csv;491;"fecha_vencimiento reparada de 05-11-25 a 2025-11-05"
492;pagos_membresias.csv;491;"Fila enviada a ERR: run_socio_titular no es valido"
493;pagos_membresias.csv;492;"fecha_vencimiento reparada de 05-12-25 a 2025-12-05"
493;pagos_membresias.csv;492;"Fila enviada a ERR: run_socio_titular no es valido"
494;pagos_membresias.csv;493;"fecha_vencimiento reparada de 05-01-25 a 2025-01-05"
494;pagos_membresias.csv;493;"fecha_pago reparada de 03-01-25 a 2025-01-03"
495;pagos_membresias.csv;494;"fecha_vencimiento reparada de 05-02-25 a 2025-02-05"
495;pagos_membresias.csv;494;"fecha_pago reparada de 01-02-25 a 2025-02-01"
496;pagos_membresias.csv;495;"fecha_vencimiento reparada de 05-03-25 a 2025-03-05"
496;pagos_membresias.csv;495;"fecha_pago reparada de 05-03-25 a 2025-03-05"
497;pagos_membresias.csv;496;"fecha_vencimiento reparada de 05-04-25 a 2025-04-05"
497;pagos_membresias.csv;496;"fecha_pago reparada de 02-04-25 a 2025-04-02"
498;pagos_membresias.csv;497;"fecha_vencimiento reparada de 05-05-25 a 2025-05-05"
498;pagos_membresias.csv;497;"fecha_pago reparada de 04-05-25 a 2025-05-04"
499;pagos_membresias.csv;498;"fecha_vencimiento reparada de 05-06-25 a 2025-06-05"
499;pagos_membresias.csv;498;"fecha_pago reparada de 01-06-25 a 2025-06-01"
500;pagos_membresias.csv;499;"fecha_vencimiento reparada de 05-07-25 a 2025-07-05"
500;pagos_membresias.csv;499;"fecha_pago reparada de 05-07-25 a 2025-07-05"
501;pagos_membresias.csv;500;"fecha_vencimiento reparada de 05-08-25 a 2025-08-05"
501;pagos_membresias.csv;500;"fecha_pago reparada de 03-08-25 a 2025-08-03"
502;pagos_membresias.csv;501;"fecha_vencimiento reparada de 05-09-25 a 2025-09-05"
502;pagos_membresias.csv;501;"fecha_pago reparada de 05-09-25 a 2025-09-05"
503;pagos_membresias.csv;502;"fecha_vencimiento reparada de 05-10-25 a 2025-10-05"
503;pagos_membresias.csv;502;"fecha_pago reparada de 01-10-25 a 2025-10-01"
504;pagos_membresias.csv;503;"fecha_vencimiento reparada de 05-11-25 a 2025-11-05"
505;pagos_membresias.csv;504;"fecha_vencimiento reparada de 05-12-25 a 2025-12-05"
506;pagos_membresias.csv;505;"fecha_vencimiento reparada de 05-01-25 a 2025-01-05"
506;pagos_membresias.csv;505;"fecha_pago reparada de 04-01-25 a 2025-01-04"
506;pagos_membresias.csv;505;"Fila enviada a ERR: run_socio_titular no es valido"
507;pagos_membresias.csv;506;"fecha_vencimiento reparada de 05-02-25 a 2025-02-05"
507;pagos_membresias.csv;506;"fecha_pago reparada de 05-02-25 a 2025-02-05"
507;pagos_membresias.csv;506;"Fila enviada a ERR: run_socio_titular no es valido"
508;pagos_membresias.csv;507;"fecha_vencimiento reparada de 05-03-25 a 2025-03-05"
508;pagos_membresias.csv;507;"fecha_pago reparada de 03-03-25 a 2025-03-03"
508;pagos_membresias.csv;507;"Fila enviada a ERR: run_socio_titular no es valido"
509;pagos_membresias.csv;508;"fecha_vencimiento reparada de 05-04-25 a 2025-04-05"
509;pagos_membresias.csv;508;"fecha_pago reparada de 03-04-25 a 2025-04-03"
509;pagos_membresias.csv;508;"Fila enviada a ERR: run_socio_titular no es valido"
510;pagos_membresias.csv;509;"fecha_vencimiento reparada de 05-05-25 a 2025-05-05"
510;pagos_membresias.csv;509;"fecha_pago reparada de 01-05-25 a 2025-05-01"
510;pagos_membresias.csv;509;"Fila enviada a ERR: run_socio_titular no es valido"
511;pagos_membresias.csv;510;"fecha_vencimiento reparada de 05-06-25 a 2025-06-05"
511;pagos_membresias.csv;510;"fecha_pago reparada de 04-06-25 a 2025-06-04"
511;pagos_membresias.csv;510;"Fila enviada a ERR: run_socio_titular no es valido"
512;pagos_membresias.csv;511;"fecha_vencimiento reparada de 05-07-25 a 2025-07-05"
512;pagos_membresias.csv;511;"fecha_pago reparada de 02-07-25 a 2025-07-02"
512;pagos_membresias.csv;511;"Fila enviada a ERR: run_socio_titular no es valido"
513;pagos_membresias.csv;512;"fecha_vencimiento reparada de 05-08-25 a 2025-08-05"
513;pagos_membresias.csv;512;"fecha_pago reparada de 05-08-25 a 2025-08-05"
513;pagos_membresias.csv;512;"Fila enviada a ERR: run_socio_titular no es valido"
514;pagos_membresias.csv;513;"fecha_vencimiento reparada de 05-09-25 a 2025-09-05"
514;pagos_membresias.csv;513;"fecha_pago reparada de 01-09-25 a 2025-09-01"
514;pagos_membresias.csv;513;"Fila enviada a ERR: run_socio_titular no es valido"
515;pagos_membresias.csv;514;"fecha_vencimiento reparada de 05-10-25 a 2025-10-05"
515;pagos_membresias.csv;514;"fecha_pago reparada de 04-10-25 a 2025-10-04"
515;pagos_membresias.csv;514;"Fila enviada a ERR: run_socio_titular no es valido"
516;pagos_membresias.csv;515;"fecha_vencimiento reparada de 05-11-25 a 2025-11-05"
516;pagos_membresias.csv;515;"Fila enviada a ERR: run_socio_titular no es valido"
517;pagos_membresias.csv;516;"fecha_vencimiento reparada de 05-12-25 a 2025-12-05"
517;pagos_membresias.csv;516;"Fila enviada a ERR: run_socio_titular no es valido"
518;pagos_membresias.csv;517;"fecha_vencimiento reparada de 05-01-25 a 2025-01-05"
518;pagos_membresias.csv;517;"fecha_pago reparada de 03-01-25 a 2025-01-03"
519;pagos_membresias.csv;518;"fecha_vencimiento reparada de 05-02-25 a 2025-02-05"
519;pagos_membresias.csv;518;"fecha_pago reparada de 01-02-25 a 2025-02-01"
520;pagos_membresias.csv;519;"fecha_vencimiento reparada de 05-03-25 a 2025-03-05"
520;pagos_membresias.csv;519;"fecha_pago reparada de 05-03-25 a 2025-03-05"
521;pagos_membresias.csv;520;"fecha_vencimiento reparada de 05-04-25 a 2025-04-05"
521;pagos_membresias.csv;520;"fecha_pago reparada de 02-04-25 a 2025-04-02"
522;pagos_membresias.csv;521;"fecha_vencimiento reparada de 05-05-25 a 2025-05-05"
522;pagos_membresias.csv;521;"fecha_pago reparada de 04-05-25 a 2025-05-04"
523;pagos_membresias.csv;522;"fecha_vencimiento reparada de 05-06-25 a 2025-06-05"
523;pagos_membresias.csv;522;"fecha_pago reparada de 01-06-25 a 2025-06-01"
524;pagos_membresias.csv;523;"fecha_vencimiento reparada de 05-07-25 a 2025-07-05"
524;pagos_membresias.csv;523;"fecha_pago reparada de 05-07-25 a 2025-07-05"
525;pagos_membresias.csv;524;"fecha_vencimiento reparada de 05-08-25 a 2025-08-05"
525;pagos_membresias.csv;524;"fecha_pago reparada de 03-08-25 a 2025-08-03"
526;pagos_membresias.csv;525;"fecha_vencimiento reparada de 05-09-25 a 2025-09-05"
526;pagos_membresias.csv;525;"fecha_pago reparada de 05-09-25 a 2025-09-05"
527;pagos_membresias.csv;526;"fecha_vencimiento reparada de 05-10-25 a 2025-10-05"
527;pagos_membresias.csv;526;"fecha_pago reparada de 01-10-25 a 2025-10-01"
528;pagos_membresias.csv;527;"fecha_vencimiento reparada de 05-11-25 a 2025-11-05"
529;pagos_membresias.csv;528;"fecha_vencimiento reparada de 05-12-25 a 2025-12-05"
530;pagos_membresias.csv;529;"fecha_vencimiento reparada de 05-01-25 a 2025-01-05"
530;pagos_membresias.csv;529;"fecha_pago reparada de 04-01-25 a 2025-01-04"
531;pagos_membresias.csv;530;"fecha_vencimiento reparada de 05-02-25 a 2025-02-05"
531;pagos_membresias.csv;530;"fecha_pago reparada de 05-02-25 a 2025-02-05"
532;pagos_membresias.csv;531;"fecha_vencimiento reparada de 05-03-25 a 2025-03-05"
532;pagos_membresias.csv;531;"fecha_pago reparada de 03-03-25 a 2025-03-03"
533;pagos_membresias.csv;532;"fecha_vencimiento reparada de 05-04-25 a 2025-04-05"
533;pagos_membresias.csv;532;"fecha_pago reparada de 03-04-25 a 2025-04-03"
534;pagos_membresias.csv;533;"fecha_vencimiento reparada de 05-05-25 a 2025-05-05"
534;pagos_membresias.csv;533;"fecha_pago reparada de 01-05-25 a 2025-05-01"
535;pagos_membresias.csv;534;"fecha_vencimiento reparada de 05-06-25 a 2025-06-05"
535;pagos_membresias.csv;534;"fecha_pago reparada de 04-06-25 a 2025-06-04"
536;pagos_membresias.csv;535;"fecha_vencimiento reparada de 05-07-25 a 2025-07-05"
536;pagos_membresias.csv;535;"fecha_pago reparada de 02-07-25 a 2025-07-02"
537;pagos_membresias.csv;536;"fecha_vencimiento reparada de 05-08-25 a 2025-08-05"
537;pagos_membresias.csv;536;"fecha_pago reparada de 05-08-25 a 2025-08-05"
538;pagos_membresias.csv;537;"fecha_vencimiento reparada de 05-09-25 a 2025-09-05"
538;pagos_membresias.csv;537;"fecha_pago reparada de 01-09-25 a 2025-09-01"
539;pagos_membresias.csv;538;"fecha_vencimiento reparada de 05-10-25 a 2025-10-05"
539;pagos_membresias.csv;538;"fecha_pago reparada de 04-10-25 a 2025-10-04"
540;pagos_membresias.csv;539;"fecha_vencimiento reparada de 05-11-25 a 2025-11-05"
541;pagos_membresias.csv;540;"fecha_vencimiento reparada de 05-12-25 a 2025-12-05"
542;pagos_membresias.csv;541;"fecha_vencimiento reparada de 05-01-25 a 2025-01-05"
542;pagos_membresias.csv;541;"fecha_pago reparada de 03-01-25 a 2025-01-03"
543;pagos_membresias.csv;542;"fecha_vencimiento reparada de 05-02-25 a 2025-02-05"
543;pagos_membresias.csv;542;"fecha_pago reparada de 01-02-25 a 2025-02-01"
544;pagos_membresias.csv;543;"fecha_vencimiento reparada de 05-03-25 a 2025-03-05"
544;pagos_membresias.csv;543;"fecha_pago reparada de 05-03-25 a 2025-03-05"
545;pagos_membresias.csv;544;"fecha_vencimiento reparada de 05-04-25 a 2025-04-05"
545;pagos_membresias.csv;544;"fecha_pago reparada de 02-04-25 a 2025-04-02"
546;pagos_membresias.csv;545;"fecha_vencimiento reparada de 05-05-25 a 2025-05-05"
546;pagos_membresias.csv;545;"fecha_pago reparada de 04-05-25 a 2025-05-04"
547;pagos_membresias.csv;546;"fecha_vencimiento reparada de 05-06-25 a 2025-06-05"
547;pagos_membresias.csv;546;"fecha_pago reparada de 01-06-25 a 2025-06-01"
548;pagos_membresias.csv;547;"fecha_vencimiento reparada de 05-07-25 a 2025-07-05"
548;pagos_membresias.csv;547;"fecha_pago reparada de 05-07-25 a 2025-07-05"
549;pagos_membresias.csv;548;"fecha_vencimiento reparada de 05-08-25 a 2025-08-05"
549;pagos_membresias.csv;548;"fecha_pago reparada de 03-08-25 a 2025-08-03"
550;pagos_membresias.csv;549;"fecha_vencimiento reparada de 05-09-25 a 2025-09-05"
550;pagos_membresias.csv;549;"fecha_pago reparada de 05-09-25 a 2025-09-05"
551;pagos_membresias.csv;550;"fecha_vencimiento reparada de 05-10-25 a 2025-10-05"
551;pagos_membresias.csv;550;"fecha_pago reparada de 01-10-25 a 2025-10-01"
552;pagos_membresias.csv;551;"fecha_vencimiento reparada de 05-11-25 a 2025-11-05"
553;pagos_membresias.csv;552;"fecha_vencimiento reparada de 05-12-25 a 2025-12-05"
554;pagos_membresias.csv;553;"fecha_vencimiento reparada de 05-01-25 a 2025-01-05"
554;pagos_membresias.csv;553;"fecha_pago reparada de 04-01-25 a 2025-01-04"
554;pagos_membresias.csv;553;"Fila enviada a ERR: run_socio_titular no es valido"
555;pagos_membresias.csv;554;"fecha_vencimiento reparada de 05-02-25 a 2025-02-05"
555;pagos_membresias.csv;554;"fecha_pago reparada de 05-02-25 a 2025-02-05"
555;pagos_membresias.csv;554;"Fila enviada a ERR: run_socio_titular no es valido"
556;pagos_membresias.csv;555;"fecha_vencimiento reparada de 05-03-25 a 2025-03-05"
556;pagos_membresias.csv;555;"fecha_pago reparada de 03-03-25 a 2025-03-03"
556;pagos_membresias.csv;555;"Fila enviada a ERR: run_socio_titular no es valido"
557;pagos_membresias.csv;556;"fecha_vencimiento reparada de 05-04-25 a 2025-04-05"
557;pagos_membresias.csv;556;"fecha_pago reparada de 03-04-25 a 2025-04-03"
557;pagos_membresias.csv;556;"Fila enviada a ERR: run_socio_titular no es valido"
558;pagos_membresias.csv;557;"fecha_vencimiento reparada de 05-05-25 a 2025-05-05"
558;pagos_membresias.csv;557;"fecha_pago reparada de 01-05-25 a 2025-05-01"
558;pagos_membresias.csv;557;"Fila enviada a ERR: run_socio_titular no es valido"
559;pagos_membresias.csv;558;"fecha_vencimiento reparada de 05-06-25 a 2025-06-05"
559;pagos_membresias.csv;558;"fecha_pago reparada de 04-06-25 a 2025-06-04"
559;pagos_membresias.csv;558;"Fila enviada a ERR: run_socio_titular no es valido"
560;pagos_membresias.csv;559;"fecha_vencimiento reparada de 05-07-25 a 2025-07-05"
560;pagos_membresias.csv;559;"fecha_pago reparada de 02-07-25 a 2025-07-02"
560;pagos_membresias.csv;559;"Fila enviada a ERR: run_socio_titular no es valido"
561;pagos_membresias.csv;560;"fecha_vencimiento reparada de 05-08-25 a 2025-08-05"
561;pagos_membresias.csv;560;"fecha_pago reparada de 05-08-25 a 2025-08-05"
561;pagos_membresias.csv;560;"Fila enviada a ERR: run_socio_titular no es valido"
562;pagos_membresias.csv;561;"fecha_vencimiento reparada de 05-09-25 a 2025-09-05"
562;pagos_membresias.csv;561;"fecha_pago reparada de 01-09-25 a 2025-09-01"
562;pagos_membresias.csv;561;"Fila enviada a ERR: run_socio_titular no es valido"
563;pagos_membresias.csv;562;"fecha_vencimiento reparada de 05-10-25 a 2025-10-05"
563;pagos_membresias.csv;562;"fecha_pago reparada de 04-10-25 a 2025-10-04"
563;pagos_membresias.csv;562;"Fila enviada a ERR: run_socio_titular no es valido"
564;pagos_membresias.csv;563;"fecha_vencimiento reparada de 05-11-25 a 2025-11-05"
564;pagos_membresias.csv;563;"Fila enviada a ERR: run_socio_titular no es valido"
565;pagos_membresias.csv;564;"fecha_vencimiento reparada de 05-12-25 a 2025-12-05"
565;pagos_membresias.csv;564;"Fila enviada a ERR: run_socio_titular no es valido"
566;pagos_membresias.csv;565;"fecha_vencimiento reparada de 05-01-25 a 2025-01-05"
566;pagos_membresias.csv;565;"fecha_pago reparada de 03-01-25 a 2025-01-03"
567;pagos_membresias.csv;566;"fecha_vencimiento reparada de 05-02-25 a 2025-02-05"
567;pagos_membresias.csv;566;"fecha_pago reparada de 01-02-25 a 2025-02-01"
568;pagos_membresias.csv;567;"fecha_vencimiento reparada de 05-03-25 a 2025-03-05"
568;pagos_membresias.csv;567;"fecha_pago reparada de 05-03-25 a 2025-03-05"
569;pagos_membresias.csv;568;"fecha_vencimiento reparada de 05-04-25 a 2025-04-05"
569;pagos_membresias.csv;568;"fecha_pago reparada de 02-04-25 a 2025-04-02"
570;pagos_membresias.csv;569;"fecha_vencimiento reparada de 05-05-25 a 2025-05-05"
570;pagos_membresias.csv;569;"fecha_pago reparada de 04-05-25 a 2025-05-04"
571;pagos_membresias.csv;570;"fecha_vencimiento reparada de 05-06-25 a 2025-06-05"
571;pagos_membresias.csv;570;"fecha_pago reparada de 01-06-25 a 2025-06-01"
572;pagos_membresias.csv;571;"fecha_vencimiento reparada de 05-07-25 a 2025-07-05"
572;pagos_membresias.csv;571;"fecha_pago reparada de 05-07-25 a 2025-07-05"
573;pagos_membresias.csv;572;"fecha_vencimiento reparada de 05-08-25 a 2025-08-05"
573;pagos_membresias.csv;572;"fecha_pago reparada de 03-08-25 a 2025-08-03"
574;pagos_membresias.csv;573;"fecha_vencimiento reparada de 05-09-25 a 2025-09-05"
574;pagos_membresias.csv;573;"fecha_pago reparada de 05-09-25 a 2025-09-05"
575;pagos_membresias.csv;574;"fecha_vencimiento reparada de 05-10-25 a 2025-10-05"
575;pagos_membresias.csv;574;"fecha_pago reparada de 01-10-25 a 2025-10-01"
576;pagos_membresias.csv;575;"fecha_vencimiento reparada de 05-11-25 a 2025-11-05"
577;pagos_membresias.csv;576;"fecha_vencimiento reparada de 05-12-25 a 2025-12-05"
578;pagos_membresias.csv;577;"fecha_vencimiento reparada de 05-01-25 a 2025-01-05"
578;pagos_membresias.csv;577;"fecha_pago reparada de 04-01-25 a 2025-01-04"
579;pagos_membresias.csv;578;"fecha_vencimiento reparada de 05-02-25 a 2025-02-05"
579;pagos_membresias.csv;578;"fecha_pago reparada de 05-02-25 a 2025-02-05"
580;pagos_membresias.csv;579;"fecha_vencimiento reparada de 05-03-25 a 2025-03-05"
580;pagos_membresias.csv;579;"fecha_pago reparada de 03-03-25 a 2025-03-03"
581;pagos_membresias.csv;580;"fecha_vencimiento reparada de 05-04-25 a 2025-04-05"
581;pagos_membresias.csv;580;"fecha_pago reparada de 03-04-25 a 2025-04-03"
582;pagos_membresias.csv;581;"fecha_vencimiento reparada de 05-05-25 a 2025-05-05"
582;pagos_membresias.csv;581;"fecha_pago reparada de 01-05-25 a 2025-05-01"
583;pagos_membresias.csv;582;"fecha_vencimiento reparada de 05-06-25 a 2025-06-05"
583;pagos_membresias.csv;582;"fecha_pago reparada de 04-06-25 a 2025-06-04"
584;pagos_membresias.csv;583;"fecha_vencimiento reparada de 05-07-25 a 2025-07-05"
584;pagos_membresias.csv;583;"fecha_pago reparada de 02-07-25 a 2025-07-02"
585;pagos_membresias.csv;584;"fecha_vencimiento reparada de 05-08-25 a 2025-08-05"
585;pagos_membresias.csv;584;"fecha_pago reparada de 05-08-25 a 2025-08-05"
586;pagos_membresias.csv;585;"fecha_vencimiento reparada de 05-09-25 a 2025-09-05"
586;pagos_membresias.csv;585;"fecha_pago reparada de 01-09-25 a 2025-09-01"
587;pagos_membresias.csv;586;"fecha_vencimiento reparada de 05-10-25 a 2025-10-05"
587;pagos_membresias.csv;586;"fecha_pago reparada de 04-10-25 a 2025-10-04"
588;pagos_membresias.csv;587;"fecha_vencimiento reparada de 05-11-25 a 2025-11-05"
589;pagos_membresias.csv;588;"fecha_vencimiento reparada de 05-12-25 a 2025-12-05"
590;pagos_membresias.csv;589;"fecha_vencimiento reparada de 05-01-25 a 2025-01-05"
590;pagos_membresias.csv;589;"fecha_pago reparada de 03-01-25 a 2025-01-03"
590;pagos_membresias.csv;589;"Fila enviada a ERR: run_socio_titular no es valido"
591;pagos_membresias.csv;590;"fecha_vencimiento reparada de 05-02-25 a 2025-02-05"
591;pagos_membresias.csv;590;"fecha_pago reparada de 01-02-25 a 2025-02-01"
591;pagos_membresias.csv;590;"Fila enviada a ERR: run_socio_titular no es valido"
592;pagos_membresias.csv;591;"fecha_vencimiento reparada de 05-03-25 a 2025-03-05"
592;pagos_membresias.csv;591;"fecha_pago reparada de 05-03-25 a 2025-03-05"
592;pagos_membresias.csv;591;"Fila enviada a ERR: run_socio_titular no es valido"
593;pagos_membresias.csv;592;"fecha_vencimiento reparada de 05-04-25 a 2025-04-05"
593;pagos_membresias.csv;592;"fecha_pago reparada de 02-04-25 a 2025-04-02"
593;pagos_membresias.csv;592;"Fila enviada a ERR: run_socio_titular no es valido"
594;pagos_membresias.csv;593;"fecha_vencimiento reparada de 05-05-25 a 2025-05-05"
594;pagos_membresias.csv;593;"fecha_pago reparada de 04-05-25 a 2025-05-04"
594;pagos_membresias.csv;593;"Fila enviada a ERR: run_socio_titular no es valido"
595;pagos_membresias.csv;594;"fecha_vencimiento reparada de 05-06-25 a 2025-06-05"
595;pagos_membresias.csv;594;"fecha_pago reparada de 01-06-25 a 2025-06-01"
595;pagos_membresias.csv;594;"Fila enviada a ERR: run_socio_titular no es valido"
596;pagos_membresias.csv;595;"fecha_vencimiento reparada de 05-07-25 a 2025-07-05"
596;pagos_membresias.csv;595;"fecha_pago reparada de 05-07-25 a 2025-07-05"
596;pagos_membresias.csv;595;"Fila enviada a ERR: run_socio_titular no es valido"
597;pagos_membresias.csv;596;"fecha_vencimiento reparada de 05-08-25 a 2025-08-05"
597;pagos_membresias.csv;596;"fecha_pago reparada de 03-08-25 a 2025-08-03"
597;pagos_membresias.csv;596;"Fila enviada a ERR: run_socio_titular no es valido"
598;pagos_membresias.csv;597;"fecha_vencimiento reparada de 05-09-25 a 2025-09-05"
598;pagos_membresias.csv;597;"fecha_pago reparada de 05-09-25 a 2025-09-05"
598;pagos_membresias.csv;597;"Fila enviada a ERR: run_socio_titular no es valido"
599;pagos_membresias.csv;598;"fecha_vencimiento reparada de 05-10-25 a 2025-10-05"
599;pagos_membresias.csv;598;"fecha_pago reparada de 01-10-25 a 2025-10-01"
599;pagos_membresias.csv;598;"Fila enviada a ERR: run_socio_titular no es valido"
600;pagos_membresias.csv;599;"fecha_vencimiento reparada de 05-11-25 a 2025-11-05"
600;pagos_membresias.csv;599;"Fila enviada a ERR: run_socio_titular no es valido"
601;pagos_membresias.csv;600;"fecha_vencimiento reparada de 05-12-25 a 2025-12-05"
601;pagos_membresias.csv;600;"Fila enviada a ERR: run_socio_titular no es valido"
602;pagos_membresias.csv;601;"fecha_vencimiento reparada de 05-01-25 a 2025-01-05"
602;pagos_membresias.csv;601;"fecha_pago reparada de 04-01-25 a 2025-01-04"
603;pagos_membresias.csv;602;"fecha_vencimiento reparada de 05-02-25 a 2025-02-05"
603;pagos_membresias.csv;602;"fecha_pago reparada de 05-02-25 a 2025-02-05"
604;pagos_membresias.csv;603;"fecha_vencimiento reparada de 05-03-25 a 2025-03-05"
604;pagos_membresias.csv;603;"fecha_pago reparada de 03-03-25 a 2025-03-03"
605;pagos_membresias.csv;604;"fecha_vencimiento reparada de 05-04-25 a 2025-04-05"
605;pagos_membresias.csv;604;"fecha_pago reparada de 03-04-25 a 2025-04-03"
606;pagos_membresias.csv;605;"fecha_vencimiento reparada de 05-05-25 a 2025-05-05"
606;pagos_membresias.csv;605;"fecha_pago reparada de 01-05-25 a 2025-05-01"
607;pagos_membresias.csv;606;"fecha_vencimiento reparada de 05-06-25 a 2025-06-05"
607;pagos_membresias.csv;606;"fecha_pago reparada de 04-06-25 a 2025-06-04"
608;pagos_membresias.csv;607;"fecha_vencimiento reparada de 05-07-25 a 2025-07-05"
608;pagos_membresias.csv;607;"fecha_pago reparada de 02-07-25 a 2025-07-02"
609;pagos_membresias.csv;608;"fecha_vencimiento reparada de 05-08-25 a 2025-08-05"
609;pagos_membresias.csv;608;"fecha_pago reparada de 05-08-25 a 2025-08-05"
610;pagos_membresias.csv;609;"fecha_vencimiento reparada de 05-09-25 a 2025-09-05"
610;pagos_membresias.csv;609;"fecha_pago reparada de 01-09-25 a 2025-09-01"
611;pagos_membresias.csv;610;"fecha_vencimiento reparada de 05-10-25 a 2025-10-05"
611;pagos_membresias.csv;610;"fecha_pago reparada de 04-10-25 a 2025-10-04"
612;pagos_membresias.csv;611;"fecha_vencimiento reparada de 05-11-25 a 2025-11-05"
613;pagos_membresias.csv;612;"fecha_vencimiento reparada de 05-12-25 a 2025-12-05"
614;pagos_membresias.csv;613;"fecha_vencimiento reparada de 05-01-25 a 2025-01-05"
614;pagos_membresias.csv;613;"fecha_pago reparada de 03-01-25 a 2025-01-03"
614;pagos_membresias.csv;613;"Fila enviada a ERR: run_socio_titular no es valido"
615;pagos_membresias.csv;614;"fecha_vencimiento reparada de 05-02-25 a 2025-02-05"
615;pagos_membresias.csv;614;"fecha_pago reparada de 01-02-25 a 2025-02-01"
615;pagos_membresias.csv;614;"Fila enviada a ERR: run_socio_titular no es valido"
616;pagos_membresias.csv;615;"fecha_vencimiento reparada de 05-03-25 a 2025-03-05"
616;pagos_membresias.csv;615;"fecha_pago reparada de 05-03-25 a 2025-03-05"
616;pagos_membresias.csv;615;"Fila enviada a ERR: run_socio_titular no es valido"
617;pagos_membresias.csv;616;"fecha_vencimiento reparada de 05-04-25 a 2025-04-05"
617;pagos_membresias.csv;616;"fecha_pago reparada de 02-04-25 a 2025-04-02"
617;pagos_membresias.csv;616;"Fila enviada a ERR: run_socio_titular no es valido"
618;pagos_membresias.csv;617;"fecha_vencimiento reparada de 05-05-25 a 2025-05-05"
618;pagos_membresias.csv;617;"fecha_pago reparada de 04-05-25 a 2025-05-04"
618;pagos_membresias.csv;617;"Fila enviada a ERR: run_socio_titular no es valido"
619;pagos_membresias.csv;618;"fecha_vencimiento reparada de 05-06-25 a 2025-06-05"
619;pagos_membresias.csv;618;"fecha_pago reparada de 01-06-25 a 2025-06-01"
619;pagos_membresias.csv;618;"Fila enviada a ERR: run_socio_titular no es valido"
620;pagos_membresias.csv;619;"fecha_vencimiento reparada de 05-07-25 a 2025-07-05"
620;pagos_membresias.csv;619;"fecha_pago reparada de 05-07-25 a 2025-07-05"
620;pagos_membresias.csv;619;"Fila enviada a ERR: run_socio_titular no es valido"
621;pagos_membresias.csv;620;"fecha_vencimiento reparada de 05-08-25 a 2025-08-05"
621;pagos_membresias.csv;620;"fecha_pago reparada de 03-08-25 a 2025-08-03"
621;pagos_membresias.csv;620;"Fila enviada a ERR: run_socio_titular no es valido"
622;pagos_membresias.csv;621;"fecha_vencimiento reparada de 05-09-25 a 2025-09-05"
622;pagos_membresias.csv;621;"fecha_pago reparada de 05-09-25 a 2025-09-05"
622;pagos_membresias.csv;621;"Fila enviada a ERR: run_socio_titular no es valido"
623;pagos_membresias.csv;622;"fecha_vencimiento reparada de 05-10-25 a 2025-10-05"
623;pagos_membresias.csv;622;"fecha_pago reparada de 01-10-25 a 2025-10-01"
623;pagos_membresias.csv;622;"Fila enviada a ERR: run_socio_titular no es valido"
624;pagos_membresias.csv;623;"fecha_vencimiento reparada de 05-11-25 a 2025-11-05"
624;pagos_membresias.csv;623;"Fila enviada a ERR: run_socio_titular no es valido"
625;pagos_membresias.csv;624;"fecha_vencimiento reparada de 05-12-25 a 2025-12-05"
625;pagos_membresias.csv;624;"Fila enviada a ERR: run_socio_titular no es valido"
626;pagos_membresias.csv;625;"fecha_vencimiento reparada de 05-01-25 a 2025-01-05"
626;pagos_membresias.csv;625;"fecha_pago reparada de 04-01-25 a 2025-01-04"
627;pagos_membresias.csv;626;"fecha_vencimiento reparada de 05-02-25 a 2025-02-05"
627;pagos_membresias.csv;626;"fecha_pago reparada de 05-02-25 a 2025-02-05"
628;pagos_membresias.csv;627;"fecha_vencimiento reparada de 05-03-25 a 2025-03-05"
628;pagos_membresias.csv;627;"fecha_pago reparada de 03-03-25 a 2025-03-03"
629;pagos_membresias.csv;628;"fecha_vencimiento reparada de 05-04-25 a 2025-04-05"
629;pagos_membresias.csv;628;"fecha_pago reparada de 03-04-25 a 2025-04-03"
630;pagos_membresias.csv;629;"fecha_vencimiento reparada de 05-05-25 a 2025-05-05"
630;pagos_membresias.csv;629;"fecha_pago reparada de 01-05-25 a 2025-05-01"
631;pagos_membresias.csv;630;"fecha_vencimiento reparada de 05-06-25 a 2025-06-05"
631;pagos_membresias.csv;630;"fecha_pago reparada de 04-06-25 a 2025-06-04"
632;pagos_membresias.csv;631;"fecha_vencimiento reparada de 05-07-25 a 2025-07-05"
632;pagos_membresias.csv;631;"fecha_pago reparada de 02-07-25 a 2025-07-02"
633;pagos_membresias.csv;632;"fecha_vencimiento reparada de 05-08-25 a 2025-08-05"
633;pagos_membresias.csv;632;"fecha_pago reparada de 05-08-25 a 2025-08-05"
634;pagos_membresias.csv;633;"fecha_vencimiento reparada de 05-09-25 a 2025-09-05"
634;pagos_membresias.csv;633;"fecha_pago reparada de 01-09-25 a 2025-09-01"
635;pagos_membresias.csv;634;"fecha_vencimiento reparada de 05-10-25 a 2025-10-05"
635;pagos_membresias.csv;634;"fecha_pago reparada de 04-10-25 a 2025-10-04"
636;pagos_membresias.csv;635;"fecha_vencimiento reparada de 05-11-25 a 2025-11-05"
637;pagos_membresias.csv;636;"fecha_vencimiento reparada de 05-12-25 a 2025-12-05"
638;pagos_membresias.csv;637;"fecha_vencimiento reparada de 05-01-25 a 2025-01-05"
638;pagos_membresias.csv;637;"fecha_pago reparada de 03-01-25 a 2025-01-03"
638;pagos_membresias.csv;637;"Fila enviada a ERR: run_socio_titular no es valido"
639;pagos_membresias.csv;638;"fecha_vencimiento reparada de 05-02-25 a 2025-02-05"
639;pagos_membresias.csv;638;"fecha_pago reparada de 01-02-25 a 2025-02-01"
639;pagos_membresias.csv;638;"Fila enviada a ERR: run_socio_titular no es valido"
640;pagos_membresias.csv;639;"fecha_vencimiento reparada de 05-03-25 a 2025-03-05"
640;pagos_membresias.csv;639;"fecha_pago reparada de 05-03-25 a 2025-03-05"
640;pagos_membresias.csv;639;"Fila enviada a ERR: run_socio_titular no es valido"
641;pagos_membresias.csv;640;"fecha_vencimiento reparada de 05-04-25 a 2025-04-05"
641;pagos_membresias.csv;640;"fecha_pago reparada de 02-04-25 a 2025-04-02"
641;pagos_membresias.csv;640;"Fila enviada a ERR: run_socio_titular no es valido"
642;pagos_membresias.csv;641;"fecha_vencimiento reparada de 05-05-25 a 2025-05-05"
642;pagos_membresias.csv;641;"fecha_pago reparada de 04-05-25 a 2025-05-04"
642;pagos_membresias.csv;641;"Fila enviada a ERR: run_socio_titular no es valido"
643;pagos_membresias.csv;642;"fecha_vencimiento reparada de 05-06-25 a 2025-06-05"
643;pagos_membresias.csv;642;"fecha_pago reparada de 01-06-25 a 2025-06-01"
643;pagos_membresias.csv;642;"Fila enviada a ERR: run_socio_titular no es valido"
644;pagos_membresias.csv;643;"fecha_vencimiento reparada de 05-07-25 a 2025-07-05"
644;pagos_membresias.csv;643;"fecha_pago reparada de 05-07-25 a 2025-07-05"
644;pagos_membresias.csv;643;"Fila enviada a ERR: run_socio_titular no es valido"
645;pagos_membresias.csv;644;"fecha_vencimiento reparada de 05-08-25 a 2025-08-05"
645;pagos_membresias.csv;644;"fecha_pago reparada de 03-08-25 a 2025-08-03"
645;pagos_membresias.csv;644;"Fila enviada a ERR: run_socio_titular no es valido"
646;pagos_membresias.csv;645;"fecha_vencimiento reparada de 05-09-25 a 2025-09-05"
646;pagos_membresias.csv;645;"fecha_pago reparada de 05-09-25 a 2025-09-05"
646;pagos_membresias.csv;645;"Fila enviada a ERR: run_socio_titular no es valido"
647;pagos_membresias.csv;646;"fecha_vencimiento reparada de 05-10-25 a 2025-10-05"
647;pagos_membresias.csv;646;"fecha_pago reparada de 01-10-25 a 2025-10-01"
647;pagos_membresias.csv;646;"Fila enviada a ERR: run_socio_titular no es valido"
648;pagos_membresias.csv;647;"fecha_vencimiento reparada de 05-11-25 a 2025-11-05"
648;pagos_membresias.csv;647;"Fila enviada a ERR: run_socio_titular no es valido"
649;pagos_membresias.csv;648;"fecha_vencimiento reparada de 05-12-25 a 2025-12-05"
649;pagos_membresias.csv;648;"Fila enviada a ERR: run_socio_titular no es valido"
650;pagos_membresias.csv;649;"fecha_vencimiento reparada de 05-01-25 a 2025-01-05"
650;pagos_membresias.csv;649;"fecha_pago reparada de 04-01-25 a 2025-01-04"
650;pagos_membresias.csv;649;"Fila enviada a ERR: run_socio_titular no es valido"
651;pagos_membresias.csv;650;"fecha_vencimiento reparada de 05-02-25 a 2025-02-05"
651;pagos_membresias.csv;650;"fecha_pago reparada de 05-02-25 a 2025-02-05"
651;pagos_membresias.csv;650;"Fila enviada a ERR: run_socio_titular no es valido"
652;pagos_membresias.csv;651;"fecha_vencimiento reparada de 05-03-25 a 2025-03-05"
652;pagos_membresias.csv;651;"fecha_pago reparada de 03-03-25 a 2025-03-03"
652;pagos_membresias.csv;651;"Fila enviada a ERR: run_socio_titular no es valido"
653;pagos_membresias.csv;652;"fecha_vencimiento reparada de 05-04-25 a 2025-04-05"
653;pagos_membresias.csv;652;"fecha_pago reparada de 03-04-25 a 2025-04-03"
653;pagos_membresias.csv;652;"Fila enviada a ERR: run_socio_titular no es valido"
654;pagos_membresias.csv;653;"fecha_vencimiento reparada de 05-05-25 a 2025-05-05"
654;pagos_membresias.csv;653;"fecha_pago reparada de 01-05-25 a 2025-05-01"
654;pagos_membresias.csv;653;"Fila enviada a ERR: run_socio_titular no es valido"
655;pagos_membresias.csv;654;"fecha_vencimiento reparada de 05-06-25 a 2025-06-05"
655;pagos_membresias.csv;654;"fecha_pago reparada de 04-06-25 a 2025-06-04"
655;pagos_membresias.csv;654;"Fila enviada a ERR: run_socio_titular no es valido"
656;pagos_membresias.csv;655;"fecha_vencimiento reparada de 05-07-25 a 2025-07-05"
656;pagos_membresias.csv;655;"fecha_pago reparada de 02-07-25 a 2025-07-02"
656;pagos_membresias.csv;655;"Fila enviada a ERR: run_socio_titular no es valido"
657;pagos_membresias.csv;656;"fecha_vencimiento reparada de 05-08-25 a 2025-08-05"
657;pagos_membresias.csv;656;"fecha_pago reparada de 05-08-25 a 2025-08-05"
657;pagos_membresias.csv;656;"Fila enviada a ERR: run_socio_titular no es valido"
658;pagos_membresias.csv;657;"fecha_vencimiento reparada de 05-09-25 a 2025-09-05"
658;pagos_membresias.csv;657;"fecha_pago reparada de 01-09-25 a 2025-09-01"
658;pagos_membresias.csv;657;"Fila enviada a ERR: run_socio_titular no es valido"
659;pagos_membresias.csv;658;"fecha_vencimiento reparada de 05-10-25 a 2025-10-05"
659;pagos_membresias.csv;658;"fecha_pago reparada de 04-10-25 a 2025-10-04"
659;pagos_membresias.csv;658;"Fila enviada a ERR: run_socio_titular no es valido"
660;pagos_membresias.csv;659;"fecha_vencimiento reparada de 05-11-25 a 2025-11-05"
660;pagos_membresias.csv;659;"Fila enviada a ERR: run_socio_titular no es valido"
661;pagos_membresias.csv;660;"fecha_vencimiento reparada de 05-12-25 a 2025-12-05"
661;pagos_membresias.csv;660;"Fila enviada a ERR: run_socio_titular no es valido"
662;pagos_membresias.csv;661;"fecha_vencimiento reparada de 05-01-25 a 2025-01-05"
662;pagos_membresias.csv;661;"fecha_pago reparada de 03-01-25 a 2025-01-03"
662;pagos_membresias.csv;661;"Fila enviada a ERR: run_socio_titular no es valido"
663;pagos_membresias.csv;662;"fecha_vencimiento reparada de 05-02-25 a 2025-02-05"
663;pagos_membresias.csv;662;"fecha_pago reparada de 01-02-25 a 2025-02-01"
663;pagos_membresias.csv;662;"Fila enviada a ERR: run_socio_titular no es valido"
664;pagos_membresias.csv;663;"fecha_vencimiento reparada de 05-03-25 a 2025-03-05"
664;pagos_membresias.csv;663;"fecha_pago reparada de 05-03-25 a 2025-03-05"
664;pagos_membresias.csv;663;"Fila enviada a ERR: run_socio_titular no es valido"
665;pagos_membresias.csv;664;"fecha_vencimiento reparada de 05-04-25 a 2025-04-05"
665;pagos_membresias.csv;664;"fecha_pago reparada de 02-04-25 a 2025-04-02"
665;pagos_membresias.csv;664;"Fila enviada a ERR: run_socio_titular no es valido"
666;pagos_membresias.csv;665;"fecha_vencimiento reparada de 05-05-25 a 2025-05-05"
666;pagos_membresias.csv;665;"fecha_pago reparada de 04-05-25 a 2025-05-04"
666;pagos_membresias.csv;665;"Fila enviada a ERR: run_socio_titular no es valido"
667;pagos_membresias.csv;666;"fecha_vencimiento reparada de 05-06-25 a 2025-06-05"
667;pagos_membresias.csv;666;"fecha_pago reparada de 01-06-25 a 2025-06-01"
667;pagos_membresias.csv;666;"Fila enviada a ERR: run_socio_titular no es valido"
668;pagos_membresias.csv;667;"fecha_vencimiento reparada de 05-07-25 a 2025-07-05"
668;pagos_membresias.csv;667;"fecha_pago reparada de 05-07-25 a 2025-07-05"
668;pagos_membresias.csv;667;"Fila enviada a ERR: run_socio_titular no es valido"
669;pagos_membresias.csv;668;"fecha_vencimiento reparada de 05-08-25 a 2025-08-05"
669;pagos_membresias.csv;668;"fecha_pago reparada de 03-08-25 a 2025-08-03"
669;pagos_membresias.csv;668;"Fila enviada a ERR: run_socio_titular no es valido"
670;pagos_membresias.csv;669;"fecha_vencimiento reparada de 05-09-25 a 2025-09-05"
670;pagos_membresias.csv;669;"fecha_pago reparada de 05-09-25 a 2025-09-05"
670;pagos_membresias.csv;669;"Fila enviada a ERR: run_socio_titular no es valido"
671;pagos_membresias.csv;670;"fecha_vencimiento reparada de 05-10-25 a 2025-10-05"
671;pagos_membresias.csv;670;"fecha_pago reparada de 01-10-25 a 2025-10-01"
671;pagos_membresias.csv;670;"Fila enviada a ERR: run_socio_titular no es valido"
672;pagos_membresias.csv;671;"fecha_vencimiento reparada de 05-11-25 a 2025-11-05"
672;pagos_membresias.csv;671;"Fila enviada a ERR: run_socio_titular no es valido"
673;pagos_membresias.csv;672;"fecha_vencimiento reparada de 05-12-25 a 2025-12-05"
673;pagos_membresias.csv;672;"Fila enviada a ERR: run_socio_titular no es valido"
674;pagos_membresias.csv;673;"fecha_vencimiento reparada de 05-01-25 a 2025-01-05"
674;pagos_membresias.csv;673;"fecha_pago reparada de 04-01-25 a 2025-01-04"
674;pagos_membresias.csv;673;"Fila enviada a ERR: run_socio_titular no es valido"
675;pagos_membresias.csv;674;"fecha_vencimiento reparada de 05-02-25 a 2025-02-05"
675;pagos_membresias.csv;674;"fecha_pago reparada de 05-02-25 a 2025-02-05"
675;pagos_membresias.csv;674;"Fila enviada a ERR: run_socio_titular no es valido"
676;pagos_membresias.csv;675;"fecha_vencimiento reparada de 05-03-25 a 2025-03-05"
676;pagos_membresias.csv;675;"fecha_pago reparada de 03-03-25 a 2025-03-03"
676;pagos_membresias.csv;675;"Fila enviada a ERR: run_socio_titular no es valido"
677;pagos_membresias.csv;676;"fecha_vencimiento reparada de 05-04-25 a 2025-04-05"
677;pagos_membresias.csv;676;"fecha_pago reparada de 03-04-25 a 2025-04-03"
677;pagos_membresias.csv;676;"Fila enviada a ERR: run_socio_titular no es valido"
678;pagos_membresias.csv;677;"fecha_vencimiento reparada de 05-05-25 a 2025-05-05"
678;pagos_membresias.csv;677;"fecha_pago reparada de 01-05-25 a 2025-05-01"
678;pagos_membresias.csv;677;"Fila enviada a ERR: run_socio_titular no es valido"
679;pagos_membresias.csv;678;"fecha_vencimiento reparada de 05-06-25 a 2025-06-05"
679;pagos_membresias.csv;678;"fecha_pago reparada de 04-06-25 a 2025-06-04"
679;pagos_membresias.csv;678;"Fila enviada a ERR: run_socio_titular no es valido"
680;pagos_membresias.csv;679;"fecha_vencimiento reparada de 05-07-25 a 2025-07-05"
680;pagos_membresias.csv;679;"fecha_pago reparada de 02-07-25 a 2025-07-02"
680;pagos_membresias.csv;679;"Fila enviada a ERR: run_socio_titular no es valido"
681;pagos_membresias.csv;680;"fecha_vencimiento reparada de 05-08-25 a 2025-08-05"
681;pagos_membresias.csv;680;"fecha_pago reparada de 05-08-25 a 2025-08-05"
681;pagos_membresias.csv;680;"Fila enviada a ERR: run_socio_titular no es valido"
682;pagos_membresias.csv;681;"fecha_vencimiento reparada de 05-09-25 a 2025-09-05"
682;pagos_membresias.csv;681;"fecha_pago reparada de 01-09-25 a 2025-09-01"
682;pagos_membresias.csv;681;"Fila enviada a ERR: run_socio_titular no es valido"
683;pagos_membresias.csv;682;"fecha_vencimiento reparada de 05-10-25 a 2025-10-05"
683;pagos_membresias.csv;682;"fecha_pago reparada de 04-10-25 a 2025-10-04"
683;pagos_membresias.csv;682;"Fila enviada a ERR: run_socio_titular no es valido"
684;pagos_membresias.csv;683;"fecha_vencimiento reparada de 05-11-25 a 2025-11-05"
684;pagos_membresias.csv;683;"Fila enviada a ERR: run_socio_titular no es valido"
685;pagos_membresias.csv;684;"fecha_vencimiento reparada de 05-12-25 a 2025-12-05"
685;pagos_membresias.csv;684;"Fila enviada a ERR: run_socio_titular no es valido"
686;pagos_membresias.csv;685;"fecha_vencimiento reparada de 05-01-25 a 2025-01-05"
686;pagos_membresias.csv;685;"fecha_pago reparada de 03-01-25 a 2025-01-03"
686;pagos_membresias.csv;685;"Fila enviada a ERR: run_socio_titular no es valido"
687;pagos_membresias.csv;686;"fecha_vencimiento reparada de 05-02-25 a 2025-02-05"
687;pagos_membresias.csv;686;"fecha_pago reparada de 01-02-25 a 2025-02-01"
687;pagos_membresias.csv;686;"Fila enviada a ERR: run_socio_titular no es valido"
688;pagos_membresias.csv;687;"fecha_vencimiento reparada de 05-03-25 a 2025-03-05"
688;pagos_membresias.csv;687;"fecha_pago reparada de 05-03-25 a 2025-03-05"
688;pagos_membresias.csv;687;"Fila enviada a ERR: run_socio_titular no es valido"
689;pagos_membresias.csv;688;"fecha_vencimiento reparada de 05-04-25 a 2025-04-05"
689;pagos_membresias.csv;688;"fecha_pago reparada de 02-04-25 a 2025-04-02"
689;pagos_membresias.csv;688;"Fila enviada a ERR: run_socio_titular no es valido"
690;pagos_membresias.csv;689;"fecha_vencimiento reparada de 05-05-25 a 2025-05-05"
690;pagos_membresias.csv;689;"fecha_pago reparada de 04-05-25 a 2025-05-04"
690;pagos_membresias.csv;689;"Fila enviada a ERR: run_socio_titular no es valido"
691;pagos_membresias.csv;690;"fecha_vencimiento reparada de 05-06-25 a 2025-06-05"
691;pagos_membresias.csv;690;"fecha_pago reparada de 01-06-25 a 2025-06-01"
691;pagos_membresias.csv;690;"Fila enviada a ERR: run_socio_titular no es valido"
692;pagos_membresias.csv;691;"fecha_vencimiento reparada de 05-07-25 a 2025-07-05"
692;pagos_membresias.csv;691;"fecha_pago reparada de 05-07-25 a 2025-07-05"
692;pagos_membresias.csv;691;"Fila enviada a ERR: run_socio_titular no es valido"
693;pagos_membresias.csv;692;"fecha_vencimiento reparada de 05-08-25 a 2025-08-05"
693;pagos_membresias.csv;692;"fecha_pago reparada de 03-08-25 a 2025-08-03"
693;pagos_membresias.csv;692;"Fila enviada a ERR: run_socio_titular no es valido"
694;pagos_membresias.csv;693;"fecha_vencimiento reparada de 05-09-25 a 2025-09-05"
694;pagos_membresias.csv;693;"fecha_pago reparada de 05-09-25 a 2025-09-05"
694;pagos_membresias.csv;693;"Fila enviada a ERR: run_socio_titular no es valido"
695;pagos_membresias.csv;694;"fecha_vencimiento reparada de 05-10-25 a 2025-10-05"
695;pagos_membresias.csv;694;"fecha_pago reparada de 01-10-25 a 2025-10-01"
695;pagos_membresias.csv;694;"Fila enviada a ERR: run_socio_titular no es valido"
696;pagos_membresias.csv;695;"fecha_vencimiento reparada de 05-11-25 a 2025-11-05"
696;pagos_membresias.csv;695;"Fila enviada a ERR: run_socio_titular no es valido"
697;pagos_membresias.csv;696;"fecha_vencimiento reparada de 05-12-25 a 2025-12-05"
697;pagos_membresias.csv;696;"Fila enviada a ERR: run_socio_titular no es valido"
698;pagos_membresias.csv;697;"fecha_vencimiento reparada de 05-01-25 a 2025-01-05"
698;pagos_membresias.csv;697;"fecha_pago reparada de 04-01-25 a 2025-01-04"
699;pagos_membresias.csv;698;"fecha_vencimiento reparada de 05-02-25 a 2025-02-05"
699;pagos_membresias.csv;698;"fecha_pago reparada de 05-02-25 a 2025-02-05"
700;pagos_membresias.csv;699;"fecha_vencimiento reparada de 05-03-25 a 2025-03-05"
700;pagos_membresias.csv;699;"fecha_pago reparada de 03-03-25 a 2025-03-03"
701;pagos_membresias.csv;700;"fecha_vencimiento reparada de 05-04-25 a 2025-04-05"
701;pagos_membresias.csv;700;"fecha_pago reparada de 03-04-25 a 2025-04-03"
702;pagos_membresias.csv;701;"fecha_vencimiento reparada de 05-05-25 a 2025-05-05"
702;pagos_membresias.csv;701;"fecha_pago reparada de 01-05-25 a 2025-05-01"
703;pagos_membresias.csv;702;"fecha_vencimiento reparada de 05-06-25 a 2025-06-05"
703;pagos_membresias.csv;702;"fecha_pago reparada de 04-06-25 a 2025-06-04"
704;pagos_membresias.csv;703;"fecha_vencimiento reparada de 05-07-25 a 2025-07-05"
704;pagos_membresias.csv;703;"fecha_pago reparada de 02-07-25 a 2025-07-02"
705;pagos_membresias.csv;704;"fecha_vencimiento reparada de 05-08-25 a 2025-08-05"
705;pagos_membresias.csv;704;"fecha_pago reparada de 05-08-25 a 2025-08-05"
706;pagos_membresias.csv;705;"fecha_vencimiento reparada de 05-09-25 a 2025-09-05"
706;pagos_membresias.csv;705;"fecha_pago reparada de 01-09-25 a 2025-09-01"
707;pagos_membresias.csv;706;"fecha_vencimiento reparada de 05-10-25 a 2025-10-05"
707;pagos_membresias.csv;706;"fecha_pago reparada de 04-10-25 a 2025-10-04"
708;pagos_membresias.csv;707;"fecha_vencimiento reparada de 05-11-25 a 2025-11-05"
709;pagos_membresias.csv;708;"fecha_vencimiento reparada de 05-12-25 a 2025-12-05"
710;pagos_membresias.csv;709;"fecha_vencimiento reparada de 05-01-25 a 2025-01-05"
710;pagos_membresias.csv;709;"fecha_pago reparada de 03-01-25 a 2025-01-03"
711;pagos_membresias.csv;710;"fecha_vencimiento reparada de 05-02-25 a 2025-02-05"
711;pagos_membresias.csv;710;"fecha_pago reparada de 01-02-25 a 2025-02-01"
712;pagos_membresias.csv;711;"fecha_vencimiento reparada de 05-03-25 a 2025-03-05"
712;pagos_membresias.csv;711;"fecha_pago reparada de 05-03-25 a 2025-03-05"
713;pagos_membresias.csv;712;"fecha_vencimiento reparada de 05-04-25 a 2025-04-05"
713;pagos_membresias.csv;712;"fecha_pago reparada de 02-04-25 a 2025-04-02"
714;pagos_membresias.csv;713;"fecha_vencimiento reparada de 05-05-25 a 2025-05-05"
714;pagos_membresias.csv;713;"fecha_pago reparada de 04-05-25 a 2025-05-04"
715;pagos_membresias.csv;714;"fecha_vencimiento reparada de 05-06-25 a 2025-06-05"
715;pagos_membresias.csv;714;"fecha_pago reparada de 01-06-25 a 2025-06-01"
716;pagos_membresias.csv;715;"fecha_vencimiento reparada de 05-07-25 a 2025-07-05"
716;pagos_membresias.csv;715;"fecha_pago reparada de 05-07-25 a 2025-07-05"
717;pagos_membresias.csv;716;"fecha_vencimiento reparada de 05-08-25 a 2025-08-05"
717;pagos_membresias.csv;716;"fecha_pago reparada de 03-08-25 a 2025-08-03"
718;pagos_membresias.csv;717;"fecha_vencimiento reparada de 05-09-25 a 2025-09-05"
718;pagos_membresias.csv;717;"fecha_pago reparada de 05-09-25 a 2025-09-05"
719;pagos_membresias.csv;718;"fecha_vencimiento reparada de 05-10-25 a 2025-10-05"
719;pagos_membresias.csv;718;"fecha_pago reparada de 01-10-25 a 2025-10-01"
720;pagos_membresias.csv;719;"fecha_vencimiento reparada de 05-11-25 a 2025-11-05"
721;pagos_membresias.csv;720;"fecha_vencimiento reparada de 05-12-25 a 2025-12-05"
722;pagos_membresias.csv;721;"fecha_vencimiento reparada de 05-01-25 a 2025-01-05"
722;pagos_membresias.csv;721;"fecha_pago reparada de 04-01-25 a 2025-01-04"
722;pagos_membresias.csv;721;"Fila enviada a ERR: run_socio_titular no es valido"
723;pagos_membresias.csv;722;"fecha_vencimiento reparada de 05-02-25 a 2025-02-05"
723;pagos_membresias.csv;722;"fecha_pago reparada de 05-02-25 a 2025-02-05"
723;pagos_membresias.csv;722;"Fila enviada a ERR: run_socio_titular no es valido"
724;pagos_membresias.csv;723;"fecha_vencimiento reparada de 05-03-25 a 2025-03-05"
724;pagos_membresias.csv;723;"fecha_pago reparada de 03-03-25 a 2025-03-03"
724;pagos_membresias.csv;723;"Fila enviada a ERR: run_socio_titular no es valido"
725;pagos_membresias.csv;724;"fecha_vencimiento reparada de 05-04-25 a 2025-04-05"
725;pagos_membresias.csv;724;"fecha_pago reparada de 03-04-25 a 2025-04-03"
725;pagos_membresias.csv;724;"Fila enviada a ERR: run_socio_titular no es valido"
726;pagos_membresias.csv;725;"fecha_vencimiento reparada de 05-05-25 a 2025-05-05"
726;pagos_membresias.csv;725;"fecha_pago reparada de 01-05-25 a 2025-05-01"
726;pagos_membresias.csv;725;"Fila enviada a ERR: run_socio_titular no es valido"
727;pagos_membresias.csv;726;"fecha_vencimiento reparada de 05-06-25 a 2025-06-05"
727;pagos_membresias.csv;726;"fecha_pago reparada de 04-06-25 a 2025-06-04"
727;pagos_membresias.csv;726;"Fila enviada a ERR: run_socio_titular no es valido"
728;pagos_membresias.csv;727;"fecha_vencimiento reparada de 05-07-25 a 2025-07-05"
728;pagos_membresias.csv;727;"fecha_pago reparada de 02-07-25 a 2025-07-02"
728;pagos_membresias.csv;727;"Fila enviada a ERR: run_socio_titular no es valido"
729;pagos_membresias.csv;728;"fecha_vencimiento reparada de 05-08-25 a 2025-08-05"
729;pagos_membresias.csv;728;"fecha_pago reparada de 05-08-25 a 2025-08-05"
729;pagos_membresias.csv;728;"Fila enviada a ERR: run_socio_titular no es valido"
730;pagos_membresias.csv;729;"fecha_vencimiento reparada de 05-09-25 a 2025-09-05"
730;pagos_membresias.csv;729;"fecha_pago reparada de 01-09-25 a 2025-09-01"
730;pagos_membresias.csv;729;"Fila enviada a ERR: run_socio_titular no es valido"
731;pagos_membresias.csv;730;"fecha_vencimiento reparada de 05-10-25 a 2025-10-05"
731;pagos_membresias.csv;730;"fecha_pago reparada de 04-10-25 a 2025-10-04"
731;pagos_membresias.csv;730;"Fila enviada a ERR: run_socio_titular no es valido"
732;pagos_membresias.csv;731;"fecha_vencimiento reparada de 05-11-25 a 2025-11-05"
732;pagos_membresias.csv;731;"Fila enviada a ERR: run_socio_titular no es valido"
733;pagos_membresias.csv;732;"fecha_vencimiento reparada de 05-12-25 a 2025-12-05"
733;pagos_membresias.csv;732;"Fila enviada a ERR: run_socio_titular no es valido"
734;pagos_membresias.csv;733;"fecha_vencimiento reparada de 05-01-25 a 2025-01-05"
734;pagos_membresias.csv;733;"fecha_pago reparada de 03-01-25 a 2025-01-03"
734;pagos_membresias.csv;733;"Fila enviada a ERR: run_socio_titular no es valido"
735;pagos_membresias.csv;734;"fecha_vencimiento reparada de 05-02-25 a 2025-02-05"
735;pagos_membresias.csv;734;"fecha_pago reparada de 01-02-25 a 2025-02-01"
735;pagos_membresias.csv;734;"Fila enviada a ERR: run_socio_titular no es valido"
736;pagos_membresias.csv;735;"fecha_vencimiento reparada de 05-03-25 a 2025-03-05"
736;pagos_membresias.csv;735;"fecha_pago reparada de 05-03-25 a 2025-03-05"
736;pagos_membresias.csv;735;"Fila enviada a ERR: run_socio_titular no es valido"
737;pagos_membresias.csv;736;"fecha_vencimiento reparada de 05-04-25 a 2025-04-05"
737;pagos_membresias.csv;736;"fecha_pago reparada de 02-04-25 a 2025-04-02"
737;pagos_membresias.csv;736;"Fila enviada a ERR: run_socio_titular no es valido"
738;pagos_membresias.csv;737;"fecha_vencimiento reparada de 05-05-25 a 2025-05-05"
738;pagos_membresias.csv;737;"fecha_pago reparada de 04-05-25 a 2025-05-04"
738;pagos_membresias.csv;737;"Fila enviada a ERR: run_socio_titular no es valido"
739;pagos_membresias.csv;738;"fecha_vencimiento reparada de 05-06-25 a 2025-06-05"
739;pagos_membresias.csv;738;"fecha_pago reparada de 01-06-25 a 2025-06-01"
739;pagos_membresias.csv;738;"Fila enviada a ERR: run_socio_titular no es valido"
740;pagos_membresias.csv;739;"fecha_vencimiento reparada de 05-07-25 a 2025-07-05"
740;pagos_membresias.csv;739;"fecha_pago reparada de 05-07-25 a 2025-07-05"
740;pagos_membresias.csv;739;"Fila enviada a ERR: run_socio_titular no es valido"
741;pagos_membresias.csv;740;"fecha_vencimiento reparada de 05-08-25 a 2025-08-05"
741;pagos_membresias.csv;740;"fecha_pago reparada de 03-08-25 a 2025-08-03"
741;pagos_membresias.csv;740;"Fila enviada a ERR: run_socio_titular no es valido"
742;pagos_membresias.csv;741;"fecha_vencimiento reparada de 05-09-25 a 2025-09-05"
742;pagos_membresias.csv;741;"fecha_pago reparada de 05-09-25 a 2025-09-05"
742;pagos_membresias.csv;741;"Fila enviada a ERR: run_socio_titular no es valido"
743;pagos_membresias.csv;742;"fecha_vencimiento reparada de 05-10-25 a 2025-10-05"
743;pagos_membresias.csv;742;"fecha_pago reparada de 01-10-25 a 2025-10-01"
743;pagos_membresias.csv;742;"Fila enviada a ERR: run_socio_titular no es valido"
744;pagos_membresias.csv;743;"fecha_vencimiento reparada de 05-11-25 a 2025-11-05"
744;pagos_membresias.csv;743;"Fila enviada a ERR: run_socio_titular no es valido"
745;pagos_membresias.csv;744;"fecha_vencimiento reparada de 05-12-25 a 2025-12-05"
745;pagos_membresias.csv;744;"Fila enviada a ERR: run_socio_titular no es valido"
746;pagos_membresias.csv;745;"fecha_vencimiento reparada de 05-01-25 a 2025-01-05"
746;pagos_membresias.csv;745;"fecha_pago reparada de 04-01-25 a 2025-01-04"
747;pagos_membresias.csv;746;"fecha_vencimiento reparada de 05-02-25 a 2025-02-05"
747;pagos_membresias.csv;746;"fecha_pago reparada de 05-02-25 a 2025-02-05"
748;pagos_membresias.csv;747;"fecha_vencimiento reparada de 05-03-25 a 2025-03-05"
748;pagos_membresias.csv;747;"fecha_pago reparada de 03-03-25 a 2025-03-03"
749;pagos_membresias.csv;748;"fecha_vencimiento reparada de 05-04-25 a 2025-04-05"
749;pagos_membresias.csv;748;"fecha_pago reparada de 03-04-25 a 2025-04-03"
750;pagos_membresias.csv;749;"fecha_vencimiento reparada de 05-05-25 a 2025-05-05"
750;pagos_membresias.csv;749;"fecha_pago reparada de 01-05-25 a 2025-05-01"
751;pagos_membresias.csv;750;"fecha_vencimiento reparada de 05-06-25 a 2025-06-05"
751;pagos_membresias.csv;750;"fecha_pago reparada de 04-06-25 a 2025-06-04"
752;pagos_membresias.csv;751;"fecha_vencimiento reparada de 05-07-25 a 2025-07-05"
752;pagos_membresias.csv;751;"fecha_pago reparada de 02-07-25 a 2025-07-02"
753;pagos_membresias.csv;752;"fecha_vencimiento reparada de 05-08-25 a 2025-08-05"
753;pagos_membresias.csv;752;"fecha_pago reparada de 05-08-25 a 2025-08-05"
754;pagos_membresias.csv;753;"fecha_vencimiento reparada de 05-09-25 a 2025-09-05"
754;pagos_membresias.csv;753;"fecha_pago reparada de 01-09-25 a 2025-09-01"
755;pagos_membresias.csv;754;"fecha_vencimiento reparada de 05-10-25 a 2025-10-05"
755;pagos_membresias.csv;754;"fecha_pago reparada de 04-10-25 a 2025-10-04"
756;pagos_membresias.csv;755;"fecha_vencimiento reparada de 05-11-25 a 2025-11-05"
757;pagos_membresias.csv;756;"fecha_vencimiento reparada de 05-12-25 a 2025-12-05"
758;pagos_membresias.csv;757;"fecha_vencimiento reparada de 05-01-25 a 2025-01-05"
758;pagos_membresias.csv;757;"fecha_pago reparada de 03-01-25 a 2025-01-03"
758;pagos_membresias.csv;757;"Fila enviada a ERR: run_socio_titular no es valido"
759;pagos_membresias.csv;758;"fecha_vencimiento reparada de 05-02-25 a 2025-02-05"
759;pagos_membresias.csv;758;"fecha_pago reparada de 01-02-25 a 2025-02-01"
759;pagos_membresias.csv;758;"Fila enviada a ERR: run_socio_titular no es valido"
760;pagos_membresias.csv;759;"fecha_vencimiento reparada de 05-03-25 a 2025-03-05"
760;pagos_membresias.csv;759;"fecha_pago reparada de 05-03-25 a 2025-03-05"
760;pagos_membresias.csv;759;"Fila enviada a ERR: run_socio_titular no es valido"
761;pagos_membresias.csv;760;"fecha_vencimiento reparada de 05-04-25 a 2025-04-05"
761;pagos_membresias.csv;760;"fecha_pago reparada de 02-04-25 a 2025-04-02"
761;pagos_membresias.csv;760;"Fila enviada a ERR: run_socio_titular no es valido"
762;pagos_membresias.csv;761;"fecha_vencimiento reparada de 05-05-25 a 2025-05-05"
762;pagos_membresias.csv;761;"fecha_pago reparada de 04-05-25 a 2025-05-04"
762;pagos_membresias.csv;761;"Fila enviada a ERR: run_socio_titular no es valido"
763;pagos_membresias.csv;762;"fecha_vencimiento reparada de 05-06-25 a 2025-06-05"
763;pagos_membresias.csv;762;"fecha_pago reparada de 01-06-25 a 2025-06-01"
763;pagos_membresias.csv;762;"Fila enviada a ERR: run_socio_titular no es valido"
764;pagos_membresias.csv;763;"fecha_vencimiento reparada de 05-07-25 a 2025-07-05"
764;pagos_membresias.csv;763;"fecha_pago reparada de 05-07-25 a 2025-07-05"
764;pagos_membresias.csv;763;"Fila enviada a ERR: run_socio_titular no es valido"
765;pagos_membresias.csv;764;"fecha_vencimiento reparada de 05-08-25 a 2025-08-05"
765;pagos_membresias.csv;764;"fecha_pago reparada de 03-08-25 a 2025-08-03"
765;pagos_membresias.csv;764;"Fila enviada a ERR: run_socio_titular no es valido"
766;pagos_membresias.csv;765;"fecha_vencimiento reparada de 05-09-25 a 2025-09-05"
766;pagos_membresias.csv;765;"fecha_pago reparada de 05-09-25 a 2025-09-05"
766;pagos_membresias.csv;765;"Fila enviada a ERR: run_socio_titular no es valido"
767;pagos_membresias.csv;766;"fecha_vencimiento reparada de 05-10-25 a 2025-10-05"
767;pagos_membresias.csv;766;"fecha_pago reparada de 01-10-25 a 2025-10-01"
767;pagos_membresias.csv;766;"Fila enviada a ERR: run_socio_titular no es valido"
768;pagos_membresias.csv;767;"fecha_vencimiento reparada de 05-11-25 a 2025-11-05"
768;pagos_membresias.csv;767;"Fila enviada a ERR: run_socio_titular no es valido"
769;pagos_membresias.csv;768;"fecha_vencimiento reparada de 05-12-25 a 2025-12-05"
769;pagos_membresias.csv;768;"Fila enviada a ERR: run_socio_titular no es valido"
770;pagos_membresias.csv;769;"fecha_vencimiento reparada de 05-01-25 a 2025-01-05"
770;pagos_membresias.csv;769;"fecha_pago reparada de 04-01-25 a 2025-01-04"
771;pagos_membresias.csv;770;"fecha_vencimiento reparada de 05-02-25 a 2025-02-05"
771;pagos_membresias.csv;770;"fecha_pago reparada de 05-02-25 a 2025-02-05"
772;pagos_membresias.csv;771;"fecha_vencimiento reparada de 05-03-25 a 2025-03-05"
772;pagos_membresias.csv;771;"fecha_pago reparada de 03-03-25 a 2025-03-03"
773;pagos_membresias.csv;772;"fecha_vencimiento reparada de 05-04-25 a 2025-04-05"
773;pagos_membresias.csv;772;"fecha_pago reparada de 03-04-25 a 2025-04-03"
774;pagos_membresias.csv;773;"fecha_vencimiento reparada de 05-05-25 a 2025-05-05"
774;pagos_membresias.csv;773;"fecha_pago reparada de 01-05-25 a 2025-05-01"
775;pagos_membresias.csv;774;"fecha_vencimiento reparada de 05-06-25 a 2025-06-05"
775;pagos_membresias.csv;774;"fecha_pago reparada de 04-06-25 a 2025-06-04"
776;pagos_membresias.csv;775;"fecha_vencimiento reparada de 05-07-25 a 2025-07-05"
776;pagos_membresias.csv;775;"fecha_pago reparada de 02-07-25 a 2025-07-02"
777;pagos_membresias.csv;776;"fecha_vencimiento reparada de 05-08-25 a 2025-08-05"
777;pagos_membresias.csv;776;"fecha_pago reparada de 05-08-25 a 2025-08-05"
778;pagos_membresias.csv;777;"fecha_vencimiento reparada de 05-09-25 a 2025-09-05"
778;pagos_membresias.csv;777;"fecha_pago reparada de 01-09-25 a 2025-09-01"
779;pagos_membresias.csv;778;"fecha_vencimiento reparada de 05-10-25 a 2025-10-05"
779;pagos_membresias.csv;778;"fecha_pago reparada de 04-10-25 a 2025-10-04"
780;pagos_membresias.csv;779;"fecha_vencimiento reparada de 05-11-25 a 2025-11-05"
781;pagos_membresias.csv;780;"fecha_vencimiento reparada de 05-12-25 a 2025-12-05"
782;pagos_membresias.csv;781;"fecha_vencimiento reparada de 05-01-25 a 2025-01-05"
782;pagos_membresias.csv;781;"fecha_pago reparada de 03-01-25 a 2025-01-03"
783;pagos_membresias.csv;782;"fecha_vencimiento reparada de 05-02-25 a 2025-02-05"
783;pagos_membresias.csv;782;"fecha_pago reparada de 01-02-25 a 2025-02-01"
784;pagos_membresias.csv;783;"fecha_vencimiento reparada de 05-03-25 a 2025-03-05"
784;pagos_membresias.csv;783;"fecha_pago reparada de 05-03-25 a 2025-03-05"
785;pagos_membresias.csv;784;"fecha_vencimiento reparada de 05-04-25 a 2025-04-05"
785;pagos_membresias.csv;784;"fecha_pago reparada de 02-04-25 a 2025-04-02"
786;pagos_membresias.csv;785;"fecha_vencimiento reparada de 05-05-25 a 2025-05-05"
786;pagos_membresias.csv;785;"fecha_pago reparada de 04-05-25 a 2025-05-04"
787;pagos_membresias.csv;786;"fecha_vencimiento reparada de 05-06-25 a 2025-06-05"
787;pagos_membresias.csv;786;"fecha_pago reparada de 01-06-25 a 2025-06-01"
788;pagos_membresias.csv;787;"fecha_vencimiento reparada de 05-07-25 a 2025-07-05"
788;pagos_membresias.csv;787;"fecha_pago reparada de 05-07-25 a 2025-07-05"
789;pagos_membresias.csv;788;"fecha_vencimiento reparada de 05-08-25 a 2025-08-05"
789;pagos_membresias.csv;788;"fecha_pago reparada de 03-08-25 a 2025-08-03"
790;pagos_membresias.csv;789;"fecha_vencimiento reparada de 05-09-25 a 2025-09-05"
790;pagos_membresias.csv;789;"fecha_pago reparada de 05-09-25 a 2025-09-05"
791;pagos_membresias.csv;790;"fecha_vencimiento reparada de 05-10-25 a 2025-10-05"
791;pagos_membresias.csv;790;"fecha_pago reparada de 01-10-25 a 2025-10-01"
792;pagos_membresias.csv;791;"fecha_vencimiento reparada de 05-11-25 a 2025-11-05"
793;pagos_membresias.csv;792;"fecha_vencimiento reparada de 05-12-25 a 2025-12-05"
794;pagos_membresias.csv;793;"fecha_vencimiento reparada de 05-01-25 a 2025-01-05"
794;pagos_membresias.csv;793;"fecha_pago reparada de 04-01-25 a 2025-01-04"
794;pagos_membresias.csv;793;"Fila enviada a ERR: run_socio_titular no es valido"
795;pagos_membresias.csv;794;"fecha_vencimiento reparada de 05-02-25 a 2025-02-05"
795;pagos_membresias.csv;794;"fecha_pago reparada de 05-02-25 a 2025-02-05"
795;pagos_membresias.csv;794;"Fila enviada a ERR: run_socio_titular no es valido"
796;pagos_membresias.csv;795;"fecha_vencimiento reparada de 05-03-25 a 2025-03-05"
796;pagos_membresias.csv;795;"fecha_pago reparada de 03-03-25 a 2025-03-03"
796;pagos_membresias.csv;795;"Fila enviada a ERR: run_socio_titular no es valido"
797;pagos_membresias.csv;796;"fecha_vencimiento reparada de 05-04-25 a 2025-04-05"
797;pagos_membresias.csv;796;"fecha_pago reparada de 03-04-25 a 2025-04-03"
797;pagos_membresias.csv;796;"Fila enviada a ERR: run_socio_titular no es valido"
798;pagos_membresias.csv;797;"fecha_vencimiento reparada de 05-05-25 a 2025-05-05"
798;pagos_membresias.csv;797;"fecha_pago reparada de 01-05-25 a 2025-05-01"
798;pagos_membresias.csv;797;"Fila enviada a ERR: run_socio_titular no es valido"
799;pagos_membresias.csv;798;"fecha_vencimiento reparada de 05-06-25 a 2025-06-05"
799;pagos_membresias.csv;798;"fecha_pago reparada de 04-06-25 a 2025-06-04"
799;pagos_membresias.csv;798;"Fila enviada a ERR: run_socio_titular no es valido"
800;pagos_membresias.csv;799;"fecha_vencimiento reparada de 05-07-25 a 2025-07-05"
800;pagos_membresias.csv;799;"fecha_pago reparada de 02-07-25 a 2025-07-02"
800;pagos_membresias.csv;799;"Fila enviada a ERR: run_socio_titular no es valido"
801;pagos_membresias.csv;800;"fecha_vencimiento reparada de 05-08-25 a 2025-08-05"
801;pagos_membresias.csv;800;"fecha_pago reparada de 05-08-25 a 2025-08-05"
801;pagos_membresias.csv;800;"Fila enviada a ERR: run_socio_titular no es valido"
802;pagos_membresias.csv;801;"fecha_vencimiento reparada de 05-09-25 a 2025-09-05"
802;pagos_membresias.csv;801;"fecha_pago reparada de 01-09-25 a 2025-09-01"
802;pagos_membresias.csv;801;"Fila enviada a ERR: run_socio_titular no es valido"
803;pagos_membresias.csv;802;"fecha_vencimiento reparada de 05-10-25 a 2025-10-05"
803;pagos_membresias.csv;802;"fecha_pago reparada de 04-10-25 a 2025-10-04"
803;pagos_membresias.csv;802;"Fila enviada a ERR: run_socio_titular no es valido"
804;pagos_membresias.csv;803;"fecha_vencimiento reparada de 05-11-25 a 2025-11-05"
804;pagos_membresias.csv;803;"Fila enviada a ERR: run_socio_titular no es valido"
805;pagos_membresias.csv;804;"fecha_vencimiento reparada de 05-12-25 a 2025-12-05"
805;pagos_membresias.csv;804;"Fila enviada a ERR: run_socio_titular no es valido"
806;pagos_membresias.csv;805;"fecha_vencimiento reparada de 05-01-25 a 2025-01-05"
806;pagos_membresias.csv;805;"fecha_pago reparada de 03-01-25 a 2025-01-03"
807;pagos_membresias.csv;806;"fecha_vencimiento reparada de 05-02-25 a 2025-02-05"
807;pagos_membresias.csv;806;"fecha_pago reparada de 01-02-25 a 2025-02-01"
808;pagos_membresias.csv;807;"fecha_vencimiento reparada de 05-03-25 a 2025-03-05"
808;pagos_membresias.csv;807;"fecha_pago reparada de 05-03-25 a 2025-03-05"
809;pagos_membresias.csv;808;"fecha_vencimiento reparada de 05-04-25 a 2025-04-05"
809;pagos_membresias.csv;808;"fecha_pago reparada de 02-04-25 a 2025-04-02"
810;pagos_membresias.csv;809;"fecha_vencimiento reparada de 05-05-25 a 2025-05-05"
810;pagos_membresias.csv;809;"fecha_pago reparada de 04-05-25 a 2025-05-04"
811;pagos_membresias.csv;810;"fecha_vencimiento reparada de 05-06-25 a 2025-06-05"
811;pagos_membresias.csv;810;"fecha_pago reparada de 01-06-25 a 2025-06-01"
812;pagos_membresias.csv;811;"fecha_vencimiento reparada de 05-07-25 a 2025-07-05"
812;pagos_membresias.csv;811;"fecha_pago reparada de 05-07-25 a 2025-07-05"
813;pagos_membresias.csv;812;"fecha_vencimiento reparada de 05-08-25 a 2025-08-05"
813;pagos_membresias.csv;812;"fecha_pago reparada de 03-08-25 a 2025-08-03"
814;pagos_membresias.csv;813;"fecha_vencimiento reparada de 05-09-25 a 2025-09-05"
814;pagos_membresias.csv;813;"fecha_pago reparada de 05-09-25 a 2025-09-05"
815;pagos_membresias.csv;814;"fecha_vencimiento reparada de 05-10-25 a 2025-10-05"
815;pagos_membresias.csv;814;"fecha_pago reparada de 01-10-25 a 2025-10-01"
816;pagos_membresias.csv;815;"fecha_vencimiento reparada de 05-11-25 a 2025-11-05"
817;pagos_membresias.csv;816;"fecha_vencimiento reparada de 05-12-25 a 2025-12-05"
818;pagos_membresias.csv;817;"fecha_vencimiento reparada de 05-01-25 a 2025-01-05"
818;pagos_membresias.csv;817;"fecha_pago reparada de 04-01-25 a 2025-01-04"
818;pagos_membresias.csv;817;"Fila enviada a ERR: run_socio_titular no es valido"
819;pagos_membresias.csv;818;"fecha_vencimiento reparada de 05-02-25 a 2025-02-05"
819;pagos_membresias.csv;818;"fecha_pago reparada de 05-02-25 a 2025-02-05"
819;pagos_membresias.csv;818;"Fila enviada a ERR: run_socio_titular no es valido"
820;pagos_membresias.csv;819;"fecha_vencimiento reparada de 05-03-25 a 2025-03-05"
820;pagos_membresias.csv;819;"fecha_pago reparada de 03-03-25 a 2025-03-03"
820;pagos_membresias.csv;819;"Fila enviada a ERR: run_socio_titular no es valido"
821;pagos_membresias.csv;820;"fecha_vencimiento reparada de 05-04-25 a 2025-04-05"
821;pagos_membresias.csv;820;"fecha_pago reparada de 03-04-25 a 2025-04-03"
821;pagos_membresias.csv;820;"Fila enviada a ERR: run_socio_titular no es valido"
822;pagos_membresias.csv;821;"fecha_vencimiento reparada de 05-05-25 a 2025-05-05"
822;pagos_membresias.csv;821;"fecha_pago reparada de 01-05-25 a 2025-05-01"
822;pagos_membresias.csv;821;"Fila enviada a ERR: run_socio_titular no es valido"
823;pagos_membresias.csv;822;"fecha_vencimiento reparada de 05-06-25 a 2025-06-05"
823;pagos_membresias.csv;822;"fecha_pago reparada de 04-06-25 a 2025-06-04"
823;pagos_membresias.csv;822;"Fila enviada a ERR: run_socio_titular no es valido"
824;pagos_membresias.csv;823;"fecha_vencimiento reparada de 05-07-25 a 2025-07-05"
824;pagos_membresias.csv;823;"fecha_pago reparada de 02-07-25 a 2025-07-02"
824;pagos_membresias.csv;823;"Fila enviada a ERR: run_socio_titular no es valido"
825;pagos_membresias.csv;824;"fecha_vencimiento reparada de 05-08-25 a 2025-08-05"
825;pagos_membresias.csv;824;"fecha_pago reparada de 05-08-25 a 2025-08-05"
825;pagos_membresias.csv;824;"Fila enviada a ERR: run_socio_titular no es valido"
826;pagos_membresias.csv;825;"fecha_vencimiento reparada de 05-09-25 a 2025-09-05"
826;pagos_membresias.csv;825;"fecha_pago reparada de 01-09-25 a 2025-09-01"
826;pagos_membresias.csv;825;"Fila enviada a ERR: run_socio_titular no es valido"
827;pagos_membresias.csv;826;"fecha_vencimiento reparada de 05-10-25 a 2025-10-05"
827;pagos_membresias.csv;826;"fecha_pago reparada de 04-10-25 a 2025-10-04"
827;pagos_membresias.csv;826;"Fila enviada a ERR: run_socio_titular no es valido"
828;pagos_membresias.csv;827;"fecha_vencimiento reparada de 05-11-25 a 2025-11-05"
828;pagos_membresias.csv;827;"Fila enviada a ERR: run_socio_titular no es valido"
829;pagos_membresias.csv;828;"fecha_vencimiento reparada de 05-12-25 a 2025-12-05"
829;pagos_membresias.csv;828;"Fila enviada a ERR: run_socio_titular no es valido"
830;pagos_membresias.csv;829;"fecha_vencimiento reparada de 05-01-25 a 2025-01-05"
830;pagos_membresias.csv;829;"fecha_pago reparada de 03-01-25 a 2025-01-03"
830;pagos_membresias.csv;829;"Fila enviada a ERR: run_socio_titular no es valido"
831;pagos_membresias.csv;830;"fecha_vencimiento reparada de 05-02-25 a 2025-02-05"
831;pagos_membresias.csv;830;"fecha_pago reparada de 01-02-25 a 2025-02-01"
831;pagos_membresias.csv;830;"Fila enviada a ERR: run_socio_titular no es valido"
832;pagos_membresias.csv;831;"fecha_vencimiento reparada de 05-03-25 a 2025-03-05"
832;pagos_membresias.csv;831;"fecha_pago reparada de 05-03-25 a 2025-03-05"
832;pagos_membresias.csv;831;"Fila enviada a ERR: run_socio_titular no es valido"
833;pagos_membresias.csv;832;"fecha_vencimiento reparada de 05-04-25 a 2025-04-05"
833;pagos_membresias.csv;832;"fecha_pago reparada de 02-04-25 a 2025-04-02"
833;pagos_membresias.csv;832;"Fila enviada a ERR: run_socio_titular no es valido"
834;pagos_membresias.csv;833;"fecha_vencimiento reparada de 05-05-25 a 2025-05-05"
834;pagos_membresias.csv;833;"fecha_pago reparada de 04-05-25 a 2025-05-04"
834;pagos_membresias.csv;833;"Fila enviada a ERR: run_socio_titular no es valido"
835;pagos_membresias.csv;834;"fecha_vencimiento reparada de 05-06-25 a 2025-06-05"
835;pagos_membresias.csv;834;"fecha_pago reparada de 01-06-25 a 2025-06-01"
835;pagos_membresias.csv;834;"Fila enviada a ERR: run_socio_titular no es valido"
836;pagos_membresias.csv;835;"fecha_vencimiento reparada de 05-07-25 a 2025-07-05"
836;pagos_membresias.csv;835;"fecha_pago reparada de 05-07-25 a 2025-07-05"
836;pagos_membresias.csv;835;"Fila enviada a ERR: run_socio_titular no es valido"
837;pagos_membresias.csv;836;"fecha_vencimiento reparada de 05-08-25 a 2025-08-05"
837;pagos_membresias.csv;836;"fecha_pago reparada de 03-08-25 a 2025-08-03"
837;pagos_membresias.csv;836;"Fila enviada a ERR: run_socio_titular no es valido"
838;pagos_membresias.csv;837;"fecha_vencimiento reparada de 05-09-25 a 2025-09-05"
838;pagos_membresias.csv;837;"fecha_pago reparada de 05-09-25 a 2025-09-05"
838;pagos_membresias.csv;837;"Fila enviada a ERR: run_socio_titular no es valido"
839;pagos_membresias.csv;838;"fecha_vencimiento reparada de 05-10-25 a 2025-10-05"
839;pagos_membresias.csv;838;"fecha_pago reparada de 01-10-25 a 2025-10-01"
839;pagos_membresias.csv;838;"Fila enviada a ERR: run_socio_titular no es valido"
840;pagos_membresias.csv;839;"fecha_vencimiento reparada de 05-11-25 a 2025-11-05"
840;pagos_membresias.csv;839;"Fila enviada a ERR: run_socio_titular no es valido"
841;pagos_membresias.csv;840;"fecha_vencimiento reparada de 05-12-25 a 2025-12-05"
841;pagos_membresias.csv;840;"Fila enviada a ERR: run_socio_titular no es valido"
842;pagos_membresias.csv;841;"fecha_vencimiento reparada de 05-01-25 a 2025-01-05"
842;pagos_membresias.csv;841;"fecha_pago reparada de 04-01-25 a 2025-01-04"
843;pagos_membresias.csv;842;"fecha_vencimiento reparada de 05-02-25 a 2025-02-05"
843;pagos_membresias.csv;842;"fecha_pago reparada de 05-02-25 a 2025-02-05"
844;pagos_membresias.csv;843;"fecha_vencimiento reparada de 05-03-25 a 2025-03-05"
844;pagos_membresias.csv;843;"fecha_pago reparada de 03-03-25 a 2025-03-03"
845;pagos_membresias.csv;844;"fecha_vencimiento reparada de 05-04-25 a 2025-04-05"
845;pagos_membresias.csv;844;"fecha_pago reparada de 03-04-25 a 2025-04-03"
846;pagos_membresias.csv;845;"fecha_vencimiento reparada de 05-05-25 a 2025-05-05"
846;pagos_membresias.csv;845;"fecha_pago reparada de 01-05-25 a 2025-05-01"
847;pagos_membresias.csv;5001;"fecha_vencimiento reparada de 05-01-26 a 2026-01-05"
847;pagos_membresias.csv;5001;"fecha_pago reparada de 01-01-26 a 2026-01-01"
848;pagos_membresias.csv;5002;"fecha_vencimiento reparada de 05-02-26 a 2026-02-05"
849;pagos_membresias.csv;5003;"fecha_vencimiento reparada de 05-03-26 a 2026-03-05"
849;pagos_membresias.csv;5003;"fecha_pago reparada de 02-03-26 a 2026-03-02"
850;pagos_membresias.csv;5004;"fecha_vencimiento reparada de 05-04-26 a 2026-04-05"
851;pagos_membresias.csv;5005;"fecha_vencimiento reparada de 05-05-26 a 2026-05-05"
851;pagos_membresias.csv;5005;"fecha_pago reparada de 03-05-26 a 2026-05-03"
852;pagos_membresias.csv;5006;"fecha_vencimiento reparada de 05-06-26 a 2026-06-05"
853;pagos_membresias.csv;5007;"fecha_vencimiento reparada de 05-07-26 a 2026-07-05"
853;pagos_membresias.csv;5007;"fecha_pago reparada de 01-07-26 a 2026-07-01"
854;pagos_membresias.csv;5008;"fecha_vencimiento reparada de 05-08-26 a 2026-08-05"
855;pagos_membresias.csv;5009;"fecha_vencimiento reparada de 05-09-26 a 2026-09-05"
855;pagos_membresias.csv;5009;"fecha_pago reparada de 02-09-26 a 2026-09-02"
856;pagos_membresias.csv;5010;"fecha_vencimiento reparada de 05-10-26 a 2026-10-05"
857;pagos_membresias.csv;5011;"fecha_vencimiento reparada de 05-11-26 a 2026-11-05"
857;pagos_membresias.csv;5011;"fecha_pago reparada de 03-11-26 a 2026-11-03"
858;pagos_membresias.csv;5012;"fecha_vencimiento reparada de 05-12-26 a 2026-12-05"
859;pagos_membresias.csv;5013;"fecha_vencimiento reparada de 05-01-26 a 2026-01-05"
859;pagos_membresias.csv;5013;"Fila enviada a ERR: run_socio_titular no es valido"
860;pagos_membresias.csv;5014;"fecha_vencimiento reparada de 05-02-26 a 2026-02-05"
860;pagos_membresias.csv;5014;"fecha_pago reparada de 04-02-26 a 2026-02-04"
860;pagos_membresias.csv;5014;"Fila enviada a ERR: run_socio_titular no es valido"
861;pagos_membresias.csv;5015;"fecha_vencimiento reparada de 05-03-26 a 2026-03-05"
861;pagos_membresias.csv;5015;"Fila enviada a ERR: run_socio_titular no es valido"
862;pagos_membresias.csv;5016;"fecha_vencimiento reparada de 05-04-26 a 2026-04-05"
862;pagos_membresias.csv;5016;"fecha_pago reparada de 01-04-26 a 2026-04-01"
862;pagos_membresias.csv;5016;"Fila enviada a ERR: run_socio_titular no es valido"
863;pagos_membresias.csv;5017;"fecha_vencimiento reparada de 05-05-26 a 2026-05-05"
863;pagos_membresias.csv;5017;"Fila enviada a ERR: run_socio_titular no es valido"
864;pagos_membresias.csv;5018;"fecha_vencimiento reparada de 05-06-26 a 2026-06-05"
864;pagos_membresias.csv;5018;"fecha_pago reparada de 05-06-26 a 2026-06-05"
864;pagos_membresias.csv;5018;"Fila enviada a ERR: run_socio_titular no es valido"
865;pagos_membresias.csv;5019;"fecha_vencimiento reparada de 05-07-26 a 2026-07-05"
865;pagos_membresias.csv;5019;"Fila enviada a ERR: run_socio_titular no es valido"
866;pagos_membresias.csv;5020;"fecha_vencimiento reparada de 05-08-26 a 2026-08-05"
866;pagos_membresias.csv;5020;"fecha_pago reparada de 03-08-26 a 2026-08-03"
866;pagos_membresias.csv;5020;"Fila enviada a ERR: run_socio_titular no es valido"
867;pagos_membresias.csv;5021;"fecha_vencimiento reparada de 05-09-26 a 2026-09-05"
867;pagos_membresias.csv;5021;"Fila enviada a ERR: run_socio_titular no es valido"
868;pagos_membresias.csv;5022;"fecha_vencimiento reparada de 05-10-26 a 2026-10-05"
868;pagos_membresias.csv;5022;"fecha_pago reparada de 02-10-26 a 2026-10-02"
868;pagos_membresias.csv;5022;"Fila enviada a ERR: run_socio_titular no es valido"
869;pagos_membresias.csv;5023;"fecha_vencimiento reparada de 05-11-26 a 2026-11-05"
869;pagos_membresias.csv;5023;"Fila enviada a ERR: run_socio_titular no es valido"
870;pagos_membresias.csv;5024;"fecha_vencimiento reparada de 05-12-26 a 2026-12-05"
870;pagos_membresias.csv;5024;"fecha_pago reparada de 04-12-26 a 2026-12-04"
870;pagos_membresias.csv;5024;"Fila enviada a ERR: run_socio_titular no es valido"
871;pagos_membresias.csv;5025;"fecha_vencimiento reparada de 05-01-26 a 2026-01-05"
871;pagos_membresias.csv;5025;"fecha_pago reparada de 02-01-26 a 2026-01-02"
872;pagos_membresias.csv;5026;"fecha_vencimiento reparada de 05-02-26 a 2026-02-05"
873;pagos_membresias.csv;5027;"fecha_vencimiento reparada de 05-03-26 a 2026-03-05"
873;pagos_membresias.csv;5027;"fecha_pago reparada de 05-03-26 a 2026-03-05"
874;pagos_membresias.csv;5028;"fecha_vencimiento reparada de 05-04-26 a 2026-04-05"
875;pagos_membresias.csv;5029;"fecha_vencimiento reparada de 05-05-26 a 2026-05-05"
875;pagos_membresias.csv;5029;"fecha_pago reparada de 01-05-26 a 2026-05-01"
876;pagos_membresias.csv;5030;"fecha_vencimiento reparada de 05-06-26 a 2026-06-05"
877;pagos_membresias.csv;5031;"fecha_vencimiento reparada de 05-07-26 a 2026-07-05"
877;pagos_membresias.csv;5031;"fecha_pago reparada de 03-07-26 a 2026-07-03"
878;pagos_membresias.csv;5032;"fecha_vencimiento reparada de 05-08-26 a 2026-08-05"
879;pagos_membresias.csv;5033;"fecha_vencimiento reparada de 05-09-26 a 2026-09-05"
879;pagos_membresias.csv;5033;"fecha_pago reparada de 04-09-26 a 2026-09-04"
880;pagos_membresias.csv;5034;"fecha_vencimiento reparada de 05-10-26 a 2026-10-05"
881;pagos_membresias.csv;5035;"fecha_vencimiento reparada de 05-11-26 a 2026-11-05"
881;pagos_membresias.csv;5035;"fecha_pago reparada de 02-11-26 a 2026-11-02"
882;pagos_membresias.csv;5036;"fecha_vencimiento reparada de 05-12-26 a 2026-12-05"
883;pagos_membresias.csv;5037;"fecha_vencimiento reparada de 05-01-26 a 2026-01-05"
883;pagos_membresias.csv;5037;"Fila enviada a ERR: run_socio_titular no es valido"
884;pagos_membresias.csv;5038;"fecha_vencimiento reparada de 05-02-26 a 2026-02-05"
884;pagos_membresias.csv;5038;"fecha_pago reparada de 02-02-26 a 2026-02-02"
884;pagos_membresias.csv;5038;"Fila enviada a ERR: run_socio_titular no es valido"
885;pagos_membresias.csv;5039;"fecha_vencimiento reparada de 05-03-26 a 2026-03-05"
885;pagos_membresias.csv;5039;"Fila enviada a ERR: run_socio_titular no es valido"
886;pagos_membresias.csv;5040;"fecha_vencimiento reparada de 05-04-26 a 2026-04-05"
886;pagos_membresias.csv;5040;"fecha_pago reparada de 03-04-26 a 2026-04-03"
886;pagos_membresias.csv;5040;"Fila enviada a ERR: run_socio_titular no es valido"
887;pagos_membresias.csv;5041;"fecha_vencimiento reparada de 05-05-26 a 2026-05-05"
887;pagos_membresias.csv;5041;"Fila enviada a ERR: run_socio_titular no es valido"
888;pagos_membresias.csv;5042;"fecha_vencimiento reparada de 05-06-26 a 2026-06-05"
888;pagos_membresias.csv;5042;"fecha_pago reparada de 01-06-26 a 2026-06-01"
888;pagos_membresias.csv;5042;"Fila enviada a ERR: run_socio_titular no es valido"
889;pagos_membresias.csv;5043;"fecha_vencimiento reparada de 05-07-26 a 2026-07-05"
889;pagos_membresias.csv;5043;"Fila enviada a ERR: run_socio_titular no es valido"
890;pagos_membresias.csv;5044;"fecha_vencimiento reparada de 05-08-26 a 2026-08-05"
890;pagos_membresias.csv;5044;"fecha_pago reparada de 04-08-26 a 2026-08-04"
890;pagos_membresias.csv;5044;"Fila enviada a ERR: run_socio_titular no es valido"
891;pagos_membresias.csv;5045;"fecha_vencimiento reparada de 05-09-26 a 2026-09-05"
891;pagos_membresias.csv;5045;"Fila enviada a ERR: run_socio_titular no es valido"
892;pagos_membresias.csv;5046;"fecha_vencimiento reparada de 05-10-26 a 2026-10-05"
892;pagos_membresias.csv;5046;"fecha_pago reparada de 05-10-26 a 2026-10-05"
892;pagos_membresias.csv;5046;"Fila enviada a ERR: run_socio_titular no es valido"
893;pagos_membresias.csv;5047;"fecha_vencimiento reparada de 05-11-26 a 2026-11-05"
893;pagos_membresias.csv;5047;"Fila enviada a ERR: run_socio_titular no es valido"
894;pagos_membresias.csv;5048;"fecha_vencimiento reparada de 05-12-26 a 2026-12-05"
894;pagos_membresias.csv;5048;"fecha_pago reparada de 03-12-26 a 2026-12-03"
894;pagos_membresias.csv;5048;"Fila enviada a ERR: run_socio_titular no es valido"
895;pagos_membresias.csv;5049;"fecha_vencimiento reparada de 05-01-26 a 2026-01-05"
895;pagos_membresias.csv;5049;"fecha_pago reparada de 04-01-26 a 2026-01-04"
895;pagos_membresias.csv;5049;"Fila enviada a ERR: run_socio_titular no es valido"
896;pagos_membresias.csv;5050;"fecha_vencimiento reparada de 05-02-26 a 2026-02-05"
896;pagos_membresias.csv;5050;"Fila enviada a ERR: run_socio_titular no es valido"
897;pagos_membresias.csv;5051;"fecha_vencimiento reparada de 05-03-26 a 2026-03-05"
897;pagos_membresias.csv;5051;"fecha_pago reparada de 01-03-26 a 2026-03-01"
897;pagos_membresias.csv;5051;"Fila enviada a ERR: run_socio_titular no es valido"
898;pagos_membresias.csv;5052;"fecha_vencimiento reparada de 05-04-26 a 2026-04-05"
898;pagos_membresias.csv;5052;"Fila enviada a ERR: run_socio_titular no es valido"
899;pagos_membresias.csv;5053;"fecha_vencimiento reparada de 05-05-26 a 2026-05-05"
899;pagos_membresias.csv;5053;"fecha_pago reparada de 05-05-26 a 2026-05-05"
899;pagos_membresias.csv;5053;"Fila enviada a ERR: run_socio_titular no es valido"
900;pagos_membresias.csv;5054;"fecha_vencimiento reparada de 05-06-26 a 2026-06-05"
900;pagos_membresias.csv;5054;"Fila enviada a ERR: run_socio_titular no es valido"
901;pagos_membresias.csv;5055;"fecha_vencimiento reparada de 05-07-26 a 2026-07-05"
901;pagos_membresias.csv;5055;"fecha_pago reparada de 02-07-26 a 2026-07-02"
901;pagos_membresias.csv;5055;"Fila enviada a ERR: run_socio_titular no es valido"
902;pagos_membresias.csv;5056;"fecha_vencimiento reparada de 05-08-26 a 2026-08-05"
902;pagos_membresias.csv;5056;"Fila enviada a ERR: run_socio_titular no es valido"
903;pagos_membresias.csv;5057;"fecha_vencimiento reparada de 05-09-26 a 2026-09-05"
903;pagos_membresias.csv;5057;"fecha_pago reparada de 03-09-26 a 2026-09-03"
903;pagos_membresias.csv;5057;"Fila enviada a ERR: run_socio_titular no es valido"
904;pagos_membresias.csv;5058;"fecha_vencimiento reparada de 05-10-26 a 2026-10-05"
904;pagos_membresias.csv;5058;"Fila enviada a ERR: run_socio_titular no es valido"
905;pagos_membresias.csv;5059;"fecha_vencimiento reparada de 05-11-26 a 2026-11-05"
905;pagos_membresias.csv;5059;"fecha_pago reparada de 01-11-26 a 2026-11-01"
905;pagos_membresias.csv;5059;"Fila enviada a ERR: run_socio_titular no es valido"
906;pagos_membresias.csv;5060;"fecha_vencimiento reparada de 05-12-26 a 2026-12-05"
906;pagos_membresias.csv;5060;"Fila enviada a ERR: run_socio_titular no es valido"
907;pagos_membresias.csv;5061;"fecha_vencimiento reparada de 05-01-26 a 2026-01-05"
907;pagos_membresias.csv;5061;"Fila enviada a ERR: run_socio_titular no es valido"
908;pagos_membresias.csv;5062;"fecha_vencimiento reparada de 05-02-26 a 2026-02-05"
908;pagos_membresias.csv;5062;"fecha_pago reparada de 03-02-26 a 2026-02-03"
908;pagos_membresias.csv;5062;"Fila enviada a ERR: run_socio_titular no es valido"
909;pagos_membresias.csv;5063;"fecha_vencimiento reparada de 05-03-26 a 2026-03-05"
909;pagos_membresias.csv;5063;"Fila enviada a ERR: run_socio_titular no es valido"
910;pagos_membresias.csv;5064;"fecha_vencimiento reparada de 05-04-26 a 2026-04-05"
910;pagos_membresias.csv;5064;"fecha_pago reparada de 04-04-26 a 2026-04-04"
910;pagos_membresias.csv;5064;"Fila enviada a ERR: run_socio_titular no es valido"
911;pagos_membresias.csv;5065;"fecha_vencimiento reparada de 05-05-26 a 2026-05-05"
911;pagos_membresias.csv;5065;"Fila enviada a ERR: run_socio_titular no es valido"
912;pagos_membresias.csv;5066;"fecha_vencimiento reparada de 05-06-26 a 2026-06-05"
912;pagos_membresias.csv;5066;"fecha_pago reparada de 02-06-26 a 2026-06-02"
912;pagos_membresias.csv;5066;"Fila enviada a ERR: run_socio_titular no es valido"
913;pagos_membresias.csv;5067;"fecha_vencimiento reparada de 05-07-26 a 2026-07-05"
913;pagos_membresias.csv;5067;"Fila enviada a ERR: run_socio_titular no es valido"
914;pagos_membresias.csv;5068;"fecha_vencimiento reparada de 05-08-26 a 2026-08-05"
914;pagos_membresias.csv;5068;"fecha_pago reparada de 05-08-26 a 2026-08-05"
914;pagos_membresias.csv;5068;"Fila enviada a ERR: run_socio_titular no es valido"
915;pagos_membresias.csv;5069;"fecha_vencimiento reparada de 05-09-26 a 2026-09-05"
915;pagos_membresias.csv;5069;"Fila enviada a ERR: run_socio_titular no es valido"
916;pagos_membresias.csv;5070;"fecha_vencimiento reparada de 05-10-26 a 2026-10-05"
916;pagos_membresias.csv;5070;"fecha_pago reparada de 01-10-26 a 2026-10-01"
916;pagos_membresias.csv;5070;"Fila enviada a ERR: run_socio_titular no es valido"
917;pagos_membresias.csv;5071;"fecha_vencimiento reparada de 05-11-26 a 2026-11-05"
917;pagos_membresias.csv;5071;"Fila enviada a ERR: run_socio_titular no es valido"
918;pagos_membresias.csv;5072;"fecha_vencimiento reparada de 05-12-26 a 2026-12-05"
918;pagos_membresias.csv;5072;"fecha_pago reparada de 04-12-26 a 2026-12-04"
918;pagos_membresias.csv;5072;"Fila enviada a ERR: run_socio_titular no es valido"
919;pagos_membresias.csv;5073;"fecha_vencimiento reparada de 05-01-26 a 2026-01-05"
919;pagos_membresias.csv;5073;"fecha_pago reparada de 02-01-26 a 2026-01-02"
920;pagos_membresias.csv;5074;"fecha_vencimiento reparada de 05-02-26 a 2026-02-05"
921;pagos_membresias.csv;5075;"fecha_vencimiento reparada de 05-03-26 a 2026-03-05"
921;pagos_membresias.csv;5075;"fecha_pago reparada de 05-03-26 a 2026-03-05"
922;pagos_membresias.csv;5076;"fecha_vencimiento reparada de 05-04-26 a 2026-04-05"
923;pagos_membresias.csv;5077;"fecha_vencimiento reparada de 05-05-26 a 2026-05-05"
923;pagos_membresias.csv;5077;"fecha_pago reparada de 01-05-26 a 2026-05-01"
924;pagos_membresias.csv;5078;"fecha_vencimiento reparada de 05-06-26 a 2026-06-05"
925;pagos_membresias.csv;5079;"fecha_vencimiento reparada de 05-07-26 a 2026-07-05"
925;pagos_membresias.csv;5079;"fecha_pago reparada de 03-07-26 a 2026-07-03"
926;pagos_membresias.csv;5080;"fecha_vencimiento reparada de 05-08-26 a 2026-08-05"
927;pagos_membresias.csv;5081;"fecha_vencimiento reparada de 05-09-26 a 2026-09-05"
927;pagos_membresias.csv;5081;"fecha_pago reparada de 04-09-26 a 2026-09-04"
928;pagos_membresias.csv;5082;"fecha_vencimiento reparada de 05-10-26 a 2026-10-05"
929;pagos_membresias.csv;5083;"fecha_vencimiento reparada de 05-11-26 a 2026-11-05"
929;pagos_membresias.csv;5083;"fecha_pago reparada de 02-11-26 a 2026-11-02"
930;pagos_membresias.csv;5084;"fecha_vencimiento reparada de 05-12-26 a 2026-12-05"
931;pagos_membresias.csv;5085;"fecha_vencimiento reparada de 05-01-26 a 2026-01-05"
932;pagos_membresias.csv;5086;"fecha_vencimiento reparada de 05-02-26 a 2026-02-05"
932;pagos_membresias.csv;5086;"fecha_pago reparada de 03-02-26 a 2026-02-03"
933;pagos_membresias.csv;5087;"fecha_vencimiento reparada de 05-03-26 a 2026-03-05"
934;pagos_membresias.csv;5088;"fecha_vencimiento reparada de 05-04-26 a 2026-04-05"
934;pagos_membresias.csv;5088;"fecha_pago reparada de 05-04-26 a 2026-04-05"
935;pagos_membresias.csv;5089;"fecha_vencimiento reparada de 05-05-26 a 2026-05-05"
936;pagos_membresias.csv;5090;"fecha_vencimiento reparada de 05-06-26 a 2026-06-05"
936;pagos_membresias.csv;5090;"fecha_pago reparada de 01-06-26 a 2026-06-01"
937;pagos_membresias.csv;5091;"fecha_vencimiento reparada de 05-07-26 a 2026-07-05"
938;pagos_membresias.csv;5092;"fecha_vencimiento reparada de 05-08-26 a 2026-08-05"
938;pagos_membresias.csv;5092;"fecha_pago reparada de 04-08-26 a 2026-08-04"
939;pagos_membresias.csv;5093;"fecha_vencimiento reparada de 05-09-26 a 2026-09-05"
940;pagos_membresias.csv;5094;"fecha_vencimiento reparada de 05-10-26 a 2026-10-05"
940;pagos_membresias.csv;5094;"fecha_pago reparada de 02-10-26 a 2026-10-02"
941;pagos_membresias.csv;5095;"fecha_vencimiento reparada de 05-11-26 a 2026-11-05"
942;pagos_membresias.csv;5096;"fecha_vencimiento reparada de 05-12-26 a 2026-12-05"
942;pagos_membresias.csv;5096;"fecha_pago reparada de 05-12-26 a 2026-12-05"
943;pagos_membresias.csv;5097;"fecha_vencimiento reparada de 05-01-26 a 2026-01-05"
943;pagos_membresias.csv;5097;"fecha_pago reparada de 02-01-26 a 2026-01-02"
944;pagos_membresias.csv;5098;"fecha_vencimiento reparada de 05-02-26 a 2026-02-05"
945;pagos_membresias.csv;5099;"fecha_vencimiento reparada de 05-03-26 a 2026-03-05"
945;pagos_membresias.csv;5099;"fecha_pago reparada de 04-03-26 a 2026-03-04"
946;pagos_membresias.csv;5100;"fecha_vencimiento reparada de 05-04-26 a 2026-04-05"
947;pagos_membresias.csv;5101;"fecha_vencimiento reparada de 05-05-26 a 2026-05-05"
947;pagos_membresias.csv;5101;"fecha_pago reparada de 01-05-26 a 2026-05-01"
948;pagos_membresias.csv;5102;"fecha_vencimiento reparada de 05-06-26 a 2026-06-05"
949;pagos_membresias.csv;5103;"fecha_vencimiento reparada de 05-07-26 a 2026-07-05"
949;pagos_membresias.csv;5103;"fecha_pago reparada de 03-07-26 a 2026-07-03"
950;pagos_membresias.csv;5104;"fecha_vencimiento reparada de 05-08-26 a 2026-08-05"
951;pagos_membresias.csv;5105;"fecha_vencimiento reparada de 05-09-26 a 2026-09-05"
951;pagos_membresias.csv;5105;"fecha_pago reparada de 02-09-26 a 2026-09-02"
952;pagos_membresias.csv;5106;"fecha_vencimiento reparada de 05-10-26 a 2026-10-05"
953;pagos_membresias.csv;5107;"fecha_vencimiento reparada de 05-11-26 a 2026-11-05"
953;pagos_membresias.csv;5107;"fecha_pago reparada de 04-11-26 a 2026-11-04"
954;pagos_membresias.csv;5108;"fecha_vencimiento reparada de 05-12-26 a 2026-12-05"
955;pagos_membresias.csv;5109;"fecha_vencimiento reparada de 05-01-26 a 2026-01-05"
955;pagos_membresias.csv;5109;"Fila enviada a ERR: run_socio_titular no es valido"
956;pagos_membresias.csv;5110;"fecha_vencimiento reparada de 05-02-26 a 2026-02-05"
956;pagos_membresias.csv;5110;"fecha_pago reparada de 01-02-26 a 2026-02-01"
956;pagos_membresias.csv;5110;"Fila enviada a ERR: run_socio_titular no es valido"
957;pagos_membresias.csv;5111;"fecha_vencimiento reparada de 05-03-26 a 2026-03-05"
957;pagos_membresias.csv;5111;"Fila enviada a ERR: run_socio_titular no es valido"
958;pagos_membresias.csv;5112;"fecha_vencimiento reparada de 05-04-26 a 2026-04-05"
958;pagos_membresias.csv;5112;"fecha_pago reparada de 03-04-26 a 2026-04-03"
958;pagos_membresias.csv;5112;"Fila enviada a ERR: run_socio_titular no es valido"
959;pagos_membresias.csv;5113;"fecha_vencimiento reparada de 05-05-26 a 2026-05-05"
959;pagos_membresias.csv;5113;"Fila enviada a ERR: run_socio_titular no es valido"
960;pagos_membresias.csv;5114;"fecha_vencimiento reparada de 05-06-26 a 2026-06-05"
960;pagos_membresias.csv;5114;"fecha_pago reparada de 05-06-26 a 2026-06-05"
960;pagos_membresias.csv;5114;"Fila enviada a ERR: run_socio_titular no es valido"
961;pagos_membresias.csv;5115;"fecha_vencimiento reparada de 05-07-26 a 2026-07-05"
961;pagos_membresias.csv;5115;"Fila enviada a ERR: run_socio_titular no es valido"
962;pagos_membresias.csv;5116;"fecha_vencimiento reparada de 05-08-26 a 2026-08-05"
962;pagos_membresias.csv;5116;"fecha_pago reparada de 02-08-26 a 2026-08-02"
962;pagos_membresias.csv;5116;"Fila enviada a ERR: run_socio_titular no es valido"
963;pagos_membresias.csv;5117;"fecha_vencimiento reparada de 05-09-26 a 2026-09-05"
963;pagos_membresias.csv;5117;"Fila enviada a ERR: run_socio_titular no es valido"
964;pagos_membresias.csv;5118;"fecha_vencimiento reparada de 05-10-26 a 2026-10-05"
964;pagos_membresias.csv;5118;"fecha_pago reparada de 04-10-26 a 2026-10-04"
964;pagos_membresias.csv;5118;"Fila enviada a ERR: run_socio_titular no es valido"
965;pagos_membresias.csv;5119;"fecha_vencimiento reparada de 05-11-26 a 2026-11-05"
965;pagos_membresias.csv;5119;"Fila enviada a ERR: run_socio_titular no es valido"
966;pagos_membresias.csv;5120;"fecha_vencimiento reparada de 05-12-26 a 2026-12-05"
966;pagos_membresias.csv;5120;"fecha_pago reparada de 01-12-26 a 2026-12-01"
966;pagos_membresias.csv;5120;"Fila enviada a ERR: run_socio_titular no es valido"
967;pagos_membresias.csv;5121;"fecha_vencimiento reparada de 05-01-26 a 2026-01-05"
967;pagos_membresias.csv;5121;"fecha_pago reparada de 03-01-26 a 2026-01-03"
967;pagos_membresias.csv;5121;"Fila enviada a ERR: run_socio_titular no es valido"
968;pagos_membresias.csv;5122;"fecha_vencimiento reparada de 05-02-26 a 2026-02-05"
968;pagos_membresias.csv;5122;"Fila enviada a ERR: run_socio_titular no es valido"
969;pagos_membresias.csv;5123;"fecha_vencimiento reparada de 05-03-26 a 2026-03-05"
969;pagos_membresias.csv;5123;"fecha_pago reparada de 05-03-26 a 2026-03-05"
969;pagos_membresias.csv;5123;"Fila enviada a ERR: run_socio_titular no es valido"
970;pagos_membresias.csv;5124;"fecha_vencimiento reparada de 05-04-26 a 2026-04-05"
970;pagos_membresias.csv;5124;"Fila enviada a ERR: run_socio_titular no es valido"
971;pagos_membresias.csv;5125;"fecha_vencimiento reparada de 05-05-26 a 2026-05-05"
971;pagos_membresias.csv;5125;"fecha_pago reparada de 01-05-26 a 2026-05-01"
971;pagos_membresias.csv;5125;"Fila enviada a ERR: run_socio_titular no es valido"
972;pagos_membresias.csv;5126;"fecha_vencimiento reparada de 05-06-26 a 2026-06-05"
972;pagos_membresias.csv;5126;"Fila enviada a ERR: run_socio_titular no es valido"
973;pagos_membresias.csv;5127;"fecha_vencimiento reparada de 05-07-26 a 2026-07-05"
973;pagos_membresias.csv;5127;"fecha_pago reparada de 04-07-26 a 2026-07-04"
973;pagos_membresias.csv;5127;"Fila enviada a ERR: run_socio_titular no es valido"
974;pagos_membresias.csv;5128;"fecha_vencimiento reparada de 05-08-26 a 2026-08-05"
974;pagos_membresias.csv;5128;"Fila enviada a ERR: run_socio_titular no es valido"
975;pagos_membresias.csv;5129;"fecha_vencimiento reparada de 05-09-26 a 2026-09-05"
975;pagos_membresias.csv;5129;"fecha_pago reparada de 01-09-26 a 2026-09-01"
975;pagos_membresias.csv;5129;"Fila enviada a ERR: run_socio_titular no es valido"
976;pagos_membresias.csv;5130;"fecha_vencimiento reparada de 05-10-26 a 2026-10-05"
976;pagos_membresias.csv;5130;"Fila enviada a ERR: run_socio_titular no es valido"
977;pagos_membresias.csv;5131;"fecha_vencimiento reparada de 05-11-26 a 2026-11-05"
977;pagos_membresias.csv;5131;"fecha_pago reparada de 02-11-26 a 2026-11-02"
977;pagos_membresias.csv;5131;"Fila enviada a ERR: run_socio_titular no es valido"
978;pagos_membresias.csv;5132;"fecha_vencimiento reparada de 05-12-26 a 2026-12-05"
978;pagos_membresias.csv;5132;"Fila enviada a ERR: run_socio_titular no es valido"
979;pagos_membresias.csv;5133;"fecha_vencimiento reparada de 05-01-26 a 2026-01-05"
980;pagos_membresias.csv;5134;"fecha_vencimiento reparada de 05-02-26 a 2026-02-05"
980;pagos_membresias.csv;5134;"fecha_pago reparada de 02-02-26 a 2026-02-02"
981;pagos_membresias.csv;5135;"fecha_vencimiento reparada de 05-03-26 a 2026-03-05"
982;pagos_membresias.csv;5136;"fecha_vencimiento reparada de 05-04-26 a 2026-04-05"
982;pagos_membresias.csv;5136;"fecha_pago reparada de 01-04-26 a 2026-04-01"
983;pagos_membresias.csv;5137;"fecha_vencimiento reparada de 05-05-26 a 2026-05-05"
984;pagos_membresias.csv;5138;"fecha_vencimiento reparada de 05-06-26 a 2026-06-05"
984;pagos_membresias.csv;5138;"fecha_pago reparada de 04-06-26 a 2026-06-04"
985;pagos_membresias.csv;5139;"fecha_vencimiento reparada de 05-07-26 a 2026-07-05"
986;pagos_membresias.csv;5140;"fecha_vencimiento reparada de 05-08-26 a 2026-08-05"
986;pagos_membresias.csv;5140;"fecha_pago reparada de 05-08-26 a 2026-08-05"
987;pagos_membresias.csv;5141;"fecha_vencimiento reparada de 05-09-26 a 2026-09-05"
988;pagos_membresias.csv;5142;"fecha_vencimiento reparada de 05-10-26 a 2026-10-05"
988;pagos_membresias.csv;5142;"fecha_pago reparada de 03-10-26 a 2026-10-03"
989;pagos_membresias.csv;5143;"fecha_vencimiento reparada de 05-11-26 a 2026-11-05"
990;pagos_membresias.csv;5144;"fecha_vencimiento reparada de 05-12-26 a 2026-12-05"
990;pagos_membresias.csv;5144;"fecha_pago reparada de 01-12-26 a 2026-12-01"
991;pagos_membresias.csv;5145;"fecha_vencimiento reparada de 05-01-26 a 2026-01-05"
991;pagos_membresias.csv;5145;"fecha_pago reparada de 03-01-26 a 2026-01-03"
992;pagos_membresias.csv;5146;"fecha_vencimiento reparada de 05-02-26 a 2026-02-05"
993;pagos_membresias.csv;5147;"fecha_vencimiento reparada de 05-03-26 a 2026-03-05"
993;pagos_membresias.csv;5147;"fecha_pago reparada de 04-03-26 a 2026-03-04"
994;pagos_membresias.csv;5148;"fecha_vencimiento reparada de 05-04-26 a 2026-04-05"
995;pagos_membresias.csv;5149;"fecha_vencimiento reparada de 05-05-26 a 2026-05-05"
995;pagos_membresias.csv;5149;"fecha_pago reparada de 02-05-26 a 2026-05-02"
996;pagos_membresias.csv;5150;"fecha_vencimiento reparada de 05-06-26 a 2026-06-05"
997;pagos_membresias.csv;5151;"fecha_vencimiento reparada de 05-07-26 a 2026-07-05"
997;pagos_membresias.csv;5151;"fecha_pago reparada de 05-07-26 a 2026-07-05"
998;pagos_membresias.csv;5152;"fecha_vencimiento reparada de 05-08-26 a 2026-08-05"
999;pagos_membresias.csv;5153;"fecha_vencimiento reparada de 05-09-26 a 2026-09-05"
999;pagos_membresias.csv;5153;"fecha_pago reparada de 01-09-26 a 2026-09-01"
1000;pagos_membresias.csv;5154;"fecha_vencimiento reparada de 05-10-26 a 2026-10-05"
1001;pagos_membresias.csv;5155;"fecha_vencimiento reparada de 05-11-26 a 2026-11-05"
1001;pagos_membresias.csv;5155;"fecha_pago reparada de 04-11-26 a 2026-11-04"
1002;pagos_membresias.csv;5156;"fecha_vencimiento reparada de 05-12-26 a 2026-12-05"
1003;pagos_membresias.csv;5157;"fecha_vencimiento reparada de 05-01-26 a 2026-01-05"
1004;pagos_membresias.csv;5158;"fecha_vencimiento reparada de 05-02-26 a 2026-02-05"
1004;pagos_membresias.csv;5158;"fecha_pago reparada de 05-02-26 a 2026-02-05"
1005;pagos_membresias.csv;5159;"fecha_vencimiento reparada de 05-03-26 a 2026-03-05"
1006;pagos_membresias.csv;5160;"fecha_vencimiento reparada de 05-04-26 a 2026-04-05"
1006;pagos_membresias.csv;5160;"fecha_pago reparada de 01-04-26 a 2026-04-01"
1007;pagos_membresias.csv;5161;"fecha_vencimiento reparada de 05-05-26 a 2026-05-05"
1008;pagos_membresias.csv;5162;"fecha_vencimiento reparada de 05-06-26 a 2026-06-05"
1008;pagos_membresias.csv;5162;"fecha_pago reparada de 03-06-26 a 2026-06-03"
1009;pagos_membresias.csv;5163;"fecha_vencimiento reparada de 05-07-26 a 2026-07-05"
1010;pagos_membresias.csv;5164;"fecha_vencimiento reparada de 05-08-26 a 2026-08-05"
1010;pagos_membresias.csv;5164;"fecha_pago reparada de 02-08-26 a 2026-08-02"
1011;pagos_membresias.csv;5165;"fecha_vencimiento reparada de 05-09-26 a 2026-09-05"
1012;pagos_membresias.csv;5166;"fecha_vencimiento reparada de 05-10-26 a 2026-10-05"
1012;pagos_membresias.csv;5166;"fecha_pago reparada de 05-10-26 a 2026-10-05"
1013;pagos_membresias.csv;5167;"fecha_vencimiento reparada de 05-11-26 a 2026-11-05"
1014;pagos_membresias.csv;5168;"fecha_vencimiento reparada de 05-12-26 a 2026-12-05"
1014;pagos_membresias.csv;5168;"fecha_pago reparada de 04-12-26 a 2026-12-04"
1015;pagos_membresias.csv;5169;"fecha_vencimiento reparada de 05-01-26 a 2026-01-05"
1015;pagos_membresias.csv;5169;"fecha_pago reparada de 02-01-26 a 2026-01-02"
1016;pagos_membresias.csv;5170;"fecha_vencimiento reparada de 05-02-26 a 2026-02-05"
1017;pagos_membresias.csv;5171;"fecha_vencimiento reparada de 05-03-26 a 2026-03-05"
1017;pagos_membresias.csv;5171;"fecha_pago reparada de 01-03-26 a 2026-03-01"
1018;pagos_membresias.csv;5172;"fecha_vencimiento reparada de 05-04-26 a 2026-04-05"
1019;pagos_membresias.csv;5173;"fecha_vencimiento reparada de 05-05-26 a 2026-05-05"
1019;pagos_membresias.csv;5173;"fecha_pago reparada de 05-05-26 a 2026-05-05"
1020;pagos_membresias.csv;5174;"fecha_vencimiento reparada de 05-06-26 a 2026-06-05"
1021;pagos_membresias.csv;5175;"fecha_vencimiento reparada de 05-07-26 a 2026-07-05"
1021;pagos_membresias.csv;5175;"fecha_pago reparada de 03-07-26 a 2026-07-03"
1022;pagos_membresias.csv;5176;"fecha_vencimiento reparada de 05-08-26 a 2026-08-05"
1023;pagos_membresias.csv;5177;"fecha_vencimiento reparada de 05-09-26 a 2026-09-05"
1023;pagos_membresias.csv;5177;"fecha_pago reparada de 02-09-26 a 2026-09-02"
1024;pagos_membresias.csv;5178;"fecha_vencimiento reparada de 05-10-26 a 2026-10-05"
1025;pagos_membresias.csv;5179;"fecha_vencimiento reparada de 05-11-26 a 2026-11-05"
1025;pagos_membresias.csv;5179;"fecha_pago reparada de 04-11-26 a 2026-11-04"
1026;pagos_membresias.csv;5180;"fecha_vencimiento reparada de 05-12-26 a 2026-12-05"
1027;pagos_membresias.csv;5181;"fecha_vencimiento reparada de 05-01-26 a 2026-01-05"
1027;pagos_membresias.csv;5181;"Fila enviada a ERR: run_socio_titular no es valido"
1028;pagos_membresias.csv;5182;"fecha_vencimiento reparada de 05-02-26 a 2026-02-05"
1028;pagos_membresias.csv;5182;"fecha_pago reparada de 04-02-26 a 2026-02-04"
1028;pagos_membresias.csv;5182;"Fila enviada a ERR: run_socio_titular no es valido"
1029;pagos_membresias.csv;5183;"fecha_vencimiento reparada de 05-03-26 a 2026-03-05"
1029;pagos_membresias.csv;5183;"Fila enviada a ERR: run_socio_titular no es valido"
1030;pagos_membresias.csv;5184;"fecha_vencimiento reparada de 05-04-26 a 2026-04-05"
1030;pagos_membresias.csv;5184;"fecha_pago reparada de 02-04-26 a 2026-04-02"
1030;pagos_membresias.csv;5184;"Fila enviada a ERR: run_socio_titular no es valido"
1031;pagos_membresias.csv;5185;"fecha_vencimiento reparada de 05-05-26 a 2026-05-05"
1031;pagos_membresias.csv;5185;"Fila enviada a ERR: run_socio_titular no es valido"
1032;pagos_membresias.csv;5186;"fecha_vencimiento reparada de 05-06-26 a 2026-06-05"
1032;pagos_membresias.csv;5186;"fecha_pago reparada de 05-06-26 a 2026-06-05"
1032;pagos_membresias.csv;5186;"Fila enviada a ERR: run_socio_titular no es valido"
1033;pagos_membresias.csv;5187;"fecha_vencimiento reparada de 05-07-26 a 2026-07-05"
1033;pagos_membresias.csv;5187;"Fila enviada a ERR: run_socio_titular no es valido"
1034;pagos_membresias.csv;5188;"fecha_vencimiento reparada de 05-08-26 a 2026-08-05"
1034;pagos_membresias.csv;5188;"fecha_pago reparada de 01-08-26 a 2026-08-01"
1034;pagos_membresias.csv;5188;"Fila enviada a ERR: run_socio_titular no es valido"
1035;pagos_membresias.csv;5189;"fecha_vencimiento reparada de 05-09-26 a 2026-09-05"
1035;pagos_membresias.csv;5189;"Fila enviada a ERR: run_socio_titular no es valido"
1036;pagos_membresias.csv;5190;"fecha_vencimiento reparada de 05-10-26 a 2026-10-05"
1036;pagos_membresias.csv;5190;"fecha_pago reparada de 02-10-26 a 2026-10-02"
1036;pagos_membresias.csv;5190;"Fila enviada a ERR: run_socio_titular no es valido"
1037;pagos_membresias.csv;5191;"fecha_vencimiento reparada de 05-11-26 a 2026-11-05"
1037;pagos_membresias.csv;5191;"Fila enviada a ERR: run_socio_titular no es valido"
1038;pagos_membresias.csv;5192;"fecha_vencimiento reparada de 05-12-26 a 2026-12-05"
1038;pagos_membresias.csv;5192;"fecha_pago reparada de 04-12-26 a 2026-12-04"
1038;pagos_membresias.csv;5192;"Fila enviada a ERR: run_socio_titular no es valido"
1039;pagos_membresias.csv;5193;"fecha_vencimiento reparada de 05-01-26 a 2026-01-05"
1039;pagos_membresias.csv;5193;"fecha_pago reparada de 01-01-26 a 2026-01-01"
1040;pagos_membresias.csv;5194;"fecha_vencimiento reparada de 05-02-26 a 2026-02-05"
1041;pagos_membresias.csv;5195;"fecha_vencimiento reparada de 05-03-26 a 2026-03-05"
1041;pagos_membresias.csv;5195;"fecha_pago reparada de 05-03-26 a 2026-03-05"
1042;pagos_membresias.csv;5196;"fecha_vencimiento reparada de 05-04-26 a 2026-04-05"
1043;pagos_membresias.csv;5197;"fecha_vencimiento reparada de 05-05-26 a 2026-05-05"
1043;pagos_membresias.csv;5197;"fecha_pago reparada de 03-05-26 a 2026-05-03"
1044;pagos_membresias.csv;5198;"fecha_vencimiento reparada de 05-06-26 a 2026-06-05"
1045;pagos_membresias.csv;5199;"fecha_vencimiento reparada de 05-07-26 a 2026-07-05"
1045;pagos_membresias.csv;5199;"fecha_pago reparada de 02-07-26 a 2026-07-02"
1046;pagos_membresias.csv;5200;"fecha_vencimiento reparada de 05-08-26 a 2026-08-05"
1047;pagos_membresias.csv;5201;"fecha_vencimiento reparada de 05-09-26 a 2026-09-05"
1047;pagos_membresias.csv;5201;"fecha_pago reparada de 01-09-26 a 2026-09-01"
1048;pagos_membresias.csv;5202;"fecha_vencimiento reparada de 05-10-26 a 2026-10-05"
1049;pagos_membresias.csv;5203;"fecha_vencimiento reparada de 05-11-26 a 2026-11-05"
1049;pagos_membresias.csv;5203;"fecha_pago reparada de 04-11-26 a 2026-11-04"
1050;pagos_membresias.csv;5204;"fecha_vencimiento reparada de 05-12-26 a 2026-12-05"
1051;pagos_membresias.csv;5205;"fecha_vencimiento reparada de 05-01-26 a 2026-01-05"
1052;pagos_membresias.csv;5206;"fecha_vencimiento reparada de 05-02-26 a 2026-02-05"
1052;pagos_membresias.csv;5206;"fecha_pago reparada de 03-02-26 a 2026-02-03"
1053;pagos_membresias.csv;5207;"fecha_vencimiento reparada de 05-03-26 a 2026-03-05"
1054;pagos_membresias.csv;5208;"fecha_vencimiento reparada de 05-04-26 a 2026-04-05"
1054;pagos_membresias.csv;5208;"fecha_pago reparada de 05-04-26 a 2026-04-05"
1055;pagos_membresias.csv;5209;"fecha_vencimiento reparada de 05-05-26 a 2026-05-05"
1056;pagos_membresias.csv;5210;"fecha_vencimiento reparada de 05-06-26 a 2026-06-05"
1056;pagos_membresias.csv;5210;"fecha_pago reparada de 02-06-26 a 2026-06-02"
1057;pagos_membresias.csv;5211;"fecha_vencimiento reparada de 05-07-26 a 2026-07-05"
1058;pagos_membresias.csv;5212;"fecha_vencimiento reparada de 05-08-26 a 2026-08-05"
1058;pagos_membresias.csv;5212;"fecha_pago reparada de 05-08-26 a 2026-08-05"
1059;pagos_membresias.csv;5213;"fecha_vencimiento reparada de 05-09-26 a 2026-09-05"
1060;pagos_membresias.csv;5214;"fecha_vencimiento reparada de 05-10-26 a 2026-10-05"
1060;pagos_membresias.csv;5214;"fecha_pago reparada de 01-10-26 a 2026-10-01"
1061;pagos_membresias.csv;5215;"fecha_vencimiento reparada de 05-11-26 a 2026-11-05"
1062;pagos_membresias.csv;5216;"fecha_vencimiento reparada de 05-12-26 a 2026-12-05"
1062;pagos_membresias.csv;5216;"fecha_pago reparada de 04-12-26 a 2026-12-04"
1063;pagos_membresias.csv;5217;"fecha_vencimiento reparada de 05-01-26 a 2026-01-05"
1063;pagos_membresias.csv;5217;"fecha_pago reparada de 02-01-26 a 2026-01-02"
1064;pagos_membresias.csv;5218;"fecha_vencimiento reparada de 05-02-26 a 2026-02-05"
1065;pagos_membresias.csv;5219;"fecha_vencimiento reparada de 05-03-26 a 2026-03-05"
1065;pagos_membresias.csv;5219;"fecha_pago reparada de 05-03-26 a 2026-03-05"
1066;pagos_membresias.csv;5220;"fecha_vencimiento reparada de 05-04-26 a 2026-04-05"
1067;pagos_membresias.csv;5221;"fecha_vencimiento reparada de 05-05-26 a 2026-05-05"
1067;pagos_membresias.csv;5221;"fecha_pago reparada de 01-05-26 a 2026-05-01"
1068;pagos_membresias.csv;5222;"fecha_vencimiento reparada de 05-06-26 a 2026-06-05"
1069;pagos_membresias.csv;5223;"fecha_vencimiento reparada de 05-07-26 a 2026-07-05"
1069;pagos_membresias.csv;5223;"fecha_pago reparada de 03-07-26 a 2026-07-03"
1070;pagos_membresias.csv;5224;"fecha_vencimiento reparada de 05-08-26 a 2026-08-05"
1071;pagos_membresias.csv;5225;"fecha_vencimiento reparada de 05-09-26 a 2026-09-05"
1071;pagos_membresias.csv;5225;"fecha_pago reparada de 04-09-26 a 2026-09-04"
1072;pagos_membresias.csv;5226;"fecha_vencimiento reparada de 05-10-26 a 2026-10-05"
1073;pagos_membresias.csv;5227;"fecha_vencimiento reparada de 05-11-26 a 2026-11-05"
1073;pagos_membresias.csv;5227;"fecha_pago reparada de 02-11-26 a 2026-11-02"
1074;pagos_membresias.csv;5228;"fecha_vencimiento reparada de 05-12-26 a 2026-12-05"
1075;pagos_membresias.csv;5229;"fecha_vencimiento reparada de 05-01-26 a 2026-01-05"
1075;pagos_membresias.csv;5229;"Fila enviada a ERR: run_socio_titular no es valido"
1076;pagos_membresias.csv;5230;"fecha_vencimiento reparada de 05-02-26 a 2026-02-05"
1076;pagos_membresias.csv;5230;"fecha_pago reparada de 01-02-26 a 2026-02-01"
1076;pagos_membresias.csv;5230;"Fila enviada a ERR: run_socio_titular no es valido"
1077;pagos_membresias.csv;5231;"fecha_vencimiento reparada de 05-03-26 a 2026-03-05"
1077;pagos_membresias.csv;5231;"Fila enviada a ERR: run_socio_titular no es valido"
1078;pagos_membresias.csv;5232;"fecha_vencimiento reparada de 05-04-26 a 2026-04-05"
1078;pagos_membresias.csv;5232;"fecha_pago reparada de 03-04-26 a 2026-04-03"
1078;pagos_membresias.csv;5232;"Fila enviada a ERR: run_socio_titular no es valido"
1079;pagos_membresias.csv;5233;"fecha_vencimiento reparada de 05-05-26 a 2026-05-05"
1079;pagos_membresias.csv;5233;"Fila enviada a ERR: run_socio_titular no es valido"
1080;pagos_membresias.csv;5234;"fecha_vencimiento reparada de 05-06-26 a 2026-06-05"
1080;pagos_membresias.csv;5234;"fecha_pago reparada de 05-06-26 a 2026-06-05"
1080;pagos_membresias.csv;5234;"Fila enviada a ERR: run_socio_titular no es valido"
1081;pagos_membresias.csv;5235;"fecha_vencimiento reparada de 05-07-26 a 2026-07-05"
1081;pagos_membresias.csv;5235;"Fila enviada a ERR: run_socio_titular no es valido"
1082;pagos_membresias.csv;5236;"fecha_vencimiento reparada de 05-08-26 a 2026-08-05"
1082;pagos_membresias.csv;5236;"fecha_pago reparada de 02-08-26 a 2026-08-02"
1082;pagos_membresias.csv;5236;"Fila enviada a ERR: run_socio_titular no es valido"
1083;pagos_membresias.csv;5237;"fecha_vencimiento reparada de 05-09-26 a 2026-09-05"
1083;pagos_membresias.csv;5237;"Fila enviada a ERR: run_socio_titular no es valido"
1084;pagos_membresias.csv;5238;"fecha_vencimiento reparada de 05-10-26 a 2026-10-05"
1084;pagos_membresias.csv;5238;"fecha_pago reparada de 04-10-26 a 2026-10-04"
1084;pagos_membresias.csv;5238;"Fila enviada a ERR: run_socio_titular no es valido"
1085;pagos_membresias.csv;5239;"fecha_vencimiento reparada de 05-11-26 a 2026-11-05"
1085;pagos_membresias.csv;5239;"Fila enviada a ERR: run_socio_titular no es valido"
1086;pagos_membresias.csv;5240;"fecha_vencimiento reparada de 05-12-26 a 2026-12-05"
1086;pagos_membresias.csv;5240;"fecha_pago reparada de 01-12-26 a 2026-12-01"
1086;pagos_membresias.csv;5240;"Fila enviada a ERR: run_socio_titular no es valido"
1087;pagos_membresias.csv;5241;"fecha_vencimiento reparada de 05-01-26 a 2026-01-05"
1087;pagos_membresias.csv;5241;"fecha_pago reparada de 03-01-26 a 2026-01-03"
1087;pagos_membresias.csv;5241;"Fila enviada a ERR: run_socio_titular no es valido"
1088;pagos_membresias.csv;5242;"fecha_vencimiento reparada de 05-02-26 a 2026-02-05"
1088;pagos_membresias.csv;5242;"Fila enviada a ERR: run_socio_titular no es valido"
1089;pagos_membresias.csv;5243;"fecha_vencimiento reparada de 05-03-26 a 2026-03-05"
1089;pagos_membresias.csv;5243;"fecha_pago reparada de 05-03-26 a 2026-03-05"
1089;pagos_membresias.csv;5243;"Fila enviada a ERR: run_socio_titular no es valido"
1090;pagos_membresias.csv;5244;"fecha_vencimiento reparada de 05-04-26 a 2026-04-05"
1090;pagos_membresias.csv;5244;"Fila enviada a ERR: run_socio_titular no es valido"
1091;pagos_membresias.csv;5245;"fecha_vencimiento reparada de 05-05-26 a 2026-05-05"
1091;pagos_membresias.csv;5245;"fecha_pago reparada de 01-05-26 a 2026-05-01"
1091;pagos_membresias.csv;5245;"Fila enviada a ERR: run_socio_titular no es valido"
1092;pagos_membresias.csv;5246;"fecha_vencimiento reparada de 05-06-26 a 2026-06-05"
1092;pagos_membresias.csv;5246;"Fila enviada a ERR: run_socio_titular no es valido"
1093;pagos_membresias.csv;5247;"fecha_vencimiento reparada de 05-07-26 a 2026-07-05"
1093;pagos_membresias.csv;5247;"fecha_pago reparada de 04-07-26 a 2026-07-04"
1093;pagos_membresias.csv;5247;"Fila enviada a ERR: run_socio_titular no es valido"
1094;pagos_membresias.csv;5248;"fecha_vencimiento reparada de 05-08-26 a 2026-08-05"
1094;pagos_membresias.csv;5248;"Fila enviada a ERR: run_socio_titular no es valido"
1095;pagos_membresias.csv;5249;"fecha_vencimiento reparada de 05-09-26 a 2026-09-05"
1095;pagos_membresias.csv;5249;"fecha_pago reparada de 01-09-26 a 2026-09-01"
1095;pagos_membresias.csv;5249;"Fila enviada a ERR: run_socio_titular no es valido"
1096;pagos_membresias.csv;5250;"fecha_vencimiento reparada de 05-10-26 a 2026-10-05"
1096;pagos_membresias.csv;5250;"Fila enviada a ERR: run_socio_titular no es valido"
1097;pagos_membresias.csv;5251;"fecha_vencimiento reparada de 05-11-26 a 2026-11-05"
1097;pagos_membresias.csv;5251;"fecha_pago reparada de 03-11-26 a 2026-11-03"
1097;pagos_membresias.csv;5251;"Fila enviada a ERR: run_socio_titular no es valido"
1098;pagos_membresias.csv;5252;"fecha_vencimiento reparada de 05-12-26 a 2026-12-05"
1098;pagos_membresias.csv;5252;"Fila enviada a ERR: run_socio_titular no es valido"
1099;pagos_membresias.csv;5253;"fecha_vencimiento reparada de 05-01-26 a 2026-01-05"
1099;pagos_membresias.csv;5253;"Fila enviada a ERR: run_socio_titular no es valido"
1100;pagos_membresias.csv;5254;"fecha_vencimiento reparada de 05-02-26 a 2026-02-05"
1100;pagos_membresias.csv;5254;"fecha_pago reparada de 02-02-26 a 2026-02-02"
1100;pagos_membresias.csv;5254;"Fila enviada a ERR: run_socio_titular no es valido"
1101;pagos_membresias.csv;5255;"fecha_vencimiento reparada de 05-03-26 a 2026-03-05"
1101;pagos_membresias.csv;5255;"Fila enviada a ERR: run_socio_titular no es valido"
1102;pagos_membresias.csv;5256;"fecha_vencimiento reparada de 05-04-26 a 2026-04-05"
1102;pagos_membresias.csv;5256;"fecha_pago reparada de 04-04-26 a 2026-04-04"
1102;pagos_membresias.csv;5256;"Fila enviada a ERR: run_socio_titular no es valido"
1103;pagos_membresias.csv;5257;"fecha_vencimiento reparada de 05-05-26 a 2026-05-05"
1103;pagos_membresias.csv;5257;"Fila enviada a ERR: run_socio_titular no es valido"
1104;pagos_membresias.csv;5258;"fecha_vencimiento reparada de 05-06-26 a 2026-06-05"
1104;pagos_membresias.csv;5258;"fecha_pago reparada de 04-06-26 a 2026-06-04"
1104;pagos_membresias.csv;5258;"Fila enviada a ERR: run_socio_titular no es valido"
1105;pagos_membresias.csv;5259;"fecha_vencimiento reparada de 05-07-26 a 2026-07-05"
1105;pagos_membresias.csv;5259;"Fila enviada a ERR: run_socio_titular no es valido"
1106;pagos_membresias.csv;5260;"fecha_vencimiento reparada de 05-08-26 a 2026-08-05"
1106;pagos_membresias.csv;5260;"fecha_pago reparada de 05-08-26 a 2026-08-05"
1106;pagos_membresias.csv;5260;"Fila enviada a ERR: run_socio_titular no es valido"
1107;pagos_membresias.csv;5261;"fecha_vencimiento reparada de 05-09-26 a 2026-09-05"
1107;pagos_membresias.csv;5261;"Fila enviada a ERR: run_socio_titular no es valido"
1108;pagos_membresias.csv;5262;"fecha_vencimiento reparada de 05-10-26 a 2026-10-05"
1108;pagos_membresias.csv;5262;"fecha_pago reparada de 03-10-26 a 2026-10-03"
1108;pagos_membresias.csv;5262;"Fila enviada a ERR: run_socio_titular no es valido"
1109;pagos_membresias.csv;5263;"fecha_vencimiento reparada de 05-11-26 a 2026-11-05"
1109;pagos_membresias.csv;5263;"Fila enviada a ERR: run_socio_titular no es valido"
1110;pagos_membresias.csv;5264;"fecha_vencimiento reparada de 05-12-26 a 2026-12-05"
1110;pagos_membresias.csv;5264;"fecha_pago reparada de 01-12-26 a 2026-12-01"
1110;pagos_membresias.csv;5264;"Fila enviada a ERR: run_socio_titular no es valido"
1111;pagos_membresias.csv;5265;"fecha_vencimiento reparada de 05-01-26 a 2026-01-05"
1111;pagos_membresias.csv;5265;"fecha_pago reparada de 01-01-26 a 2026-01-01"
1112;pagos_membresias.csv;5266;"fecha_vencimiento reparada de 05-02-26 a 2026-02-05"
1113;pagos_membresias.csv;5267;"fecha_vencimiento reparada de 05-03-26 a 2026-03-05"
1113;pagos_membresias.csv;5267;"fecha_pago reparada de 02-03-26 a 2026-03-02"
1114;pagos_membresias.csv;5268;"fecha_vencimiento reparada de 05-04-26 a 2026-04-05"
1115;pagos_membresias.csv;5269;"fecha_vencimiento reparada de 05-05-26 a 2026-05-05"
1115;pagos_membresias.csv;5269;"fecha_pago reparada de 03-05-26 a 2026-05-03"
1116;pagos_membresias.csv;5270;"fecha_vencimiento reparada de 05-06-26 a 2026-06-05"
1117;pagos_membresias.csv;5271;"fecha_vencimiento reparada de 05-07-26 a 2026-07-05"
1117;pagos_membresias.csv;5271;"fecha_pago reparada de 05-07-26 a 2026-07-05"
1118;pagos_membresias.csv;5272;"fecha_vencimiento reparada de 05-08-26 a 2026-08-05"
1119;pagos_membresias.csv;5273;"fecha_vencimiento reparada de 05-09-26 a 2026-09-05"
1119;pagos_membresias.csv;5273;"fecha_pago reparada de 04-09-26 a 2026-09-04"
1120;pagos_membresias.csv;5274;"fecha_vencimiento reparada de 05-10-26 a 2026-10-05"
1121;pagos_membresias.csv;5275;"fecha_vencimiento reparada de 05-11-26 a 2026-11-05"
1121;pagos_membresias.csv;5275;"fecha_pago reparada de 02-11-26 a 2026-11-02"
1122;pagos_membresias.csv;5276;"fecha_vencimiento reparada de 05-12-26 a 2026-12-05"
1123;pagos_membresias.csv;5277;"fecha_vencimiento reparada de 05-01-26 a 2026-01-05"
1124;pagos_membresias.csv;5278;"fecha_vencimiento reparada de 05-02-26 a 2026-02-05"
1124;pagos_membresias.csv;5278;"fecha_pago reparada de 03-02-26 a 2026-02-03"
1125;pagos_membresias.csv;5279;"fecha_vencimiento reparada de 05-03-26 a 2026-03-05"
1126;pagos_membresias.csv;5280;"fecha_vencimiento reparada de 05-04-26 a 2026-04-05"
1126;pagos_membresias.csv;5280;"fecha_pago reparada de 05-04-26 a 2026-04-05"
1127;pagos_membresias.csv;5281;"fecha_vencimiento reparada de 05-05-26 a 2026-05-05"
1128;pagos_membresias.csv;5282;"fecha_vencimiento reparada de 05-06-26 a 2026-06-05"
1128;pagos_membresias.csv;5282;"fecha_pago reparada de 01-06-26 a 2026-06-01"
1129;pagos_membresias.csv;5283;"fecha_vencimiento reparada de 05-07-26 a 2026-07-05"
1130;pagos_membresias.csv;5284;"fecha_vencimiento reparada de 05-08-26 a 2026-08-05"
1130;pagos_membresias.csv;5284;"fecha_pago reparada de 04-08-26 a 2026-08-04"
1131;pagos_membresias.csv;5285;"fecha_vencimiento reparada de 05-09-26 a 2026-09-05"
1132;pagos_membresias.csv;5286;"fecha_vencimiento reparada de 05-10-26 a 2026-10-05"
1132;pagos_membresias.csv;5286;"fecha_pago reparada de 02-10-26 a 2026-10-02"
1133;pagos_membresias.csv;5287;"fecha_vencimiento reparada de 05-11-26 a 2026-11-05"
1134;pagos_membresias.csv;5288;"fecha_vencimiento reparada de 05-12-26 a 2026-12-05"
1134;pagos_membresias.csv;5288;"fecha_pago reparada de 05-12-26 a 2026-12-05"
1135;pagos_membresias.csv;5289;"fecha_vencimiento reparada de 05-01-26 a 2026-01-05"
1135;pagos_membresias.csv;5289;"fecha_pago reparada de 04-01-26 a 2026-01-04"
1136;pagos_membresias.csv;5290;"fecha_vencimiento reparada de 05-02-26 a 2026-02-05"
1137;pagos_membresias.csv;5291;"fecha_vencimiento reparada de 05-03-26 a 2026-03-05"
1137;pagos_membresias.csv;5291;"fecha_pago reparada de 01-03-26 a 2026-03-01"
1138;pagos_membresias.csv;5292;"fecha_vencimiento reparada de 05-04-26 a 2026-04-05"
1139;pagos_membresias.csv;5293;"fecha_vencimiento reparada de 05-05-26 a 2026-05-05"
1139;pagos_membresias.csv;5293;"fecha_pago reparada de 03-05-26 a 2026-05-03"
1140;pagos_membresias.csv;5294;"fecha_vencimiento reparada de 05-06-26 a 2026-06-05"
1141;pagos_membresias.csv;5295;"fecha_vencimiento reparada de 05-07-26 a 2026-07-05"
1141;pagos_membresias.csv;5295;"fecha_pago reparada de 01-07-26 a 2026-07-01"
1142;pagos_membresias.csv;5296;"fecha_vencimiento reparada de 05-08-26 a 2026-08-05"
1143;pagos_membresias.csv;5297;"fecha_vencimiento reparada de 05-09-26 a 2026-09-05"
1143;pagos_membresias.csv;5297;"fecha_pago reparada de 04-09-26 a 2026-09-04"
1144;pagos_membresias.csv;5298;"fecha_vencimiento reparada de 05-10-26 a 2026-10-05"
1145;pagos_membresias.csv;5299;"fecha_vencimiento reparada de 05-11-26 a 2026-11-05"
1145;pagos_membresias.csv;5299;"fecha_pago reparada de 05-11-26 a 2026-11-05"
1146;pagos_membresias.csv;5300;"fecha_vencimiento reparada de 05-12-26 a 2026-12-05"
1147;pagos_membresias.csv;5301;"fecha_vencimiento reparada de 05-01-26 a 2026-01-05"
1147;pagos_membresias.csv;5301;"Fila enviada a ERR: run_socio_titular no es valido"
1148;pagos_membresias.csv;5302;"fecha_vencimiento reparada de 05-02-26 a 2026-02-05"
1148;pagos_membresias.csv;5302;"fecha_pago reparada de 01-02-26 a 2026-02-01"
1148;pagos_membresias.csv;5302;"Fila enviada a ERR: run_socio_titular no es valido"
1149;pagos_membresias.csv;5303;"fecha_vencimiento reparada de 05-03-26 a 2026-03-05"
1149;pagos_membresias.csv;5303;"Fila enviada a ERR: run_socio_titular no es valido"
1150;pagos_membresias.csv;5304;"fecha_vencimiento reparada de 05-04-26 a 2026-04-05"
1150;pagos_membresias.csv;5304;"fecha_pago reparada de 02-04-26 a 2026-04-02"
1150;pagos_membresias.csv;5304;"Fila enviada a ERR: run_socio_titular no es valido"
1151;pagos_membresias.csv;5305;"fecha_vencimiento reparada de 05-05-26 a 2026-05-05"
1151;pagos_membresias.csv;5305;"Fila enviada a ERR: run_socio_titular no es valido"
1152;pagos_membresias.csv;5306;"fecha_vencimiento reparada de 05-06-26 a 2026-06-05"
1152;pagos_membresias.csv;5306;"fecha_pago reparada de 04-06-26 a 2026-06-04"
1152;pagos_membresias.csv;5306;"Fila enviada a ERR: run_socio_titular no es valido"
1153;pagos_membresias.csv;5307;"fecha_vencimiento reparada de 05-07-26 a 2026-07-05"
1153;pagos_membresias.csv;5307;"Fila enviada a ERR: run_socio_titular no es valido"
1154;pagos_membresias.csv;5308;"fecha_vencimiento reparada de 05-08-26 a 2026-08-05"
1154;pagos_membresias.csv;5308;"fecha_pago reparada de 02-08-26 a 2026-08-02"
1154;pagos_membresias.csv;5308;"Fila enviada a ERR: run_socio_titular no es valido"
1155;pagos_membresias.csv;5309;"fecha_vencimiento reparada de 05-09-26 a 2026-09-05"
1155;pagos_membresias.csv;5309;"Fila enviada a ERR: run_socio_titular no es valido"
1156;pagos_membresias.csv;5310;"fecha_vencimiento reparada de 05-10-26 a 2026-10-05"
1156;pagos_membresias.csv;5310;"fecha_pago reparada de 03-10-26 a 2026-10-03"
1156;pagos_membresias.csv;5310;"Fila enviada a ERR: run_socio_titular no es valido"
1157;pagos_membresias.csv;5311;"fecha_vencimiento reparada de 05-11-26 a 2026-11-05"
1157;pagos_membresias.csv;5311;"Fila enviada a ERR: run_socio_titular no es valido"
1158;pagos_membresias.csv;5312;"fecha_vencimiento reparada de 05-12-26 a 2026-12-05"
1158;pagos_membresias.csv;5312;"fecha_pago reparada de 01-12-26 a 2026-12-01"
1158;pagos_membresias.csv;5312;"Fila enviada a ERR: run_socio_titular no es valido"
1159;pagos_membresias.csv;5313;"fecha_vencimiento reparada de 05-01-26 a 2026-01-05"
1159;pagos_membresias.csv;5313;"fecha_pago reparada de 03-01-26 a 2026-01-03"
1159;pagos_membresias.csv;5313;"Fila enviada a ERR: run_socio_titular no es valido"
1160;pagos_membresias.csv;5314;"fecha_vencimiento reparada de 05-02-26 a 2026-02-05"
1160;pagos_membresias.csv;5314;"Fila enviada a ERR: run_socio_titular no es valido"
1161;pagos_membresias.csv;5315;"fecha_vencimiento reparada de 05-03-26 a 2026-03-05"
1161;pagos_membresias.csv;5315;"fecha_pago reparada de 04-03-26 a 2026-03-04"
1161;pagos_membresias.csv;5315;"Fila enviada a ERR: run_socio_titular no es valido"
1162;pagos_membresias.csv;5316;"fecha_vencimiento reparada de 05-04-26 a 2026-04-05"
1162;pagos_membresias.csv;5316;"Fila enviada a ERR: run_socio_titular no es valido"
1163;pagos_membresias.csv;5317;"fecha_vencimiento reparada de 05-05-26 a 2026-05-05"
1163;pagos_membresias.csv;5317;"fecha_pago reparada de 05-05-26 a 2026-05-05"
1163;pagos_membresias.csv;5317;"Fila enviada a ERR: run_socio_titular no es valido"
1164;pagos_membresias.csv;5318;"fecha_vencimiento reparada de 05-06-26 a 2026-06-05"
1164;pagos_membresias.csv;5318;"Fila enviada a ERR: run_socio_titular no es valido"
1165;pagos_membresias.csv;5319;"fecha_vencimiento reparada de 05-07-26 a 2026-07-05"
1165;pagos_membresias.csv;5319;"fecha_pago reparada de 01-07-26 a 2026-07-01"
1165;pagos_membresias.csv;5319;"Fila enviada a ERR: run_socio_titular no es valido"
1166;pagos_membresias.csv;5320;"fecha_vencimiento reparada de 05-08-26 a 2026-08-05"
1166;pagos_membresias.csv;5320;"Fila enviada a ERR: run_socio_titular no es valido"
1167;pagos_membresias.csv;5321;"fecha_vencimiento reparada de 05-09-26 a 2026-09-05"
1167;pagos_membresias.csv;5321;"fecha_pago reparada de 02-09-26 a 2026-09-02"
1167;pagos_membresias.csv;5321;"Fila enviada a ERR: run_socio_titular no es valido"
1168;pagos_membresias.csv;5322;"fecha_vencimiento reparada de 05-10-26 a 2026-10-05"
1168;pagos_membresias.csv;5322;"Fila enviada a ERR: run_socio_titular no es valido"
1169;pagos_membresias.csv;5323;"fecha_vencimiento reparada de 05-11-26 a 2026-11-05"
1169;pagos_membresias.csv;5323;"fecha_pago reparada de 03-11-26 a 2026-11-03"
1169;pagos_membresias.csv;5323;"Fila enviada a ERR: run_socio_titular no es valido"
1170;pagos_membresias.csv;5324;"fecha_vencimiento reparada de 05-12-26 a 2026-12-05"
1170;pagos_membresias.csv;5324;"Fila enviada a ERR: run_socio_titular no es valido"
1171;pagos_membresias.csv;5325;"fecha_vencimiento reparada de 05-01-26 a 2026-01-05"
1171;pagos_membresias.csv;5325;"Fila enviada a ERR: run_socio_titular no es valido"
1172;pagos_membresias.csv;5326;"fecha_vencimiento reparada de 05-02-26 a 2026-02-05"
1172;pagos_membresias.csv;5326;"fecha_pago reparada de 04-02-26 a 2026-02-04"
1172;pagos_membresias.csv;5326;"Fila enviada a ERR: run_socio_titular no es valido"
1173;pagos_membresias.csv;5327;"fecha_vencimiento reparada de 05-03-26 a 2026-03-05"
1173;pagos_membresias.csv;5327;"Fila enviada a ERR: run_socio_titular no es valido"
1174;pagos_membresias.csv;5328;"fecha_vencimiento reparada de 05-04-26 a 2026-04-05"
1174;pagos_membresias.csv;5328;"fecha_pago reparada de 01-04-26 a 2026-04-01"
1174;pagos_membresias.csv;5328;"Fila enviada a ERR: run_socio_titular no es valido"
1175;pagos_membresias.csv;5329;"fecha_vencimiento reparada de 05-05-26 a 2026-05-05"
1175;pagos_membresias.csv;5329;"Fila enviada a ERR: run_socio_titular no es valido"
1176;pagos_membresias.csv;5330;"fecha_vencimiento reparada de 05-06-26 a 2026-06-05"
1176;pagos_membresias.csv;5330;"fecha_pago reparada de 02-06-26 a 2026-06-02"
1176;pagos_membresias.csv;5330;"Fila enviada a ERR: run_socio_titular no es valido"
1177;pagos_membresias.csv;5331;"fecha_vencimiento reparada de 05-07-26 a 2026-07-05"
1177;pagos_membresias.csv;5331;"Fila enviada a ERR: run_socio_titular no es valido"
1178;pagos_membresias.csv;5332;"fecha_vencimiento reparada de 05-08-26 a 2026-08-05"
1178;pagos_membresias.csv;5332;"fecha_pago reparada de 05-08-26 a 2026-08-05"
1178;pagos_membresias.csv;5332;"Fila enviada a ERR: run_socio_titular no es valido"
1179;pagos_membresias.csv;5333;"fecha_vencimiento reparada de 05-09-26 a 2026-09-05"
1179;pagos_membresias.csv;5333;"Fila enviada a ERR: run_socio_titular no es valido"
1180;pagos_membresias.csv;5334;"fecha_vencimiento reparada de 05-10-26 a 2026-10-05"
1180;pagos_membresias.csv;5334;"fecha_pago reparada de 04-10-26 a 2026-10-04"
1180;pagos_membresias.csv;5334;"Fila enviada a ERR: run_socio_titular no es valido"
1181;pagos_membresias.csv;5335;"fecha_vencimiento reparada de 05-11-26 a 2026-11-05"
1181;pagos_membresias.csv;5335;"Fila enviada a ERR: run_socio_titular no es valido"
1182;pagos_membresias.csv;5336;"fecha_vencimiento reparada de 05-12-26 a 2026-12-05"
1182;pagos_membresias.csv;5336;"fecha_pago reparada de 03-12-26 a 2026-12-03"
1182;pagos_membresias.csv;5336;"Fila enviada a ERR: run_socio_titular no es valido"
1183;pagos_membresias.csv;5337;"fecha_vencimiento reparada de 05-01-26 a 2026-01-05"
1183;pagos_membresias.csv;5337;"fecha_pago reparada de 05-01-26 a 2026-01-05"
1183;pagos_membresias.csv;5337;"Fila enviada a ERR: run_socio_titular no es valido"
1184;pagos_membresias.csv;5338;"fecha_vencimiento reparada de 05-02-26 a 2026-02-05"
1184;pagos_membresias.csv;5338;"Fila enviada a ERR: run_socio_titular no es valido"
1185;pagos_membresias.csv;5339;"fecha_vencimiento reparada de 05-03-26 a 2026-03-05"
1185;pagos_membresias.csv;5339;"fecha_pago reparada de 02-03-26 a 2026-03-02"
1185;pagos_membresias.csv;5339;"Fila enviada a ERR: run_socio_titular no es valido"
1186;pagos_membresias.csv;5340;"fecha_vencimiento reparada de 05-04-26 a 2026-04-05"
1186;pagos_membresias.csv;5340;"Fila enviada a ERR: run_socio_titular no es valido"
1187;pagos_membresias.csv;5341;"fecha_vencimiento reparada de 05-05-26 a 2026-05-05"
1187;pagos_membresias.csv;5341;"fecha_pago reparada de 04-05-26 a 2026-05-04"
1187;pagos_membresias.csv;5341;"Fila enviada a ERR: run_socio_titular no es valido"
1188;pagos_membresias.csv;5342;"fecha_vencimiento reparada de 05-06-26 a 2026-06-05"
1188;pagos_membresias.csv;5342;"Fila enviada a ERR: run_socio_titular no es valido"
1189;pagos_membresias.csv;5343;"fecha_vencimiento reparada de 05-07-26 a 2026-07-05"
1189;pagos_membresias.csv;5343;"fecha_pago reparada de 01-07-26 a 2026-07-01"
1189;pagos_membresias.csv;5343;"Fila enviada a ERR: run_socio_titular no es valido"
1190;pagos_membresias.csv;5344;"fecha_vencimiento reparada de 05-08-26 a 2026-08-05"
1190;pagos_membresias.csv;5344;"Fila enviada a ERR: run_socio_titular no es valido"
1191;pagos_membresias.csv;5345;"fecha_vencimiento reparada de 05-09-26 a 2026-09-05"
1191;pagos_membresias.csv;5345;"fecha_pago reparada de 03-09-26 a 2026-09-03"
1191;pagos_membresias.csv;5345;"Fila enviada a ERR: run_socio_titular no es valido"
1192;pagos_membresias.csv;5346;"fecha_vencimiento reparada de 05-10-26 a 2026-10-05"
1192;pagos_membresias.csv;5346;"Fila enviada a ERR: run_socio_titular no es valido"
1193;pagos_membresias.csv;5347;"fecha_vencimiento reparada de 05-11-26 a 2026-11-05"
1193;pagos_membresias.csv;5347;"fecha_pago reparada de 01-11-26 a 2026-11-01"
1193;pagos_membresias.csv;5347;"Fila enviada a ERR: run_socio_titular no es valido"
1194;pagos_membresias.csv;5348;"fecha_vencimiento reparada de 05-12-26 a 2026-12-05"
1194;pagos_membresias.csv;5348;"Fila enviada a ERR: run_socio_titular no es valido"
1195;pagos_membresias.csv;5349;"fecha_vencimiento reparada de 05-01-26 a 2026-01-05"
1196;pagos_membresias.csv;5350;"fecha_vencimiento reparada de 05-02-26 a 2026-02-05"
1196;pagos_membresias.csv;5350;"fecha_pago reparada de 02-02-26 a 2026-02-02"
1197;pagos_membresias.csv;5351;"fecha_vencimiento reparada de 05-03-26 a 2026-03-05"
1198;pagos_membresias.csv;5352;"fecha_vencimiento reparada de 05-04-26 a 2026-04-05"
1198;pagos_membresias.csv;5352;"fecha_pago reparada de 05-04-26 a 2026-04-05"
1199;pagos_membresias.csv;5353;"fecha_vencimiento reparada de 05-05-26 a 2026-05-05"
1200;pagos_membresias.csv;5354;"fecha_vencimiento reparada de 05-06-26 a 2026-06-05"
1200;pagos_membresias.csv;5354;"fecha_pago reparada de 03-06-26 a 2026-06-03"
1201;pagos_membresias.csv;5355;"fecha_vencimiento reparada de 05-07-26 a 2026-07-05"
1202;pagos_membresias.csv;5356;"fecha_vencimiento reparada de 05-08-26 a 2026-08-05"
1202;pagos_membresias.csv;5356;"fecha_pago reparada de 04-08-26 a 2026-08-04"
1203;pagos_membresias.csv;5357;"fecha_vencimiento reparada de 05-09-26 a 2026-09-05"
1204;pagos_membresias.csv;5358;"fecha_vencimiento reparada de 05-10-26 a 2026-10-05"
1204;pagos_membresias.csv;5358;"fecha_pago reparada de 02-10-26 a 2026-10-02"
1205;pagos_membresias.csv;5359;"fecha_vencimiento reparada de 05-11-26 a 2026-11-05"
1206;pagos_membresias.csv;5360;"fecha_vencimiento reparada de 05-12-26 a 2026-12-05"
1206;pagos_membresias.csv;5360;"fecha_pago reparada de 05-12-26 a 2026-12-05"
1207;pagos_membresias.csv;5361;"fecha_vencimiento reparada de 05-01-26 a 2026-01-05"
1207;pagos_membresias.csv;5361;"fecha_pago reparada de 01-01-26 a 2026-01-01"
1208;pagos_membresias.csv;5362;"fecha_vencimiento reparada de 05-02-26 a 2026-02-05"
1209;pagos_membresias.csv;5363;"fecha_vencimiento reparada de 05-03-26 a 2026-03-05"
1209;pagos_membresias.csv;5363;"fecha_pago reparada de 04-03-26 a 2026-03-04"
1210;pagos_membresias.csv;5364;"fecha_vencimiento reparada de 05-04-26 a 2026-04-05"
1211;pagos_membresias.csv;5365;"fecha_vencimiento reparada de 05-05-26 a 2026-05-05"
1211;pagos_membresias.csv;5365;"fecha_pago reparada de 02-05-26 a 2026-05-02"
1212;pagos_membresias.csv;5366;"fecha_vencimiento reparada de 05-06-26 a 2026-06-05"
1213;pagos_membresias.csv;5367;"fecha_vencimiento reparada de 05-07-26 a 2026-07-05"
1213;pagos_membresias.csv;5367;"fecha_pago reparada de 03-07-26 a 2026-07-03"
1214;pagos_membresias.csv;5368;"fecha_vencimiento reparada de 05-08-26 a 2026-08-05"
1215;pagos_membresias.csv;5369;"fecha_vencimiento reparada de 05-09-26 a 2026-09-05"
1215;pagos_membresias.csv;5369;"fecha_pago reparada de 01-09-26 a 2026-09-01"
1216;pagos_membresias.csv;5370;"fecha_vencimiento reparada de 05-10-26 a 2026-10-05"
1217;pagos_membresias.csv;5371;"fecha_vencimiento reparada de 05-11-26 a 2026-11-05"
1217;pagos_membresias.csv;5371;"fecha_pago reparada de 04-11-26 a 2026-11-04"
1218;pagos_membresias.csv;5372;"fecha_vencimiento reparada de 05-12-26 a 2026-12-05"
1219;pagos_membresias.csv;5373;"fecha_vencimiento reparada de 05-01-26 a 2026-01-05"
1220;pagos_membresias.csv;5374;"fecha_vencimiento reparada de 05-02-26 a 2026-02-05"
1220;pagos_membresias.csv;5374;"fecha_pago reparada de 01-02-26 a 2026-02-01"
1221;pagos_membresias.csv;5375;"fecha_vencimiento reparada de 05-03-26 a 2026-03-05"
1222;pagos_membresias.csv;5376;"fecha_vencimiento reparada de 05-04-26 a 2026-04-05"
1222;pagos_membresias.csv;5376;"fecha_pago reparada de 02-04-26 a 2026-04-02"
1223;pagos_membresias.csv;5377;"fecha_vencimiento reparada de 05-05-26 a 2026-05-05"
1224;pagos_membresias.csv;5378;"fecha_vencimiento reparada de 05-06-26 a 2026-06-05"
1224;pagos_membresias.csv;5378;"fecha_pago reparada de 05-06-26 a 2026-06-05"
1225;pagos_membresias.csv;5379;"fecha_vencimiento reparada de 05-07-26 a 2026-07-05"
1226;pagos_membresias.csv;5380;"fecha_vencimiento reparada de 05-08-26 a 2026-08-05"
1226;pagos_membresias.csv;5380;"fecha_pago reparada de 03-08-26 a 2026-08-03"
1227;pagos_membresias.csv;5381;"fecha_vencimiento reparada de 05-09-26 a 2026-09-05"
1228;pagos_membresias.csv;5382;"fecha_vencimiento reparada de 05-10-26 a 2026-10-05"
1228;pagos_membresias.csv;5382;"fecha_pago reparada de 04-10-26 a 2026-10-04"
1229;pagos_membresias.csv;5383;"fecha_vencimiento reparada de 05-11-26 a 2026-11-05"
1230;pagos_membresias.csv;5384;"fecha_vencimiento reparada de 05-12-26 a 2026-12-05"
1230;pagos_membresias.csv;5384;"fecha_pago reparada de 02-12-26 a 2026-12-02"
1231;pagos_membresias.csv;5385;"fecha_vencimiento reparada de 05-01-26 a 2026-01-05"
1231;pagos_membresias.csv;5385;"fecha_pago reparada de 01-01-26 a 2026-01-01"
1232;pagos_membresias.csv;5386;"fecha_vencimiento reparada de 05-02-26 a 2026-02-05"
1233;pagos_membresias.csv;5387;"fecha_vencimiento reparada de 05-03-26 a 2026-03-05"
1233;pagos_membresias.csv;5387;"fecha_pago reparada de 05-03-26 a 2026-03-05"
1234;pagos_membresias.csv;5388;"fecha_vencimiento reparada de 05-04-26 a 2026-04-05"
1235;pagos_membresias.csv;5389;"fecha_vencimiento reparada de 05-05-26 a 2026-05-05"
1235;pagos_membresias.csv;5389;"fecha_pago reparada de 03-05-26 a 2026-05-03"
1236;pagos_membresias.csv;5390;"fecha_vencimiento reparada de 05-06-26 a 2026-06-05"
1237;pagos_membresias.csv;5391;"fecha_vencimiento reparada de 05-07-26 a 2026-07-05"
1237;pagos_membresias.csv;5391;"fecha_pago reparada de 02-07-26 a 2026-07-02"
1238;pagos_membresias.csv;5392;"fecha_vencimiento reparada de 05-08-26 a 2026-08-05"
1239;pagos_membresias.csv;5393;"fecha_vencimiento reparada de 05-09-26 a 2026-09-05"
1239;pagos_membresias.csv;5393;"fecha_pago reparada de 01-09-26 a 2026-09-01"
1240;pagos_membresias.csv;5394;"fecha_vencimiento reparada de 05-10-26 a 2026-10-05"
1241;pagos_membresias.csv;5395;"fecha_vencimiento reparada de 05-11-26 a 2026-11-05"
1241;pagos_membresias.csv;5395;"fecha_pago reparada de 04-11-26 a 2026-11-04"
1242;pagos_membresias.csv;5396;"fecha_vencimiento reparada de 05-12-26 a 2026-12-05"
1243;pagos_membresias.csv;5397;"fecha_vencimiento reparada de 05-01-26 a 2026-01-05"
1243;pagos_membresias.csv;5397;"Fila enviada a ERR: run_socio_titular no es valido"
1244;pagos_membresias.csv;5398;"fecha_vencimiento reparada de 05-02-26 a 2026-02-05"
1244;pagos_membresias.csv;5398;"fecha_pago reparada de 01-02-26 a 2026-02-01"
1244;pagos_membresias.csv;5398;"Fila enviada a ERR: run_socio_titular no es valido"
1245;pagos_membresias.csv;5399;"fecha_vencimiento reparada de 05-03-26 a 2026-03-05"
1245;pagos_membresias.csv;5399;"Fila enviada a ERR: run_socio_titular no es valido"
1246;pagos_membresias.csv;5400;"fecha_vencimiento reparada de 05-04-26 a 2026-04-05"
1246;pagos_membresias.csv;5400;"fecha_pago reparada de 04-04-26 a 2026-04-04"
1246;pagos_membresias.csv;5400;"Fila enviada a ERR: run_socio_titular no es valido"
1247;pagos_membresias.csv;5401;"fecha_vencimiento reparada de 05-05-26 a 2026-05-05"
1247;pagos_membresias.csv;5401;"Fila enviada a ERR: run_socio_titular no es valido"
1248;pagos_membresias.csv;5402;"fecha_vencimiento reparada de 05-06-26 a 2026-06-05"
1248;pagos_membresias.csv;5402;"fecha_pago reparada de 05-06-26 a 2026-06-05"
1248;pagos_membresias.csv;5402;"Fila enviada a ERR: run_socio_titular no es valido"
1249;pagos_membresias.csv;5403;"fecha_vencimiento reparada de 05-07-26 a 2026-07-05"
1249;pagos_membresias.csv;5403;"Fila enviada a ERR: run_socio_titular no es valido"
1250;pagos_membresias.csv;5404;"fecha_vencimiento reparada de 05-08-26 a 2026-08-05"
1250;pagos_membresias.csv;5404;"fecha_pago reparada de 02-08-26 a 2026-08-02"
1250;pagos_membresias.csv;5404;"Fila enviada a ERR: run_socio_titular no es valido"
1251;pagos_membresias.csv;5405;"fecha_vencimiento reparada de 05-09-26 a 2026-09-05"
1251;pagos_membresias.csv;5405;"Fila enviada a ERR: run_socio_titular no es valido"
1252;pagos_membresias.csv;5406;"fecha_vencimiento reparada de 05-10-26 a 2026-10-05"
1252;pagos_membresias.csv;5406;"fecha_pago reparada de 03-10-26 a 2026-10-03"
1252;pagos_membresias.csv;5406;"Fila enviada a ERR: run_socio_titular no es valido"
1253;pagos_membresias.csv;5407;"fecha_vencimiento reparada de 05-11-26 a 2026-11-05"
1253;pagos_membresias.csv;5407;"Fila enviada a ERR: run_socio_titular no es valido"
1254;pagos_membresias.csv;5408;"fecha_vencimiento reparada de 05-12-26 a 2026-12-05"
1254;pagos_membresias.csv;5408;"fecha_pago reparada de 02-12-26 a 2026-12-02"
1254;pagos_membresias.csv;5408;"Fila enviada a ERR: run_socio_titular no es valido"
1255;pagos_membresias.csv;5409;"fecha_vencimiento reparada de 05-01-26 a 2026-01-05"
1255;pagos_membresias.csv;5409;"fecha_pago reparada de 03-01-26 a 2026-01-03"
1255;pagos_membresias.csv;5409;"Fila enviada a ERR: run_socio_titular no es valido"
1256;pagos_membresias.csv;5410;"fecha_vencimiento reparada de 05-02-26 a 2026-02-05"
1256;pagos_membresias.csv;5410;"Fila enviada a ERR: run_socio_titular no es valido"
1257;pagos_membresias.csv;5411;"fecha_vencimiento reparada de 05-03-26 a 2026-03-05"
1257;pagos_membresias.csv;5411;"fecha_pago reparada de 01-03-26 a 2026-03-01"
1257;pagos_membresias.csv;5411;"Fila enviada a ERR: run_socio_titular no es valido"
1258;pagos_membresias.csv;5412;"fecha_vencimiento reparada de 05-04-26 a 2026-04-05"
1258;pagos_membresias.csv;5412;"Fila enviada a ERR: run_socio_titular no es valido"
1259;pagos_membresias.csv;5413;"fecha_vencimiento reparada de 05-05-26 a 2026-05-05"
1259;pagos_membresias.csv;5413;"fecha_pago reparada de 04-05-26 a 2026-05-04"
1259;pagos_membresias.csv;5413;"Fila enviada a ERR: run_socio_titular no es valido"
1260;pagos_membresias.csv;5414;"fecha_vencimiento reparada de 05-06-26 a 2026-06-05"
1260;pagos_membresias.csv;5414;"Fila enviada a ERR: run_socio_titular no es valido"
1261;pagos_membresias.csv;5415;"fecha_vencimiento reparada de 05-07-26 a 2026-07-05"
1261;pagos_membresias.csv;5415;"fecha_pago reparada de 05-07-26 a 2026-07-05"
1261;pagos_membresias.csv;5415;"Fila enviada a ERR: run_socio_titular no es valido"
1262;pagos_membresias.csv;5416;"fecha_vencimiento reparada de 05-08-26 a 2026-08-05"
1262;pagos_membresias.csv;5416;"Fila enviada a ERR: run_socio_titular no es valido"
1263;pagos_membresias.csv;5417;"fecha_vencimiento reparada de 05-09-26 a 2026-09-05"
1263;pagos_membresias.csv;5417;"fecha_pago reparada de 02-09-26 a 2026-09-02"
1263;pagos_membresias.csv;5417;"Fila enviada a ERR: run_socio_titular no es valido"
1264;pagos_membresias.csv;5418;"fecha_vencimiento reparada de 05-10-26 a 2026-10-05"
1264;pagos_membresias.csv;5418;"Fila enviada a ERR: run_socio_titular no es valido"
1265;pagos_membresias.csv;5419;"fecha_vencimiento reparada de 05-11-26 a 2026-11-05"
1265;pagos_membresias.csv;5419;"fecha_pago reparada de 01-11-26 a 2026-11-01"
1265;pagos_membresias.csv;5419;"Fila enviada a ERR: run_socio_titular no es valido"
1266;pagos_membresias.csv;5420;"fecha_vencimiento reparada de 05-12-26 a 2026-12-05"
1266;pagos_membresias.csv;5420;"Fila enviada a ERR: run_socio_titular no es valido"
1267;pagos_membresias.csv;5421;"fecha_vencimiento reparada de 05-01-26 a 2026-01-05"
1267;pagos_membresias.csv;5421;"Fila enviada a ERR: run_socio_titular no es valido"
1268;pagos_membresias.csv;5422;"fecha_vencimiento reparada de 05-02-26 a 2026-02-05"
1268;pagos_membresias.csv;5422;"fecha_pago reparada de 02-02-26 a 2026-02-02"
1268;pagos_membresias.csv;5422;"Fila enviada a ERR: run_socio_titular no es valido"
1269;pagos_membresias.csv;5423;"fecha_vencimiento reparada de 05-03-26 a 2026-03-05"
1269;pagos_membresias.csv;5423;"Fila enviada a ERR: run_socio_titular no es valido"
1270;pagos_membresias.csv;5424;"fecha_vencimiento reparada de 05-04-26 a 2026-04-05"
1270;pagos_membresias.csv;5424;"fecha_pago reparada de 05-04-26 a 2026-04-05"
1270;pagos_membresias.csv;5424;"Fila enviada a ERR: run_socio_titular no es valido"
1271;pagos_membresias.csv;5425;"fecha_vencimiento reparada de 05-05-26 a 2026-05-05"
1271;pagos_membresias.csv;5425;"Fila enviada a ERR: run_socio_titular no es valido"
1272;pagos_membresias.csv;5426;"fecha_vencimiento reparada de 05-06-26 a 2026-06-05"
1272;pagos_membresias.csv;5426;"fecha_pago reparada de 03-06-26 a 2026-06-03"
1272;pagos_membresias.csv;5426;"Fila enviada a ERR: run_socio_titular no es valido"
1273;pagos_membresias.csv;5427;"fecha_vencimiento reparada de 05-07-26 a 2026-07-05"
1273;pagos_membresias.csv;5427;"Fila enviada a ERR: run_socio_titular no es valido"
1274;pagos_membresias.csv;5428;"fecha_vencimiento reparada de 05-08-26 a 2026-08-05"
1274;pagos_membresias.csv;5428;"fecha_pago reparada de 01-08-26 a 2026-08-01"
1274;pagos_membresias.csv;5428;"Fila enviada a ERR: run_socio_titular no es valido"
1275;pagos_membresias.csv;5429;"fecha_vencimiento reparada de 05-09-26 a 2026-09-05"
1275;pagos_membresias.csv;5429;"Fila enviada a ERR: run_socio_titular no es valido"
1276;pagos_membresias.csv;5430;"fecha_vencimiento reparada de 05-10-26 a 2026-10-05"
1276;pagos_membresias.csv;5430;"fecha_pago reparada de 02-10-26 a 2026-10-02"
1276;pagos_membresias.csv;5430;"Fila enviada a ERR: run_socio_titular no es valido"
1277;pagos_membresias.csv;5431;"fecha_vencimiento reparada de 05-11-26 a 2026-11-05"
1277;pagos_membresias.csv;5431;"Fila enviada a ERR: run_socio_titular no es valido"
1278;pagos_membresias.csv;5432;"fecha_vencimiento reparada de 05-12-26 a 2026-12-05"
1278;pagos_membresias.csv;5432;"fecha_pago reparada de 04-12-26 a 2026-12-04"
1278;pagos_membresias.csv;5432;"Fila enviada a ERR: run_socio_titular no es valido"
1279;pagos_membresias.csv;5433;"fecha_vencimiento reparada de 05-01-26 a 2026-01-05"
1279;pagos_membresias.csv;5433;"fecha_pago reparada de 01-01-26 a 2026-01-01"
1280;pagos_membresias.csv;5434;"fecha_vencimiento reparada de 05-02-26 a 2026-02-05"
1281;pagos_membresias.csv;5435;"fecha_vencimiento reparada de 05-03-26 a 2026-03-05"
1281;pagos_membresias.csv;5435;"fecha_pago reparada de 03-03-26 a 2026-03-03"
1282;pagos_membresias.csv;5436;"fecha_vencimiento reparada de 05-04-26 a 2026-04-05"
1283;pagos_membresias.csv;5437;"fecha_vencimiento reparada de 05-05-26 a 2026-05-05"
1283;pagos_membresias.csv;5437;"fecha_pago reparada de 04-05-26 a 2026-05-04"
1284;pagos_membresias.csv;5438;"fecha_vencimiento reparada de 05-06-26 a 2026-06-05"
1285;pagos_membresias.csv;5439;"fecha_vencimiento reparada de 05-07-26 a 2026-07-05"
1285;pagos_membresias.csv;5439;"fecha_pago reparada de 05-07-26 a 2026-07-05"
1286;pagos_membresias.csv;5440;"fecha_vencimiento reparada de 05-08-26 a 2026-08-05"
1287;pagos_membresias.csv;5441;"fecha_vencimiento reparada de 05-09-26 a 2026-09-05"
1287;pagos_membresias.csv;5441;"fecha_pago reparada de 02-09-26 a 2026-09-02"
1288;pagos_membresias.csv;5442;"fecha_vencimiento reparada de 05-10-26 a 2026-10-05"
1289;pagos_membresias.csv;5443;"fecha_vencimiento reparada de 05-11-26 a 2026-11-05"
1289;pagos_membresias.csv;5443;"fecha_pago reparada de 01-11-26 a 2026-11-01"
1290;pagos_membresias.csv;5444;"fecha_vencimiento reparada de 05-12-26 a 2026-12-05"
1291;pagos_membresias.csv;5445;"fecha_vencimiento reparada de 05-01-26 a 2026-01-05"
1291;pagos_membresias.csv;5445;"Fila enviada a ERR: run_socio_titular no es valido"
1292;pagos_membresias.csv;5446;"fecha_vencimiento reparada de 05-02-26 a 2026-02-05"
1292;pagos_membresias.csv;5446;"fecha_pago reparada de 02-02-26 a 2026-02-02"
1292;pagos_membresias.csv;5446;"Fila enviada a ERR: run_socio_titular no es valido"
1293;pagos_membresias.csv;5447;"fecha_vencimiento reparada de 05-03-26 a 2026-03-05"
1293;pagos_membresias.csv;5447;"Fila enviada a ERR: run_socio_titular no es valido"
1294;pagos_membresias.csv;5448;"fecha_vencimiento reparada de 05-04-26 a 2026-04-05"
1294;pagos_membresias.csv;5448;"fecha_pago reparada de 05-04-26 a 2026-04-05"
1294;pagos_membresias.csv;5448;"Fila enviada a ERR: run_socio_titular no es valido"
1295;pagos_membresias.csv;5449;"fecha_vencimiento reparada de 05-05-26 a 2026-05-05"
1295;pagos_membresias.csv;5449;"Fila enviada a ERR: run_socio_titular no es valido"
1296;pagos_membresias.csv;5450;"fecha_vencimiento reparada de 05-06-26 a 2026-06-05"
1296;pagos_membresias.csv;5450;"fecha_pago reparada de 03-06-26 a 2026-06-03"
1296;pagos_membresias.csv;5450;"Fila enviada a ERR: run_socio_titular no es valido"
1297;pagos_membresias.csv;5451;"fecha_vencimiento reparada de 05-07-26 a 2026-07-05"
1297;pagos_membresias.csv;5451;"Fila enviada a ERR: run_socio_titular no es valido"
1298;pagos_membresias.csv;5452;"fecha_vencimiento reparada de 05-08-26 a 2026-08-05"
1298;pagos_membresias.csv;5452;"fecha_pago reparada de 01-08-26 a 2026-08-01"
1298;pagos_membresias.csv;5452;"Fila enviada a ERR: run_socio_titular no es valido"
1299;pagos_membresias.csv;5453;"fecha_vencimiento reparada de 05-09-26 a 2026-09-05"
1299;pagos_membresias.csv;5453;"Fila enviada a ERR: run_socio_titular no es valido"
1300;pagos_membresias.csv;5454;"fecha_vencimiento reparada de 05-10-26 a 2026-10-05"
1300;pagos_membresias.csv;5454;"fecha_pago reparada de 02-10-26 a 2026-10-02"
1300;pagos_membresias.csv;5454;"Fila enviada a ERR: run_socio_titular no es valido"
1301;pagos_membresias.csv;5455;"fecha_vencimiento reparada de 05-11-26 a 2026-11-05"
1301;pagos_membresias.csv;5455;"Fila enviada a ERR: run_socio_titular no es valido"
1302;pagos_membresias.csv;5456;"fecha_vencimiento reparada de 05-12-26 a 2026-12-05"
1302;pagos_membresias.csv;5456;"fecha_pago reparada de 04-12-26 a 2026-12-04"
1302;pagos_membresias.csv;5456;"Fila enviada a ERR: run_socio_titular no es valido"
1303;pagos_membresias.csv;5457;"fecha_vencimiento reparada de 05-01-26 a 2026-01-05"
1303;pagos_membresias.csv;5457;"fecha_pago reparada de 04-01-26 a 2026-01-04"
1304;pagos_membresias.csv;5458;"fecha_vencimiento reparada de 05-02-26 a 2026-02-05"
1305;pagos_membresias.csv;5459;"fecha_vencimiento reparada de 05-03-26 a 2026-03-05"
1305;pagos_membresias.csv;5459;"fecha_pago reparada de 01-03-26 a 2026-03-01"
1306;pagos_membresias.csv;5460;"fecha_vencimiento reparada de 05-04-26 a 2026-04-05"
1307;pagos_membresias.csv;5461;"fecha_vencimiento reparada de 05-05-26 a 2026-05-05"
1307;pagos_membresias.csv;5461;"fecha_pago reparada de 03-05-26 a 2026-05-03"
1308;pagos_membresias.csv;5462;"fecha_vencimiento reparada de 05-06-26 a 2026-06-05"
1309;pagos_membresias.csv;5463;"fecha_vencimiento reparada de 05-07-26 a 2026-07-05"
1309;pagos_membresias.csv;5463;"fecha_pago reparada de 02-07-26 a 2026-07-02"
1310;pagos_membresias.csv;5464;"fecha_vencimiento reparada de 05-08-26 a 2026-08-05"
1311;pagos_membresias.csv;5465;"fecha_vencimiento reparada de 05-09-26 a 2026-09-05"
1311;pagos_membresias.csv;5465;"fecha_pago reparada de 05-09-26 a 2026-09-05"
1312;pagos_membresias.csv;5466;"fecha_vencimiento reparada de 05-10-26 a 2026-10-05"
1313;pagos_membresias.csv;5467;"fecha_vencimiento reparada de 05-11-26 a 2026-11-05"
1313;pagos_membresias.csv;5467;"fecha_pago reparada de 03-11-26 a 2026-11-03"
1314;pagos_membresias.csv;5468;"fecha_vencimiento reparada de 05-12-26 a 2026-12-05"
1315;pagos_membresias.csv;5469;"fecha_vencimiento reparada de 05-01-26 a 2026-01-05"
1315;pagos_membresias.csv;5469;"Fila enviada a ERR: run_socio_titular no es valido"
1316;pagos_membresias.csv;5470;"fecha_vencimiento reparada de 05-02-26 a 2026-02-05"
1316;pagos_membresias.csv;5470;"fecha_pago reparada de 05-02-26 a 2026-02-05"
1316;pagos_membresias.csv;5470;"Fila enviada a ERR: run_socio_titular no es valido"
1317;pagos_membresias.csv;5471;"fecha_vencimiento reparada de 05-03-26 a 2026-03-05"
1317;pagos_membresias.csv;5471;"Fila enviada a ERR: run_socio_titular no es valido"
1318;pagos_membresias.csv;5472;"fecha_vencimiento reparada de 05-04-26 a 2026-04-05"
1318;pagos_membresias.csv;5472;"fecha_pago reparada de 02-04-26 a 2026-04-02"
1318;pagos_membresias.csv;5472;"Fila enviada a ERR: run_socio_titular no es valido"
1319;pagos_membresias.csv;5473;"fecha_vencimiento reparada de 05-05-26 a 2026-05-05"
1319;pagos_membresias.csv;5473;"Fila enviada a ERR: run_socio_titular no es valido"
1320;pagos_membresias.csv;5474;"fecha_vencimiento reparada de 05-06-26 a 2026-06-05"
1320;pagos_membresias.csv;5474;"fecha_pago reparada de 01-06-26 a 2026-06-01"
1320;pagos_membresias.csv;5474;"Fila enviada a ERR: run_socio_titular no es valido"
1321;pagos_membresias.csv;5475;"fecha_vencimiento reparada de 05-07-26 a 2026-07-05"
1321;pagos_membresias.csv;5475;"Fila enviada a ERR: run_socio_titular no es valido"
1322;pagos_membresias.csv;5476;"fecha_vencimiento reparada de 05-08-26 a 2026-08-05"
1322;pagos_membresias.csv;5476;"fecha_pago reparada de 04-08-26 a 2026-08-04"
1322;pagos_membresias.csv;5476;"Fila enviada a ERR: run_socio_titular no es valido"
1323;pagos_membresias.csv;5477;"fecha_vencimiento reparada de 05-09-26 a 2026-09-05"
1323;pagos_membresias.csv;5477;"Fila enviada a ERR: run_socio_titular no es valido"
1324;pagos_membresias.csv;5478;"fecha_vencimiento reparada de 05-10-26 a 2026-10-05"
1324;pagos_membresias.csv;5478;"fecha_pago reparada de 03-10-26 a 2026-10-03"
1324;pagos_membresias.csv;5478;"Fila enviada a ERR: run_socio_titular no es valido"
1325;pagos_membresias.csv;5479;"fecha_vencimiento reparada de 05-11-26 a 2026-11-05"
1325;pagos_membresias.csv;5479;"Fila enviada a ERR: run_socio_titular no es valido"
1326;pagos_membresias.csv;5480;"fecha_vencimiento reparada de 05-12-26 a 2026-12-05"
1326;pagos_membresias.csv;5480;"fecha_pago reparada de 02-12-26 a 2026-12-02"
1326;pagos_membresias.csv;5480;"Fila enviada a ERR: run_socio_titular no es valido"
1327;pagos_membresias.csv;5481;"fecha_vencimiento reparada de 05-01-26 a 2026-01-05"
1327;pagos_membresias.csv;5481;"fecha_pago reparada de 03-01-26 a 2026-01-03"
1327;pagos_membresias.csv;5481;"Fila enviada a ERR: run_socio_titular no es valido"
1328;pagos_membresias.csv;5482;"fecha_vencimiento reparada de 05-02-26 a 2026-02-05"
1328;pagos_membresias.csv;5482;"Fila enviada a ERR: run_socio_titular no es valido"
1329;pagos_membresias.csv;5483;"fecha_vencimiento reparada de 05-03-26 a 2026-03-05"
1329;pagos_membresias.csv;5483;"fecha_pago reparada de 01-03-26 a 2026-03-01"
1329;pagos_membresias.csv;5483;"Fila enviada a ERR: run_socio_titular no es valido"
1330;pagos_membresias.csv;5484;"fecha_vencimiento reparada de 05-04-26 a 2026-04-05"
1330;pagos_membresias.csv;5484;"Fila enviada a ERR: run_socio_titular no es valido"
1331;pagos_membresias.csv;5485;"fecha_vencimiento reparada de 05-05-26 a 2026-05-05"
1331;pagos_membresias.csv;5485;"fecha_pago reparada de 05-05-26 a 2026-05-05"
1331;pagos_membresias.csv;5485;"Fila enviada a ERR: run_socio_titular no es valido"
1332;pagos_membresias.csv;5486;"fecha_vencimiento reparada de 05-06-26 a 2026-06-05"
1332;pagos_membresias.csv;5486;"Fila enviada a ERR: run_socio_titular no es valido"
1333;pagos_membresias.csv;5487;"fecha_vencimiento reparada de 05-07-26 a 2026-07-05"
1333;pagos_membresias.csv;5487;"fecha_pago reparada de 01-07-26 a 2026-07-01"
1333;pagos_membresias.csv;5487;"Fila enviada a ERR: run_socio_titular no es valido"
1334;pagos_membresias.csv;5488;"fecha_vencimiento reparada de 05-08-26 a 2026-08-05"
1334;pagos_membresias.csv;5488;"Fila enviada a ERR: run_socio_titular no es valido"
1335;pagos_membresias.csv;5489;"fecha_vencimiento reparada de 05-09-26 a 2026-09-05"
1335;pagos_membresias.csv;5489;"fecha_pago reparada de 02-09-26 a 2026-09-02"
1335;pagos_membresias.csv;5489;"Fila enviada a ERR: run_socio_titular no es valido"
1336;pagos_membresias.csv;5490;"fecha_vencimiento reparada de 05-10-26 a 2026-10-05"
1336;pagos_membresias.csv;5490;"Fila enviada a ERR: run_socio_titular no es valido"
1337;pagos_membresias.csv;5491;"fecha_vencimiento reparada de 05-11-26 a 2026-11-05"
1337;pagos_membresias.csv;5491;"fecha_pago reparada de 04-11-26 a 2026-11-04"
1337;pagos_membresias.csv;5491;"Fila enviada a ERR: run_socio_titular no es valido"
1338;pagos_membresias.csv;5492;"fecha_vencimiento reparada de 05-12-26 a 2026-12-05"
1338;pagos_membresias.csv;5492;"Fila enviada a ERR: run_socio_titular no es valido"
1339;pagos_membresias.csv;5493;"fecha_vencimiento reparada de 05-01-26 a 2026-01-05"
1339;pagos_membresias.csv;5493;"Fila enviada a ERR: run_socio_titular no es valido"
1340;pagos_membresias.csv;5494;"fecha_vencimiento reparada de 05-02-26 a 2026-02-05"
1340;pagos_membresias.csv;5494;"fecha_pago reparada de 04-02-26 a 2026-02-04"
1340;pagos_membresias.csv;5494;"Fila enviada a ERR: run_socio_titular no es valido"
1341;pagos_membresias.csv;5495;"fecha_vencimiento reparada de 05-03-26 a 2026-03-05"
1341;pagos_membresias.csv;5495;"Fila enviada a ERR: run_socio_titular no es valido"
1342;pagos_membresias.csv;5496;"fecha_vencimiento reparada de 05-04-26 a 2026-04-05"
1342;pagos_membresias.csv;5496;"fecha_pago reparada de 02-04-26 a 2026-04-02"
1342;pagos_membresias.csv;5496;"Fila enviada a ERR: run_socio_titular no es valido"
1343;pagos_membresias.csv;5497;"fecha_vencimiento reparada de 05-05-26 a 2026-05-05"
1343;pagos_membresias.csv;5497;"Fila enviada a ERR: run_socio_titular no es valido"
1344;pagos_membresias.csv;5498;"fecha_vencimiento reparada de 05-06-26 a 2026-06-05"
1344;pagos_membresias.csv;5498;"fecha_pago reparada de 05-06-26 a 2026-06-05"
1344;pagos_membresias.csv;5498;"Fila enviada a ERR: run_socio_titular no es valido"
1345;pagos_membresias.csv;5499;"fecha_vencimiento reparada de 05-07-26 a 2026-07-05"
1345;pagos_membresias.csv;5499;"Fila enviada a ERR: run_socio_titular no es valido"
1346;pagos_membresias.csv;5500;"fecha_vencimiento reparada de 05-08-26 a 2026-08-05"
1346;pagos_membresias.csv;5500;"fecha_pago reparada de 01-08-26 a 2026-08-01"
1346;pagos_membresias.csv;5500;"Fila enviada a ERR: run_socio_titular no es valido"
1347;pagos_membresias.csv;5501;"fecha_vencimiento reparada de 05-09-26 a 2026-09-05"
1347;pagos_membresias.csv;5501;"Fila enviada a ERR: run_socio_titular no es valido"
1348;pagos_membresias.csv;5502;"fecha_vencimiento reparada de 05-10-26 a 2026-10-05"
1348;pagos_membresias.csv;5502;"fecha_pago reparada de 02-10-26 a 2026-10-02"
1348;pagos_membresias.csv;5502;"Fila enviada a ERR: run_socio_titular no es valido"
1349;pagos_membresias.csv;5503;"fecha_vencimiento reparada de 05-11-26 a 2026-11-05"
1349;pagos_membresias.csv;5503;"Fila enviada a ERR: run_socio_titular no es valido"
1350;pagos_membresias.csv;5504;"fecha_vencimiento reparada de 05-12-26 a 2026-12-05"
1350;pagos_membresias.csv;5504;"fecha_pago reparada de 04-12-26 a 2026-12-04"
1350;pagos_membresias.csv;5504;"Fila enviada a ERR: run_socio_titular no es valido"
1351;pagos_membresias.csv;5505;"fecha_vencimiento reparada de 05-01-26 a 2026-01-05"
1351;pagos_membresias.csv;5505;"fecha_pago reparada de 01-01-26 a 2026-01-01"
1351;pagos_membresias.csv;5505;"Fila enviada a ERR: run_socio_titular no es valido"
1352;pagos_membresias.csv;5506;"fecha_vencimiento reparada de 05-02-26 a 2026-02-05"
1352;pagos_membresias.csv;5506;"Fila enviada a ERR: run_socio_titular no es valido"
1353;pagos_membresias.csv;5507;"fecha_vencimiento reparada de 05-03-26 a 2026-03-05"
1353;pagos_membresias.csv;5507;"fecha_pago reparada de 03-03-26 a 2026-03-03"
1353;pagos_membresias.csv;5507;"Fila enviada a ERR: run_socio_titular no es valido"
1354;pagos_membresias.csv;5508;"fecha_vencimiento reparada de 05-04-26 a 2026-04-05"
1354;pagos_membresias.csv;5508;"Fila enviada a ERR: run_socio_titular no es valido"
1355;pagos_membresias.csv;5509;"fecha_vencimiento reparada de 05-05-26 a 2026-05-05"
1355;pagos_membresias.csv;5509;"fecha_pago reparada de 05-05-26 a 2026-05-05"
1355;pagos_membresias.csv;5509;"Fila enviada a ERR: run_socio_titular no es valido"
1356;pagos_membresias.csv;5510;"fecha_vencimiento reparada de 05-06-26 a 2026-06-05"
1356;pagos_membresias.csv;5510;"Fila enviada a ERR: run_socio_titular no es valido"
1357;pagos_membresias.csv;5511;"fecha_vencimiento reparada de 05-07-26 a 2026-07-05"
1357;pagos_membresias.csv;5511;"fecha_pago reparada de 03-07-26 a 2026-07-03"
1357;pagos_membresias.csv;5511;"Fila enviada a ERR: run_socio_titular no es valido"
1358;pagos_membresias.csv;5512;"fecha_vencimiento reparada de 05-08-26 a 2026-08-05"
1358;pagos_membresias.csv;5512;"Fila enviada a ERR: run_socio_titular no es valido"
1359;pagos_membresias.csv;5513;"fecha_vencimiento reparada de 05-09-26 a 2026-09-05"
1359;pagos_membresias.csv;5513;"fecha_pago reparada de 01-09-26 a 2026-09-01"
1359;pagos_membresias.csv;5513;"Fila enviada a ERR: run_socio_titular no es valido"
1360;pagos_membresias.csv;5514;"fecha_vencimiento reparada de 05-10-26 a 2026-10-05"
1360;pagos_membresias.csv;5514;"Fila enviada a ERR: run_socio_titular no es valido"
1361;pagos_membresias.csv;5515;"fecha_vencimiento reparada de 05-11-26 a 2026-11-05"
1361;pagos_membresias.csv;5515;"fecha_pago reparada de 04-11-26 a 2026-11-04"
1361;pagos_membresias.csv;5515;"Fila enviada a ERR: run_socio_titular no es valido"
1362;pagos_membresias.csv;5516;"fecha_vencimiento reparada de 05-12-26 a 2026-12-05"
1362;pagos_membresias.csv;5516;"Fila enviada a ERR: run_socio_titular no es valido"
1363;pagos_membresias.csv;5517;"fecha_vencimiento reparada de 05-01-26 a 2026-01-05"
1364;pagos_membresias.csv;5518;"fecha_vencimiento reparada de 05-02-26 a 2026-02-05"
1364;pagos_membresias.csv;5518;"fecha_pago reparada de 02-02-26 a 2026-02-02"
1365;pagos_membresias.csv;5519;"fecha_vencimiento reparada de 05-03-26 a 2026-03-05"
1366;pagos_membresias.csv;5520;"fecha_vencimiento reparada de 05-04-26 a 2026-04-05"
1366;pagos_membresias.csv;5520;"fecha_pago reparada de 01-04-26 a 2026-04-01"
1367;pagos_membresias.csv;5521;"fecha_vencimiento reparada de 05-05-26 a 2026-05-05"
1368;pagos_membresias.csv;5522;"fecha_vencimiento reparada de 05-06-26 a 2026-06-05"
1368;pagos_membresias.csv;5522;"fecha_pago reparada de 03-06-26 a 2026-06-03"
1369;pagos_membresias.csv;5523;"fecha_vencimiento reparada de 05-07-26 a 2026-07-05"
1370;pagos_membresias.csv;5524;"fecha_vencimiento reparada de 05-08-26 a 2026-08-05"
1370;pagos_membresias.csv;5524;"fecha_pago reparada de 02-08-26 a 2026-08-02"
1371;pagos_membresias.csv;5525;"fecha_vencimiento reparada de 05-09-26 a 2026-09-05"
1372;pagos_membresias.csv;5526;"fecha_vencimiento reparada de 05-10-26 a 2026-10-05"
1372;pagos_membresias.csv;5526;"fecha_pago reparada de 04-10-26 a 2026-10-04"
1373;pagos_membresias.csv;5527;"fecha_vencimiento reparada de 05-11-26 a 2026-11-05"
1374;pagos_membresias.csv;5528;"fecha_vencimiento reparada de 05-12-26 a 2026-12-05"
1374;pagos_membresias.csv;5528;"fecha_pago reparada de 01-12-26 a 2026-12-01"
1375;pagos_membresias.csv;5529;"fecha_vencimiento reparada de 05-01-26 a 2026-01-05"
1375;pagos_membresias.csv;5529;"fecha_pago reparada de 04-01-26 a 2026-01-04"
1376;pagos_membresias.csv;5530;"fecha_vencimiento reparada de 05-02-26 a 2026-02-05"
1377;pagos_membresias.csv;5531;"fecha_vencimiento reparada de 05-03-26 a 2026-03-05"
1377;pagos_membresias.csv;5531;"fecha_pago reparada de 05-03-26 a 2026-03-05"
1378;pagos_membresias.csv;5532;"fecha_vencimiento reparada de 05-04-26 a 2026-04-05"
1379;pagos_membresias.csv;5533;"fecha_vencimiento reparada de 05-05-26 a 2026-05-05"
1379;pagos_membresias.csv;5533;"fecha_pago reparada de 01-05-26 a 2026-05-01"
1380;pagos_membresias.csv;5534;"fecha_vencimiento reparada de 05-06-26 a 2026-06-05"
1381;pagos_membresias.csv;5535;"fecha_vencimiento reparada de 05-07-26 a 2026-07-05"
1381;pagos_membresias.csv;5535;"fecha_pago reparada de 03-07-26 a 2026-07-03"
1382;pagos_membresias.csv;5536;"fecha_vencimiento reparada de 05-08-26 a 2026-08-05"
1383;pagos_membresias.csv;5537;"fecha_vencimiento reparada de 05-09-26 a 2026-09-05"
1383;pagos_membresias.csv;5537;"fecha_pago reparada de 04-09-26 a 2026-09-04"
1384;pagos_membresias.csv;5538;"fecha_vencimiento reparada de 05-10-26 a 2026-10-05"
1385;pagos_membresias.csv;5539;"fecha_vencimiento reparada de 05-11-26 a 2026-11-05"
1385;pagos_membresias.csv;5539;"fecha_pago reparada de 02-11-26 a 2026-11-02"
1386;pagos_membresias.csv;5540;"fecha_vencimiento reparada de 05-12-26 a 2026-12-05"
1387;pagos_membresias.csv;5541;"fecha_vencimiento reparada de 05-01-26 a 2026-01-05"
1388;pagos_membresias.csv;5542;"fecha_vencimiento reparada de 05-02-26 a 2026-02-05"
1388;pagos_membresias.csv;5542;"fecha_pago reparada de 02-02-26 a 2026-02-02"
1389;pagos_membresias.csv;5543;"fecha_vencimiento reparada de 05-03-26 a 2026-03-05"
1390;pagos_membresias.csv;5544;"fecha_vencimiento reparada de 05-04-26 a 2026-04-05"
1390;pagos_membresias.csv;5544;"fecha_pago reparada de 02-04-26 a 2026-04-02"
1391;pagos_membresias.csv;5545;"fecha_vencimiento reparada de 05-05-26 a 2026-05-05"
1392;pagos_membresias.csv;5546;"fecha_vencimiento reparada de 05-06-26 a 2026-06-05"
1392;pagos_membresias.csv;5546;"fecha_pago reparada de 04-06-26 a 2026-06-04"
1393;pagos_membresias.csv;5547;"fecha_vencimiento reparada de 05-07-26 a 2026-07-05"
1394;pagos_membresias.csv;5548;"fecha_vencimiento reparada de 05-08-26 a 2026-08-05"
1394;pagos_membresias.csv;5548;"fecha_pago reparada de 05-08-26 a 2026-08-05"
1395;pagos_membresias.csv;5549;"fecha_vencimiento reparada de 05-09-26 a 2026-09-05"
1396;pagos_membresias.csv;5550;"fecha_vencimiento reparada de 05-10-26 a 2026-10-05"
1396;pagos_membresias.csv;5550;"fecha_pago reparada de 03-10-26 a 2026-10-03"
1397;pagos_membresias.csv;5551;"fecha_vencimiento reparada de 05-11-26 a 2026-11-05"
1398;pagos_membresias.csv;5552;"fecha_vencimiento reparada de 05-12-26 a 2026-12-05"
1398;pagos_membresias.csv;5552;"fecha_pago reparada de 01-12-26 a 2026-12-01"
1399;pagos_membresias.csv;5553;"fecha_vencimiento reparada de 05-01-26 a 2026-01-05"
1399;pagos_membresias.csv;5553;"fecha_pago reparada de 01-01-26 a 2026-01-01"
1400;pagos_membresias.csv;5554;"fecha_vencimiento reparada de 05-02-26 a 2026-02-05"
1401;pagos_membresias.csv;5555;"fecha_vencimiento reparada de 05-03-26 a 2026-03-05"
1401;pagos_membresias.csv;5555;"fecha_pago reparada de 03-03-26 a 2026-03-03"
1402;pagos_membresias.csv;5556;"fecha_vencimiento reparada de 05-04-26 a 2026-04-05"
1403;pagos_membresias.csv;5557;"fecha_vencimiento reparada de 05-05-26 a 2026-05-05"
1403;pagos_membresias.csv;5557;"fecha_pago reparada de 05-05-26 a 2026-05-05"
1404;pagos_membresias.csv;5558;"fecha_vencimiento reparada de 05-06-26 a 2026-06-05"
1405;pagos_membresias.csv;5559;"fecha_vencimiento reparada de 05-07-26 a 2026-07-05"
1405;pagos_membresias.csv;5559;"fecha_pago reparada de 04-07-26 a 2026-07-04"
1406;pagos_membresias.csv;5560;"fecha_vencimiento reparada de 05-08-26 a 2026-08-05"
1407;pagos_membresias.csv;5561;"fecha_vencimiento reparada de 05-09-26 a 2026-09-05"
1407;pagos_membresias.csv;5561;"fecha_pago reparada de 01-09-26 a 2026-09-01"
1408;pagos_membresias.csv;5562;"fecha_vencimiento reparada de 05-10-26 a 2026-10-05"
1409;pagos_membresias.csv;5563;"fecha_vencimiento reparada de 05-11-26 a 2026-11-05"
1409;pagos_membresias.csv;5563;"fecha_pago reparada de 03-11-26 a 2026-11-03"
1410;pagos_membresias.csv;5564;"fecha_vencimiento reparada de 05-12-26 a 2026-12-05"
1411;pagos_membresias.csv;5565;"fecha_vencimiento reparada de 05-01-26 a 2026-01-05"
1412;pagos_membresias.csv;5566;"fecha_vencimiento reparada de 05-02-26 a 2026-02-05"
1412;pagos_membresias.csv;5566;"fecha_pago reparada de 04-02-26 a 2026-02-04"
1413;pagos_membresias.csv;5567;"fecha_vencimiento reparada de 05-03-26 a 2026-03-05"
1414;pagos_membresias.csv;5568;"fecha_vencimiento reparada de 05-04-26 a 2026-04-05"
1414;pagos_membresias.csv;5568;"fecha_pago reparada de 02-04-26 a 2026-04-02"
1415;pagos_membresias.csv;5569;"fecha_vencimiento reparada de 05-05-26 a 2026-05-05"
1416;pagos_membresias.csv;5570;"fecha_vencimiento reparada de 05-06-26 a 2026-06-05"
1416;pagos_membresias.csv;5570;"fecha_pago reparada de 01-06-26 a 2026-06-01"
1417;pagos_membresias.csv;5571;"fecha_vencimiento reparada de 05-07-26 a 2026-07-05"
1418;pagos_membresias.csv;5572;"fecha_vencimiento reparada de 05-08-26 a 2026-08-05"
1418;pagos_membresias.csv;5572;"fecha_pago reparada de 02-08-26 a 2026-08-02"
1419;pagos_membresias.csv;5573;"fecha_vencimiento reparada de 05-09-26 a 2026-09-05"
1420;pagos_membresias.csv;5574;"fecha_vencimiento reparada de 05-10-26 a 2026-10-05"
1420;pagos_membresias.csv;5574;"fecha_pago reparada de 05-10-26 a 2026-10-05"
1421;pagos_membresias.csv;5575;"fecha_vencimiento reparada de 05-11-26 a 2026-11-05"
1422;pagos_membresias.csv;5576;"fecha_vencimiento reparada de 05-12-26 a 2026-12-05"
1422;pagos_membresias.csv;5576;"fecha_pago reparada de 03-12-26 a 2026-12-03"
1423;pagos_membresias.csv;5577;"fecha_vencimiento reparada de 05-01-26 a 2026-01-05"
1423;pagos_membresias.csv;5577;"fecha_pago reparada de 02-01-26 a 2026-01-02"
1424;pagos_membresias.csv;5578;"fecha_vencimiento reparada de 05-02-26 a 2026-02-05"
1425;pagos_membresias.csv;5579;"fecha_vencimiento reparada de 05-03-26 a 2026-03-05"
1425;pagos_membresias.csv;5579;"fecha_pago reparada de 04-03-26 a 2026-03-04"
1426;pagos_membresias.csv;5580;"fecha_vencimiento reparada de 05-04-26 a 2026-04-05"
1427;pagos_membresias.csv;5581;"fecha_vencimiento reparada de 05-05-26 a 2026-05-05"
1427;pagos_membresias.csv;5581;"fecha_pago reparada de 05-05-26 a 2026-05-05"
1428;pagos_membresias.csv;5582;"fecha_vencimiento reparada de 05-06-26 a 2026-06-05"
1429;pagos_membresias.csv;5583;"fecha_vencimiento reparada de 05-07-26 a 2026-07-05"
1429;pagos_membresias.csv;5583;"fecha_pago reparada de 03-07-26 a 2026-07-03"
1430;pagos_membresias.csv;5584;"fecha_vencimiento reparada de 05-08-26 a 2026-08-05"
1431;pagos_membresias.csv;5585;"fecha_vencimiento reparada de 05-09-26 a 2026-09-05"
1431;pagos_membresias.csv;5585;"fecha_pago reparada de 01-09-26 a 2026-09-01"
1432;pagos_membresias.csv;5586;"fecha_vencimiento reparada de 05-10-26 a 2026-10-05"
1433;pagos_membresias.csv;5587;"fecha_vencimiento reparada de 05-11-26 a 2026-11-05"
1433;pagos_membresias.csv;5587;"fecha_pago reparada de 02-11-26 a 2026-11-02"
1434;pagos_membresias.csv;5588;"fecha_vencimiento reparada de 05-12-26 a 2026-12-05"
1435;pagos_membresias.csv;5589;"fecha_vencimiento reparada de 05-01-26 a 2026-01-05"
1435;pagos_membresias.csv;5589;"Fila enviada a ERR: run_socio_titular no es valido"
1436;pagos_membresias.csv;5590;"fecha_vencimiento reparada de 05-02-26 a 2026-02-05"
1436;pagos_membresias.csv;5590;"fecha_pago reparada de 04-02-26 a 2026-02-04"
1436;pagos_membresias.csv;5590;"Fila enviada a ERR: run_socio_titular no es valido"
1437;pagos_membresias.csv;5591;"fecha_vencimiento reparada de 05-03-26 a 2026-03-05"
1437;pagos_membresias.csv;5591;"Fila enviada a ERR: run_socio_titular no es valido"
1438;pagos_membresias.csv;5592;"fecha_vencimiento reparada de 05-04-26 a 2026-04-05"
1438;pagos_membresias.csv;5592;"fecha_pago reparada de 03-04-26 a 2026-04-03"
1438;pagos_membresias.csv;5592;"Fila enviada a ERR: run_socio_titular no es valido"
1439;pagos_membresias.csv;5593;"fecha_vencimiento reparada de 05-05-26 a 2026-05-05"
1439;pagos_membresias.csv;5593;"Fila enviada a ERR: run_socio_titular no es valido"
1440;pagos_membresias.csv;5594;"fecha_vencimiento reparada de 05-06-26 a 2026-06-05"
1440;pagos_membresias.csv;5594;"fecha_pago reparada de 01-06-26 a 2026-06-01"
1440;pagos_membresias.csv;5594;"Fila enviada a ERR: run_socio_titular no es valido"
1441;pagos_membresias.csv;5595;"fecha_vencimiento reparada de 05-07-26 a 2026-07-05"
1441;pagos_membresias.csv;5595;"Fila enviada a ERR: run_socio_titular no es valido"
1442;pagos_membresias.csv;5596;"fecha_vencimiento reparada de 05-08-26 a 2026-08-05"
1442;pagos_membresias.csv;5596;"fecha_pago reparada de 05-08-26 a 2026-08-05"
1442;pagos_membresias.csv;5596;"Fila enviada a ERR: run_socio_titular no es valido"
1443;pagos_membresias.csv;5597;"fecha_vencimiento reparada de 05-09-26 a 2026-09-05"
1443;pagos_membresias.csv;5597;"Fila enviada a ERR: run_socio_titular no es valido"
1444;pagos_membresias.csv;5598;"fecha_vencimiento reparada de 05-10-26 a 2026-10-05"
1444;pagos_membresias.csv;5598;"fecha_pago reparada de 02-10-26 a 2026-10-02"
1444;pagos_membresias.csv;5598;"Fila enviada a ERR: run_socio_titular no es valido"
1445;pagos_membresias.csv;5599;"fecha_vencimiento reparada de 05-11-26 a 2026-11-05"
1445;pagos_membresias.csv;5599;"Fila enviada a ERR: run_socio_titular no es valido"
1446;pagos_membresias.csv;5600;"fecha_vencimiento reparada de 05-12-26 a 2026-12-05"
1446;pagos_membresias.csv;5600;"fecha_pago reparada de 04-12-26 a 2026-12-04"
1446;pagos_membresias.csv;5600;"Fila enviada a ERR: run_socio_titular no es valido"
1447;pagos_membresias.csv;5601;"fecha_vencimiento reparada de 05-01-26 a 2026-01-05"
1447;pagos_membresias.csv;5601;"fecha_pago reparada de 01-01-26 a 2026-01-01"
1447;pagos_membresias.csv;5601;"Fila enviada a ERR: run_socio_titular no es valido"
1448;pagos_membresias.csv;5602;"fecha_vencimiento reparada de 05-02-26 a 2026-02-05"
1448;pagos_membresias.csv;5602;"Fila enviada a ERR: run_socio_titular no es valido"
1449;pagos_membresias.csv;5603;"fecha_vencimiento reparada de 05-03-26 a 2026-03-05"
1449;pagos_membresias.csv;5603;"fecha_pago reparada de 04-03-26 a 2026-03-04"
1449;pagos_membresias.csv;5603;"Fila enviada a ERR: run_socio_titular no es valido"
1450;pagos_membresias.csv;5604;"fecha_vencimiento reparada de 05-04-26 a 2026-04-05"
1450;pagos_membresias.csv;5604;"Fila enviada a ERR: run_socio_titular no es valido"
1451;pagos_membresias.csv;5605;"fecha_vencimiento reparada de 05-05-26 a 2026-05-05"
1451;pagos_membresias.csv;5605;"fecha_pago reparada de 03-05-26 a 2026-05-03"
1451;pagos_membresias.csv;5605;"Fila enviada a ERR: run_socio_titular no es valido"
1452;pagos_membresias.csv;5606;"fecha_vencimiento reparada de 05-06-26 a 2026-06-05"
1452;pagos_membresias.csv;5606;"Fila enviada a ERR: run_socio_titular no es valido"
1453;pagos_membresias.csv;5607;"fecha_vencimiento reparada de 05-07-26 a 2026-07-05"
1453;pagos_membresias.csv;5607;"fecha_pago reparada de 05-07-26 a 2026-07-05"
1453;pagos_membresias.csv;5607;"Fila enviada a ERR: run_socio_titular no es valido"
1454;pagos_membresias.csv;5608;"fecha_vencimiento reparada de 05-08-26 a 2026-08-05"
1454;pagos_membresias.csv;5608;"Fila enviada a ERR: run_socio_titular no es valido"
1455;pagos_membresias.csv;5609;"fecha_vencimiento reparada de 05-09-26 a 2026-09-05"
1455;pagos_membresias.csv;5609;"fecha_pago reparada de 01-09-26 a 2026-09-01"
1455;pagos_membresias.csv;5609;"Fila enviada a ERR: run_socio_titular no es valido"
1456;pagos_membresias.csv;5610;"fecha_vencimiento reparada de 05-10-26 a 2026-10-05"
1456;pagos_membresias.csv;5610;"Fila enviada a ERR: run_socio_titular no es valido"
1457;pagos_membresias.csv;5611;"fecha_vencimiento reparada de 05-11-26 a 2026-11-05"
1457;pagos_membresias.csv;5611;"fecha_pago reparada de 04-11-26 a 2026-11-04"
1457;pagos_membresias.csv;5611;"Fila enviada a ERR: run_socio_titular no es valido"
1458;pagos_membresias.csv;5612;"fecha_vencimiento reparada de 05-12-26 a 2026-12-05"
1458;pagos_membresias.csv;5612;"Fila enviada a ERR: run_socio_titular no es valido"
1459;pagos_membresias.csv;5613;"fecha_vencimiento reparada de 05-01-26 a 2026-01-05"
1460;pagos_membresias.csv;5614;"fecha_vencimiento reparada de 05-02-26 a 2026-02-05"
1460;pagos_membresias.csv;5614;"fecha_pago reparada de 03-02-26 a 2026-02-03"
1461;pagos_membresias.csv;5615;"fecha_vencimiento reparada de 05-03-26 a 2026-03-05"
1462;pagos_membresias.csv;5616;"fecha_vencimiento reparada de 05-04-26 a 2026-04-05"
1462;pagos_membresias.csv;5616;"fecha_pago reparada de 05-04-26 a 2026-04-05"
1463;pagos_membresias.csv;5617;"fecha_vencimiento reparada de 05-05-26 a 2026-05-05"
1464;pagos_membresias.csv;5618;"fecha_vencimiento reparada de 05-06-26 a 2026-06-05"
1464;pagos_membresias.csv;5618;"fecha_pago reparada de 02-06-26 a 2026-06-02"
1465;pagos_membresias.csv;5619;"fecha_vencimiento reparada de 05-07-26 a 2026-07-05"
1466;pagos_membresias.csv;5620;"fecha_vencimiento reparada de 05-08-26 a 2026-08-05"
1466;pagos_membresias.csv;5620;"fecha_pago reparada de 04-08-26 a 2026-08-04"
1467;pagos_membresias.csv;5621;"fecha_vencimiento reparada de 05-09-26 a 2026-09-05"
1468;pagos_membresias.csv;5622;"fecha_vencimiento reparada de 05-10-26 a 2026-10-05"
1468;pagos_membresias.csv;5622;"fecha_pago reparada de 01-10-26 a 2026-10-01"
1469;pagos_membresias.csv;5623;"fecha_vencimiento reparada de 05-11-26 a 2026-11-05"
1470;pagos_membresias.csv;5624;"fecha_vencimiento reparada de 05-12-26 a 2026-12-05"
1470;pagos_membresias.csv;5624;"fecha_pago reparada de 05-12-26 a 2026-12-05"
1471;pagos_membresias.csv;5625;"fecha_vencimiento reparada de 05-01-26 a 2026-01-05"
1471;pagos_membresias.csv;5625;"fecha_pago reparada de 04-01-26 a 2026-01-04"
1472;pagos_membresias.csv;5626;"fecha_vencimiento reparada de 05-02-26 a 2026-02-05"
1473;pagos_membresias.csv;5627;"fecha_vencimiento reparada de 05-03-26 a 2026-03-05"
1473;pagos_membresias.csv;5627;"fecha_pago reparada de 02-03-26 a 2026-03-02"
1474;pagos_membresias.csv;5628;"fecha_vencimiento reparada de 05-04-26 a 2026-04-05"
1475;pagos_membresias.csv;5629;"fecha_vencimiento reparada de 05-05-26 a 2026-05-05"
1475;pagos_membresias.csv;5629;"fecha_pago reparada de 04-05-26 a 2026-05-04"
1476;pagos_membresias.csv;5630;"fecha_vencimiento reparada de 05-06-26 a 2026-06-05"
1477;pagos_membresias.csv;5631;"fecha_vencimiento reparada de 05-07-26 a 2026-07-05"
1477;pagos_membresias.csv;5631;"fecha_pago reparada de 01-07-26 a 2026-07-01"
1478;pagos_membresias.csv;5632;"fecha_vencimiento reparada de 05-08-26 a 2026-08-05"
1479;pagos_membresias.csv;5633;"fecha_vencimiento reparada de 05-09-26 a 2026-09-05"
1479;pagos_membresias.csv;5633;"fecha_pago reparada de 03-09-26 a 2026-09-03"
1480;pagos_membresias.csv;5634;"fecha_vencimiento reparada de 05-10-26 a 2026-10-05"
1481;pagos_membresias.csv;5635;"fecha_vencimiento reparada de 05-11-26 a 2026-11-05"
1481;pagos_membresias.csv;5635;"fecha_pago reparada de 01-11-26 a 2026-11-01"
1482;pagos_membresias.csv;5636;"fecha_vencimiento reparada de 05-12-26 a 2026-12-05"
1483;pagos_membresias.csv;5637;"fecha_vencimiento reparada de 05-01-26 a 2026-01-05"
1483;pagos_membresias.csv;5637;"Fila enviada a ERR: run_socio_titular no es valido"
1484;pagos_membresias.csv;5638;"fecha_vencimiento reparada de 05-02-26 a 2026-02-05"
1484;pagos_membresias.csv;5638;"fecha_pago reparada de 01-02-26 a 2026-02-01"
1484;pagos_membresias.csv;5638;"Fila enviada a ERR: run_socio_titular no es valido"
1485;pagos_membresias.csv;5639;"fecha_vencimiento reparada de 05-03-26 a 2026-03-05"
1485;pagos_membresias.csv;5639;"Fila enviada a ERR: run_socio_titular no es valido"
1486;pagos_membresias.csv;5640;"fecha_vencimiento reparada de 05-04-26 a 2026-04-05"
1486;pagos_membresias.csv;5640;"fecha_pago reparada de 03-04-26 a 2026-04-03"
1486;pagos_membresias.csv;5640;"Fila enviada a ERR: run_socio_titular no es valido"
1487;pagos_membresias.csv;5641;"fecha_vencimiento reparada de 05-05-26 a 2026-05-05"
1487;pagos_membresias.csv;5641;"Fila enviada a ERR: run_socio_titular no es valido"
1488;pagos_membresias.csv;5642;"fecha_vencimiento reparada de 05-06-26 a 2026-06-05"
1488;pagos_membresias.csv;5642;"fecha_pago reparada de 05-06-26 a 2026-06-05"
1488;pagos_membresias.csv;5642;"Fila enviada a ERR: run_socio_titular no es valido"
1489;pagos_membresias.csv;5643;"fecha_vencimiento reparada de 05-07-26 a 2026-07-05"
1489;pagos_membresias.csv;5643;"Fila enviada a ERR: run_socio_titular no es valido"
1490;pagos_membresias.csv;5644;"fecha_vencimiento reparada de 05-08-26 a 2026-08-05"
1490;pagos_membresias.csv;5644;"fecha_pago reparada de 02-08-26 a 2026-08-02"
1490;pagos_membresias.csv;5644;"Fila enviada a ERR: run_socio_titular no es valido"
1491;pagos_membresias.csv;5645;"fecha_vencimiento reparada de 05-09-26 a 2026-09-05"
1491;pagos_membresias.csv;5645;"Fila enviada a ERR: run_socio_titular no es valido"
1492;pagos_membresias.csv;5646;"fecha_vencimiento reparada de 05-10-26 a 2026-10-05"
1492;pagos_membresias.csv;5646;"fecha_pago reparada de 04-10-26 a 2026-10-04"
1492;pagos_membresias.csv;5646;"Fila enviada a ERR: run_socio_titular no es valido"
1493;pagos_membresias.csv;5647;"fecha_vencimiento reparada de 05-11-26 a 2026-11-05"
1493;pagos_membresias.csv;5647;"Fila enviada a ERR: run_socio_titular no es valido"
1494;pagos_membresias.csv;5648;"fecha_vencimiento reparada de 05-12-26 a 2026-12-05"
1494;pagos_membresias.csv;5648;"fecha_pago reparada de 01-12-26 a 2026-12-01"
1494;pagos_membresias.csv;5648;"Fila enviada a ERR: run_socio_titular no es valido"
1495;pagos_membresias.csv;5649;"fecha_vencimiento reparada de 05-01-26 a 2026-01-05"
1495;pagos_membresias.csv;5649;"fecha_pago reparada de 03-01-26 a 2026-01-03"
1496;pagos_membresias.csv;5650;"fecha_vencimiento reparada de 05-02-26 a 2026-02-05"
1497;pagos_membresias.csv;5651;"fecha_vencimiento reparada de 05-03-26 a 2026-03-05"
1497;pagos_membresias.csv;5651;"fecha_pago reparada de 05-03-26 a 2026-03-05"
1498;pagos_membresias.csv;5652;"fecha_vencimiento reparada de 05-04-26 a 2026-04-05"
1499;pagos_membresias.csv;5653;"fecha_vencimiento reparada de 05-05-26 a 2026-05-05"
1499;pagos_membresias.csv;5653;"fecha_pago reparada de 01-05-26 a 2026-05-01"
1500;pagos_membresias.csv;5654;"fecha_vencimiento reparada de 05-06-26 a 2026-06-05"
1501;pagos_membresias.csv;5655;"fecha_vencimiento reparada de 05-07-26 a 2026-07-05"
1501;pagos_membresias.csv;5655;"fecha_pago reparada de 04-07-26 a 2026-07-04"
1502;pagos_membresias.csv;5656;"fecha_vencimiento reparada de 05-08-26 a 2026-08-05"
1503;pagos_membresias.csv;5657;"fecha_vencimiento reparada de 05-09-26 a 2026-09-05"
1503;pagos_membresias.csv;5657;"fecha_pago reparada de 02-09-26 a 2026-09-02"
1504;pagos_membresias.csv;5658;"fecha_vencimiento reparada de 05-10-26 a 2026-10-05"
1505;pagos_membresias.csv;5659;"fecha_vencimiento reparada de 05-11-26 a 2026-11-05"
1505;pagos_membresias.csv;5659;"fecha_pago reparada de 04-11-26 a 2026-11-04"
1506;pagos_membresias.csv;5660;"fecha_vencimiento reparada de 05-12-26 a 2026-12-05"
1507;pagos_membresias.csv;5661;"fecha_vencimiento reparada de 05-01-26 a 2026-01-05"
1507;pagos_membresias.csv;5661;"Fila enviada a ERR: run_socio_titular no es valido"
1508;pagos_membresias.csv;5662;"fecha_vencimiento reparada de 05-02-26 a 2026-02-05"
1508;pagos_membresias.csv;5662;"fecha_pago reparada de 03-02-26 a 2026-02-03"
1508;pagos_membresias.csv;5662;"Fila enviada a ERR: run_socio_titular no es valido"
1509;pagos_membresias.csv;5663;"fecha_vencimiento reparada de 05-03-26 a 2026-03-05"
1509;pagos_membresias.csv;5663;"Fila enviada a ERR: run_socio_titular no es valido"
1510;pagos_membresias.csv;5664;"fecha_vencimiento reparada de 05-04-26 a 2026-04-05"
1510;pagos_membresias.csv;5664;"fecha_pago reparada de 05-04-26 a 2026-04-05"
1510;pagos_membresias.csv;5664;"Fila enviada a ERR: run_socio_titular no es valido"
1511;pagos_membresias.csv;5665;"fecha_vencimiento reparada de 05-05-26 a 2026-05-05"
1511;pagos_membresias.csv;5665;"Fila enviada a ERR: run_socio_titular no es valido"
1512;pagos_membresias.csv;5666;"fecha_vencimiento reparada de 05-06-26 a 2026-06-05"
1512;pagos_membresias.csv;5666;"fecha_pago reparada de 02-06-26 a 2026-06-02"
1512;pagos_membresias.csv;5666;"Fila enviada a ERR: run_socio_titular no es valido"
1513;pagos_membresias.csv;5667;"fecha_vencimiento reparada de 05-07-26 a 2026-07-05"
1513;pagos_membresias.csv;5667;"Fila enviada a ERR: run_socio_titular no es valido"
1514;pagos_membresias.csv;5668;"fecha_vencimiento reparada de 05-08-26 a 2026-08-05"
1514;pagos_membresias.csv;5668;"fecha_pago reparada de 04-08-26 a 2026-08-04"
1514;pagos_membresias.csv;5668;"Fila enviada a ERR: run_socio_titular no es valido"
1515;pagos_membresias.csv;5669;"fecha_vencimiento reparada de 05-09-26 a 2026-09-05"
1515;pagos_membresias.csv;5669;"Fila enviada a ERR: run_socio_titular no es valido"
1516;pagos_membresias.csv;5670;"fecha_vencimiento reparada de 05-10-26 a 2026-10-05"
1516;pagos_membresias.csv;5670;"fecha_pago reparada de 01-10-26 a 2026-10-01"
1516;pagos_membresias.csv;5670;"Fila enviada a ERR: run_socio_titular no es valido"
1517;pagos_membresias.csv;5671;"fecha_vencimiento reparada de 05-11-26 a 2026-11-05"
1517;pagos_membresias.csv;5671;"Fila enviada a ERR: run_socio_titular no es valido"
1518;pagos_membresias.csv;5672;"fecha_vencimiento reparada de 05-12-26 a 2026-12-05"
1518;pagos_membresias.csv;5672;"fecha_pago reparada de 05-12-26 a 2026-12-05"
1518;pagos_membresias.csv;5672;"Fila enviada a ERR: run_socio_titular no es valido"
1519;pagos_membresias.csv;5673;"fecha_vencimiento reparada de 05-01-26 a 2026-01-05"
1519;pagos_membresias.csv;5673;"fecha_pago reparada de 04-01-26 a 2026-01-04"
1520;pagos_membresias.csv;5674;"fecha_vencimiento reparada de 05-02-26 a 2026-02-05"
1521;pagos_membresias.csv;5675;"fecha_vencimiento reparada de 05-03-26 a 2026-03-05"
1521;pagos_membresias.csv;5675;"fecha_pago reparada de 01-03-26 a 2026-03-01"
1522;pagos_membresias.csv;5676;"fecha_vencimiento reparada de 05-04-26 a 2026-04-05"
1523;pagos_membresias.csv;5677;"fecha_vencimiento reparada de 05-05-26 a 2026-05-05"
1523;pagos_membresias.csv;5677;"fecha_pago reparada de 03-05-26 a 2026-05-03"
1524;pagos_membresias.csv;5678;"fecha_vencimiento reparada de 05-06-26 a 2026-06-05"
1525;pagos_membresias.csv;5679;"fecha_vencimiento reparada de 05-07-26 a 2026-07-05"
1525;pagos_membresias.csv;5679;"fecha_pago reparada de 01-07-26 a 2026-07-01"
1526;pagos_membresias.csv;5680;"fecha_vencimiento reparada de 05-08-26 a 2026-08-05"
1527;pagos_membresias.csv;5681;"fecha_vencimiento reparada de 05-09-26 a 2026-09-05"
1527;pagos_membresias.csv;5681;"fecha_pago reparada de 04-09-26 a 2026-09-04"
1528;pagos_membresias.csv;5682;"fecha_vencimiento reparada de 05-10-26 a 2026-10-05"
1529;pagos_membresias.csv;5683;"fecha_vencimiento reparada de 05-11-26 a 2026-11-05"
1529;pagos_membresias.csv;5683;"fecha_pago reparada de 05-11-26 a 2026-11-05"
1530;pagos_membresias.csv;5684;"fecha_vencimiento reparada de 05-12-26 a 2026-12-05"
1531;pagos_membresias.csv;5685;"fecha_vencimiento reparada de 05-01-26 a 2026-01-05"
1531;pagos_membresias.csv;5685;"Fila enviada a ERR: run_socio_titular no es valido"
1532;pagos_membresias.csv;5686;"fecha_vencimiento reparada de 05-02-26 a 2026-02-05"
1532;pagos_membresias.csv;5686;"fecha_pago reparada de 02-02-26 a 2026-02-02"
1532;pagos_membresias.csv;5686;"Fila enviada a ERR: run_socio_titular no es valido"
1533;pagos_membresias.csv;5687;"fecha_vencimiento reparada de 05-03-26 a 2026-03-05"
1533;pagos_membresias.csv;5687;"Fila enviada a ERR: run_socio_titular no es valido"
1534;pagos_membresias.csv;5688;"fecha_vencimiento reparada de 05-04-26 a 2026-04-05"
1534;pagos_membresias.csv;5688;"fecha_pago reparada de 01-04-26 a 2026-04-01"
1534;pagos_membresias.csv;5688;"Fila enviada a ERR: run_socio_titular no es valido"
1535;pagos_membresias.csv;5689;"fecha_vencimiento reparada de 05-05-26 a 2026-05-05"
1535;pagos_membresias.csv;5689;"Fila enviada a ERR: run_socio_titular no es valido"
1536;pagos_membresias.csv;5690;"fecha_vencimiento reparada de 05-06-26 a 2026-06-05"
1536;pagos_membresias.csv;5690;"fecha_pago reparada de 04-06-26 a 2026-06-04"
1536;pagos_membresias.csv;5690;"Fila enviada a ERR: run_socio_titular no es valido"
1537;pagos_membresias.csv;5691;"fecha_vencimiento reparada de 05-07-26 a 2026-07-05"
1537;pagos_membresias.csv;5691;"Fila enviada a ERR: run_socio_titular no es valido"
1538;pagos_membresias.csv;5692;"fecha_vencimiento reparada de 05-08-26 a 2026-08-05"
1538;pagos_membresias.csv;5692;"fecha_pago reparada de 03-08-26 a 2026-08-03"
1538;pagos_membresias.csv;5692;"Fila enviada a ERR: run_socio_titular no es valido"
1539;pagos_membresias.csv;5693;"fecha_vencimiento reparada de 05-09-26 a 2026-09-05"
1539;pagos_membresias.csv;5693;"Fila enviada a ERR: run_socio_titular no es valido"
1540;pagos_membresias.csv;5694;"fecha_vencimiento reparada de 05-10-26 a 2026-10-05"
1540;pagos_membresias.csv;5694;"fecha_pago reparada de 05-10-26 a 2026-10-05"
1540;pagos_membresias.csv;5694;"Fila enviada a ERR: run_socio_titular no es valido"
1541;pagos_membresias.csv;5695;"fecha_vencimiento reparada de 05-11-26 a 2026-11-05"
1541;pagos_membresias.csv;5695;"Fila enviada a ERR: run_socio_titular no es valido"
1542;pagos_membresias.csv;5696;"fecha_vencimiento reparada de 05-12-26 a 2026-12-05"
1542;pagos_membresias.csv;5696;"fecha_pago reparada de 01-12-26 a 2026-12-01"
1542;pagos_membresias.csv;5696;"Fila enviada a ERR: run_socio_titular no es valido"
1543;pagos_membresias.csv;5697;"fecha_vencimiento reparada de 05-01-26 a 2026-01-05"
1543;pagos_membresias.csv;5697;"fecha_pago reparada de 01-01-26 a 2026-01-01"
1543;pagos_membresias.csv;5697;"Fila enviada a ERR: run_socio_titular no es valido"
1544;pagos_membresias.csv;5698;"fecha_vencimiento reparada de 05-02-26 a 2026-02-05"
1544;pagos_membresias.csv;5698;"Fila enviada a ERR: run_socio_titular no es valido"
1545;pagos_membresias.csv;5699;"fecha_vencimiento reparada de 05-03-26 a 2026-03-05"
1545;pagos_membresias.csv;5699;"fecha_pago reparada de 04-03-26 a 2026-03-04"
1545;pagos_membresias.csv;5699;"Fila enviada a ERR: run_socio_titular no es valido"
1546;pagos_membresias.csv;5700;"fecha_vencimiento reparada de 05-04-26 a 2026-04-05"
1546;pagos_membresias.csv;5700;"Fila enviada a ERR: run_socio_titular no es valido"
1547;pagos_membresias.csv;5701;"fecha_vencimiento reparada de 05-05-26 a 2026-05-05"
1547;pagos_membresias.csv;5701;"fecha_pago reparada de 02-05-26 a 2026-05-02"
1547;pagos_membresias.csv;5701;"Fila enviada a ERR: run_socio_titular no es valido"
1548;pagos_membresias.csv;5702;"fecha_vencimiento reparada de 05-06-26 a 2026-06-05"
1548;pagos_membresias.csv;5702;"Fila enviada a ERR: run_socio_titular no es valido"
1549;pagos_membresias.csv;5703;"fecha_vencimiento reparada de 05-07-26 a 2026-07-05"
1549;pagos_membresias.csv;5703;"fecha_pago reparada de 05-07-26 a 2026-07-05"
1549;pagos_membresias.csv;5703;"Fila enviada a ERR: run_socio_titular no es valido"
1550;pagos_membresias.csv;5704;"fecha_vencimiento reparada de 05-08-26 a 2026-08-05"
1550;pagos_membresias.csv;5704;"Fila enviada a ERR: run_socio_titular no es valido"
1551;pagos_membresias.csv;5705;"fecha_vencimiento reparada de 05-09-26 a 2026-09-05"
1551;pagos_membresias.csv;5705;"fecha_pago reparada de 01-09-26 a 2026-09-01"
1551;pagos_membresias.csv;5705;"Fila enviada a ERR: run_socio_titular no es valido"
1552;pagos_membresias.csv;5706;"fecha_vencimiento reparada de 05-10-26 a 2026-10-05"
1552;pagos_membresias.csv;5706;"Fila enviada a ERR: run_socio_titular no es valido"
1553;pagos_membresias.csv;5707;"fecha_vencimiento reparada de 05-11-26 a 2026-11-05"
1553;pagos_membresias.csv;5707;"fecha_pago reparada de 03-11-26 a 2026-11-03"
1553;pagos_membresias.csv;5707;"Fila enviada a ERR: run_socio_titular no es valido"
1554;pagos_membresias.csv;5708;"fecha_vencimiento reparada de 05-12-26 a 2026-12-05"
1554;pagos_membresias.csv;5708;"Fila enviada a ERR: run_socio_titular no es valido"
1555;pagos_membresias.csv;5709;"fecha_vencimiento reparada de 05-01-26 a 2026-01-05"
1556;pagos_membresias.csv;5710;"fecha_vencimiento reparada de 05-02-26 a 2026-02-05"
1556;pagos_membresias.csv;5710;"fecha_pago reparada de 05-02-26 a 2026-02-05"
1557;pagos_membresias.csv;5711;"fecha_vencimiento reparada de 05-03-26 a 2026-03-05"
1558;pagos_membresias.csv;5712;"fecha_vencimiento reparada de 05-04-26 a 2026-04-05"
1558;pagos_membresias.csv;5712;"fecha_pago reparada de 02-04-26 a 2026-04-02"
1559;pagos_membresias.csv;5713;"fecha_vencimiento reparada de 05-05-26 a 2026-05-05"
1560;pagos_membresias.csv;5714;"fecha_vencimiento reparada de 05-06-26 a 2026-06-05"
1560;pagos_membresias.csv;5714;"fecha_pago reparada de 01-06-26 a 2026-06-01"
1561;pagos_membresias.csv;5715;"fecha_vencimiento reparada de 05-07-26 a 2026-07-05"
1562;pagos_membresias.csv;5716;"fecha_vencimiento reparada de 05-08-26 a 2026-08-05"
1562;pagos_membresias.csv;5716;"fecha_pago reparada de 03-08-26 a 2026-08-03"
1563;pagos_membresias.csv;5717;"fecha_vencimiento reparada de 05-09-26 a 2026-09-05"
1564;pagos_membresias.csv;5718;"fecha_vencimiento reparada de 05-10-26 a 2026-10-05"
1564;pagos_membresias.csv;5718;"fecha_pago reparada de 04-10-26 a 2026-10-04"
1565;pagos_membresias.csv;5719;"fecha_vencimiento reparada de 05-11-26 a 2026-11-05"
1566;pagos_membresias.csv;5720;"fecha_vencimiento reparada de 05-12-26 a 2026-12-05"
1566;pagos_membresias.csv;5720;"fecha_pago reparada de 02-12-26 a 2026-12-02"
1567;pagos_membresias.csv;5721;"fecha_vencimiento reparada de 05-01-26 a 2026-01-05"
1567;pagos_membresias.csv;5721;"fecha_pago reparada de 03-01-26 a 2026-01-03"
1567;pagos_membresias.csv;5721;"Fila enviada a ERR: run_socio_titular no es valido"
1568;pagos_membresias.csv;5722;"fecha_vencimiento reparada de 05-02-26 a 2026-02-05"
1568;pagos_membresias.csv;5722;"Fila enviada a ERR: run_socio_titular no es valido"
1569;pagos_membresias.csv;5723;"fecha_vencimiento reparada de 05-03-26 a 2026-03-05"
1569;pagos_membresias.csv;5723;"fecha_pago reparada de 05-03-26 a 2026-03-05"
1569;pagos_membresias.csv;5723;"Fila enviada a ERR: run_socio_titular no es valido"
1570;pagos_membresias.csv;5724;"fecha_vencimiento reparada de 05-04-26 a 2026-04-05"
1570;pagos_membresias.csv;5724;"Fila enviada a ERR: run_socio_titular no es valido"
1571;pagos_membresias.csv;5725;"fecha_vencimiento reparada de 05-05-26 a 2026-05-05"
1571;pagos_membresias.csv;5725;"fecha_pago reparada de 01-05-26 a 2026-05-01"
1571;pagos_membresias.csv;5725;"Fila enviada a ERR: run_socio_titular no es valido"
1572;pagos_membresias.csv;5726;"fecha_vencimiento reparada de 05-06-26 a 2026-06-05"
1572;pagos_membresias.csv;5726;"Fila enviada a ERR: run_socio_titular no es valido"
1573;pagos_membresias.csv;5727;"fecha_vencimiento reparada de 05-07-26 a 2026-07-05"
1573;pagos_membresias.csv;5727;"fecha_pago reparada de 04-07-26 a 2026-07-04"
1573;pagos_membresias.csv;5727;"Fila enviada a ERR: run_socio_titular no es valido"
1574;pagos_membresias.csv;5728;"fecha_vencimiento reparada de 05-08-26 a 2026-08-05"
1574;pagos_membresias.csv;5728;"Fila enviada a ERR: run_socio_titular no es valido"
1575;pagos_membresias.csv;5729;"fecha_vencimiento reparada de 05-09-26 a 2026-09-05"
1575;pagos_membresias.csv;5729;"fecha_pago reparada de 01-09-26 a 2026-09-01"
1575;pagos_membresias.csv;5729;"Fila enviada a ERR: run_socio_titular no es valido"
1576;pagos_membresias.csv;5730;"fecha_vencimiento reparada de 05-10-26 a 2026-10-05"
1576;pagos_membresias.csv;5730;"Fila enviada a ERR: run_socio_titular no es valido"
1577;pagos_membresias.csv;5731;"fecha_vencimiento reparada de 05-11-26 a 2026-11-05"
1577;pagos_membresias.csv;5731;"fecha_pago reparada de 03-11-26 a 2026-11-03"
1577;pagos_membresias.csv;5731;"Fila enviada a ERR: run_socio_titular no es valido"
1578;pagos_membresias.csv;5732;"fecha_vencimiento reparada de 05-12-26 a 2026-12-05"
1578;pagos_membresias.csv;5732;"Fila enviada a ERR: run_socio_titular no es valido"
1579;pagos_membresias.csv;5733;"fecha_vencimiento reparada de 05-01-26 a 2026-01-05"
1579;pagos_membresias.csv;5733;"Fila enviada a ERR: run_socio_titular no es valido"
1580;pagos_membresias.csv;5734;"fecha_vencimiento reparada de 05-02-26 a 2026-02-05"
1580;pagos_membresias.csv;5734;"fecha_pago reparada de 02-02-26 a 2026-02-02"
1580;pagos_membresias.csv;5734;"Fila enviada a ERR: run_socio_titular no es valido"
1581;pagos_membresias.csv;5735;"fecha_vencimiento reparada de 05-03-26 a 2026-03-05"
1581;pagos_membresias.csv;5735;"Fila enviada a ERR: run_socio_titular no es valido"
1582;pagos_membresias.csv;5736;"fecha_vencimiento reparada de 05-04-26 a 2026-04-05"
1582;pagos_membresias.csv;5736;"fecha_pago reparada de 02-04-26 a 2026-04-02"
1582;pagos_membresias.csv;5736;"Fila enviada a ERR: run_socio_titular no es valido"
1583;pagos_membresias.csv;5737;"fecha_vencimiento reparada de 05-05-26 a 2026-05-05"
1583;pagos_membresias.csv;5737;"Fila enviada a ERR: run_socio_titular no es valido"
1584;pagos_membresias.csv;5738;"fecha_vencimiento reparada de 05-06-26 a 2026-06-05"
1584;pagos_membresias.csv;5738;"fecha_pago reparada de 05-06-26 a 2026-06-05"
1584;pagos_membresias.csv;5738;"Fila enviada a ERR: run_socio_titular no es valido"
1585;pagos_membresias.csv;5739;"fecha_vencimiento reparada de 05-07-26 a 2026-07-05"
1585;pagos_membresias.csv;5739;"Fila enviada a ERR: run_socio_titular no es valido"
1586;pagos_membresias.csv;5740;"fecha_vencimiento reparada de 05-08-26 a 2026-08-05"
1586;pagos_membresias.csv;5740;"fecha_pago reparada de 04-08-26 a 2026-08-04"
1586;pagos_membresias.csv;5740;"Fila enviada a ERR: run_socio_titular no es valido"
1587;pagos_membresias.csv;5741;"fecha_vencimiento reparada de 05-09-26 a 2026-09-05"
1587;pagos_membresias.csv;5741;"Fila enviada a ERR: run_socio_titular no es valido"
1588;pagos_membresias.csv;5742;"fecha_vencimiento reparada de 05-10-26 a 2026-10-05"
1588;pagos_membresias.csv;5742;"fecha_pago reparada de 01-10-26 a 2026-10-01"
1588;pagos_membresias.csv;5742;"Fila enviada a ERR: run_socio_titular no es valido"
1589;pagos_membresias.csv;5743;"fecha_vencimiento reparada de 05-11-26 a 2026-11-05"
1589;pagos_membresias.csv;5743;"Fila enviada a ERR: run_socio_titular no es valido"
1590;pagos_membresias.csv;5744;"fecha_vencimiento reparada de 05-12-26 a 2026-12-05"
1590;pagos_membresias.csv;5744;"fecha_pago reparada de 03-12-26 a 2026-12-03"
1590;pagos_membresias.csv;5744;"Fila enviada a ERR: run_socio_titular no es valido"
1591;pagos_membresias.csv;5745;"fecha_vencimiento reparada de 05-01-26 a 2026-01-05"
1591;pagos_membresias.csv;5745;"fecha_pago reparada de 01-01-26 a 2026-01-01"
1592;pagos_membresias.csv;5746;"fecha_vencimiento reparada de 05-02-26 a 2026-02-05"
1593;pagos_membresias.csv;5747;"fecha_vencimiento reparada de 05-03-26 a 2026-03-05"
1593;pagos_membresias.csv;5747;"fecha_pago reparada de 03-03-26 a 2026-03-03"
1594;pagos_membresias.csv;5748;"fecha_vencimiento reparada de 05-04-26 a 2026-04-05"
1595;pagos_membresias.csv;5749;"fecha_vencimiento reparada de 05-05-26 a 2026-05-05"
1595;pagos_membresias.csv;5749;"fecha_pago reparada de 05-05-26 a 2026-05-05"
1596;pagos_membresias.csv;5750;"fecha_vencimiento reparada de 05-06-26 a 2026-06-05"
1597;pagos_membresias.csv;5751;"fecha_vencimiento reparada de 05-07-26 a 2026-07-05"
1597;pagos_membresias.csv;5751;"fecha_pago reparada de 01-07-26 a 2026-07-01"
1598;pagos_membresias.csv;5752;"fecha_vencimiento reparada de 05-08-26 a 2026-08-05"
1599;pagos_membresias.csv;5753;"fecha_vencimiento reparada de 05-09-26 a 2026-09-05"
1599;pagos_membresias.csv;5753;"fecha_pago reparada de 02-09-26 a 2026-09-02"
1600;pagos_membresias.csv;5754;"fecha_vencimiento reparada de 05-10-26 a 2026-10-05"
1601;pagos_membresias.csv;5755;"fecha_vencimiento reparada de 05-11-26 a 2026-11-05"
1601;pagos_membresias.csv;5755;"fecha_pago reparada de 04-11-26 a 2026-11-04"
1602;pagos_membresias.csv;5756;"fecha_vencimiento reparada de 05-12-26 a 2026-12-05"
1603;pagos_membresias.csv;5757;"fecha_vencimiento reparada de 05-01-26 a 2026-01-05"
1603;pagos_membresias.csv;5757;"Fila enviada a ERR: run_socio_titular no es valido"
1604;pagos_membresias.csv;5758;"fecha_vencimiento reparada de 05-02-26 a 2026-02-05"
1604;pagos_membresias.csv;5758;"fecha_pago reparada de 04-02-26 a 2026-02-04"
1604;pagos_membresias.csv;5758;"Fila enviada a ERR: run_socio_titular no es valido"
1605;pagos_membresias.csv;5759;"fecha_vencimiento reparada de 05-03-26 a 2026-03-05"
1605;pagos_membresias.csv;5759;"Fila enviada a ERR: run_socio_titular no es valido"
1606;pagos_membresias.csv;5760;"fecha_vencimiento reparada de 05-04-26 a 2026-04-05"
1606;pagos_membresias.csv;5760;"fecha_pago reparada de 01-04-26 a 2026-04-01"
1606;pagos_membresias.csv;5760;"Fila enviada a ERR: run_socio_titular no es valido"
1607;pagos_membresias.csv;5761;"fecha_vencimiento reparada de 05-05-26 a 2026-05-05"
1607;pagos_membresias.csv;5761;"Fila enviada a ERR: run_socio_titular no es valido"
1608;pagos_membresias.csv;5762;"fecha_vencimiento reparada de 05-06-26 a 2026-06-05"
1608;pagos_membresias.csv;5762;"fecha_pago reparada de 02-06-26 a 2026-06-02"
1608;pagos_membresias.csv;5762;"Fila enviada a ERR: run_socio_titular no es valido"
1609;pagos_membresias.csv;5763;"fecha_vencimiento reparada de 05-07-26 a 2026-07-05"
1609;pagos_membresias.csv;5763;"Fila enviada a ERR: run_socio_titular no es valido"
1610;pagos_membresias.csv;5764;"fecha_vencimiento reparada de 05-08-26 a 2026-08-05"
1610;pagos_membresias.csv;5764;"fecha_pago reparada de 05-08-26 a 2026-08-05"
1610;pagos_membresias.csv;5764;"Fila enviada a ERR: run_socio_titular no es valido"
1611;pagos_membresias.csv;5765;"fecha_vencimiento reparada de 05-09-26 a 2026-09-05"
1611;pagos_membresias.csv;5765;"Fila enviada a ERR: run_socio_titular no es valido"
1612;pagos_membresias.csv;5766;"fecha_vencimiento reparada de 05-10-26 a 2026-10-05"
1612;pagos_membresias.csv;5766;"fecha_pago reparada de 03-10-26 a 2026-10-03"
1612;pagos_membresias.csv;5766;"Fila enviada a ERR: run_socio_titular no es valido"
1613;pagos_membresias.csv;5767;"fecha_vencimiento reparada de 05-11-26 a 2026-11-05"
1613;pagos_membresias.csv;5767;"Fila enviada a ERR: run_socio_titular no es valido"
1614;pagos_membresias.csv;5768;"fecha_vencimiento reparada de 05-12-26 a 2026-12-05"
1614;pagos_membresias.csv;5768;"fecha_pago reparada de 01-12-26 a 2026-12-01"
1614;pagos_membresias.csv;5768;"Fila enviada a ERR: run_socio_titular no es valido"
1615;pagos_membresias.csv;5769;"fecha_vencimiento reparada de 05-01-26 a 2026-01-05"
1615;pagos_membresias.csv;5769;"fecha_pago reparada de 05-01-26 a 2026-01-05"
1615;pagos_membresias.csv;5769;"Fila enviada a ERR: run_socio_titular no es valido"
1616;pagos_membresias.csv;5770;"fecha_vencimiento reparada de 05-02-26 a 2026-02-05"
1616;pagos_membresias.csv;5770;"Fila enviada a ERR: run_socio_titular no es valido"
1617;pagos_membresias.csv;5771;"fecha_vencimiento reparada de 05-03-26 a 2026-03-05"
1617;pagos_membresias.csv;5771;"fecha_pago reparada de 02-03-26 a 2026-03-02"
1617;pagos_membresias.csv;5771;"Fila enviada a ERR: run_socio_titular no es valido"
1618;pagos_membresias.csv;5772;"fecha_vencimiento reparada de 05-04-26 a 2026-04-05"
1618;pagos_membresias.csv;5772;"Fila enviada a ERR: run_socio_titular no es valido"
1619;pagos_membresias.csv;5773;"fecha_vencimiento reparada de 05-05-26 a 2026-05-05"
1619;pagos_membresias.csv;5773;"fecha_pago reparada de 04-05-26 a 2026-05-04"
1619;pagos_membresias.csv;5773;"Fila enviada a ERR: run_socio_titular no es valido"
1620;pagos_membresias.csv;5774;"fecha_vencimiento reparada de 05-06-26 a 2026-06-05"
1620;pagos_membresias.csv;5774;"Fila enviada a ERR: run_socio_titular no es valido"
1621;pagos_membresias.csv;5775;"fecha_vencimiento reparada de 05-07-26 a 2026-07-05"
1621;pagos_membresias.csv;5775;"fecha_pago reparada de 01-07-26 a 2026-07-01"
1621;pagos_membresias.csv;5775;"Fila enviada a ERR: run_socio_titular no es valido"
1622;pagos_membresias.csv;5776;"fecha_vencimiento reparada de 05-08-26 a 2026-08-05"
1622;pagos_membresias.csv;5776;"Fila enviada a ERR: run_socio_titular no es valido"
1623;pagos_membresias.csv;5777;"fecha_vencimiento reparada de 05-09-26 a 2026-09-05"
1623;pagos_membresias.csv;5777;"fecha_pago reparada de 03-09-26 a 2026-09-03"
1623;pagos_membresias.csv;5777;"Fila enviada a ERR: run_socio_titular no es valido"
1624;pagos_membresias.csv;5778;"fecha_vencimiento reparada de 05-10-26 a 2026-10-05"
1624;pagos_membresias.csv;5778;"Fila enviada a ERR: run_socio_titular no es valido"
1625;pagos_membresias.csv;5779;"fecha_vencimiento reparada de 05-11-26 a 2026-11-05"
1625;pagos_membresias.csv;5779;"fecha_pago reparada de 01-11-26 a 2026-11-01"
1625;pagos_membresias.csv;5779;"Fila enviada a ERR: run_socio_titular no es valido"
1626;pagos_membresias.csv;5780;"fecha_vencimiento reparada de 05-12-26 a 2026-12-05"
1626;pagos_membresias.csv;5780;"Fila enviada a ERR: run_socio_titular no es valido"
1627;pagos_membresias.csv;5781;"fecha_vencimiento reparada de 05-01-26 a 2026-01-05"
1627;pagos_membresias.csv;5781;"Fila enviada a ERR: run_socio_titular no es valido"
1628;pagos_membresias.csv;5782;"fecha_vencimiento reparada de 05-02-26 a 2026-02-05"
1628;pagos_membresias.csv;5782;"fecha_pago reparada de 02-02-26 a 2026-02-02"
1628;pagos_membresias.csv;5782;"Fila enviada a ERR: run_socio_titular no es valido"
1629;pagos_membresias.csv;5783;"fecha_vencimiento reparada de 05-03-26 a 2026-03-05"
1629;pagos_membresias.csv;5783;"Fila enviada a ERR: run_socio_titular no es valido"
1630;pagos_membresias.csv;5784;"fecha_vencimiento reparada de 05-04-26 a 2026-04-05"
1630;pagos_membresias.csv;5784;"fecha_pago reparada de 05-04-26 a 2026-04-05"
1630;pagos_membresias.csv;5784;"Fila enviada a ERR: run_socio_titular no es valido"
1631;pagos_membresias.csv;5785;"fecha_vencimiento reparada de 05-05-26 a 2026-05-05"
1631;pagos_membresias.csv;5785;"Fila enviada a ERR: run_socio_titular no es valido"
