codigo_reserva;fecha_reserva;fecha_inicio;fecha_fin;estado_reserva;run_reservante;nombre_reservante;es_socio;lugar_nombre;sucursal_nombre;monto_total;monto_pagado;medio_pago;fecha_pago
;2025-04-17;"2025-04-17 00:00";"2025-04-23 23:59";ejecutada;21099442-4;"Luis Contreras";NO;"Cabaña 14";"Santa Cruz";720000;720000;transferencia;2025-04-15
;2025-12-19;"2025-12-19 00:00";"2025-12-26 23:59";cancelada;7812836-4;"Pedro Rojas";SI;"Cabaña 12";"Santa Cruz";840000;0;;
;2025-05-15;"2025-05-15 00:00";"2025-05-15 14:00";reservada;20408365-7;"Maria Gonzalez";SI;"Restaurant 2 X";Providencia;30000;0;;
;2025-12-06;"2025-12-06 00:00";"2025-12-07 23:59";reservada;9269949-8;"Ana Silva";SI;"Cabaña 7";"Santiago Centro";120000;0;;
;2025-07-04;"2025-07-04 13:00";"2025-07-04 14:00";ejecutada;20112516-2;"Luis Contreras";NO;"Salon Eventos 1";"Santiago Centro";100000;100000;efectivo;2025-06-30
;2025-05-11;"2025-05-11 18:00";"2025-05-11 19:00";reservada;17503226-6;"Juan Perez";SI;"Cancha Futbolito Techada";"La Florida";35000;0;;
;2025-08-20;"2025-08-20 00:00";"2025-08-22 23:59";reservada;17606228-2;"Juan Perez";NO;"Cabaña 2";"La Florida";240000;0;;
;2025-08-19;"2025-08-19 00:00";"2025-08-22 23:59";ejecutada;13015768-8;"Pedro Rojas";NO;"Cabaña 1";"Santiago Centro";360000;360000;transferencia;2025-08-18
;2025-04-05;"2025-04-05 14:00";"2025-04-05 15:00";reservada;18154120-2;"Maria Gonzalez";SI;"Salon Eventos 2";"La Florida";100000;0;;
;2025-03-19;"2025-03-19 13:00";"2025-03-19 14:00";ejecutada;8805000-2;"Maria Gonzalez";NO;"Cancha Padel Aire Libre";"La Florida";25000;25000;transferencia;2025-03-14
;2025-03-03;"2025-03-03 17:00";"2025-03-03 18:00";ejecutada;5854603-8;"Luis Contreras";SI;"Salon Eventos 4";"La Florida";100000;100000;tarjeta;2025-03-01
;2025-05-07;"2025-05-07 00:00";"2025-05-12 23:59";ejecutada;12075076-3;"Juan Perez";SI;"Cabaña 7";"Santa Cruz";600000;600000;tarjeta;2025-05-03
;2025-09-12;"2025-09-12 00:00";"2025-09-19 23:59";ejecutada;21296743-2;"Pedro Rojas";NO;"Cabaña 16";Providencia;840000;840000;transferencia;2025-09-12
;2025-06-17;"2025-06-17 11:00";"2025-06-17 12:00";ejecutada;5854603-8;"Luis Contreras";SI;"Salon Eventos 2";"Santiago Centro";100000;100000;tarjeta;2025-06-14
;2025-08-01;"2025-08-01 00:00";"2025-08-03 23:59";ejecutada;21349217-9;"Luis Contreras";NO;"Cabaña 2";"Santa Cruz";240000;240000;transferencia;2025-07-30
;2025-06-16;"2025-06-16 00:00";"2025-06-26 23:59";ejecutada;20713143-1;"Luis Contreras";NO;"Cabaña 1";Providencia;1200000;1200000;transferencia;2025-06-12
;2025-12-04;"2025-12-04 00:00";"2025-12-10 23:59";cancelada;21099442-4;"Luis Contreras";SI;"Cabaña 2";Providencia;720000;0;;
;2025-02-04;"2025-02-04 00:00";"2025-02-14 23:59";reservada;6946141-7;"Ana Silva";NO;"Cabaña 1";"Santa Cruz";1200000;0;;
;2025-03-15;"2025-03-15 17:00";"2025-03-15 18:00";cancelada;24967582-2;"Maria Gonzalez";SI;"Salon Eventos 3 X";"Santa Cruz";100000;0;;
;2025-01-04;"2025-01-04 22:00";"2025-01-04 23:00";reservada;16968310-7;"Luis Contreras";NO;"Piscina 1";Providencia;20000;0;;
;2025-12-13;"2025-12-13 00:00";"2025-12-21 23:59";ejecutada;21178138-6;"Ana Silva";SI;"Cabaña 2";"La Florida";960000;960000;efectivo;2025-12-13
;2025-08-17;"2025-08-17 00:00";"2025-08-20 23:59";ejecutada;5643136-5;"Juan Perez";NO;"Cabaña 17";Providencia;360000;360000;efectivo;2025-08-14
;2025-12-01;"2025-12-01 00:00";"2025-12-05 23:59";reservada;18468277-K;"Luis Contreras";NO;"Cabaña 7";"Santa Cruz";480000;0;;
;2025-07-07;"2025-07-07 18:00";"2025-07-07 19:00";ejecutada;15795747-3;"Ana Silva";NO;"Cancha Futbolito Aire Libre";"La Florida";25000;25000;efectivo;2025-07-04
;2025-09-01;"2025-09-01 17:00";"2025-09-01 18:00";reservada;14582283-1;"Luis Contreras";SI;"Salon Eventos 1";"Santa Cruz";100000;0;;
;2025-08-14;"2025-08-14 00:00";"2025-08-24 23:59";cancelada;16479158-0;"Pedro Rojas";NO;"Cabaña 10";"La Florida";1200000;0;;
;2025-01-02;"2025-01-02 00:00";"2025-01-09 23:59";reservada;24859483-7;"Luis Contreras";SI;"Cabaña 16";"La Florida";840000;0;;
;2025-03-02;"2025-03-02 00:00";"2025-03-08 23:59";ejecutada;13224751-K;"Luis Contreras";SI;"Cabaña 4";Providencia;720000;720000;efectivo;2025-02-26
;2025-12-01;"2025-12-01 00:00";"2025-12-11 23:59";cancelada;16479158-0;"Pedro Rojas";SI;"Cabaña 18 X";"La Florida";1200000;0;;
;2025-05-12;"2025-05-12 00:00";"2025-05-19 23:59";reservada;7686256-7;"Luis Contreras";NO;"Cabaña 10";"Santa Cruz";840000;0;;
;2025-06-16;"2025-06-16 09:00";"2025-06-16 10:00";ejecutada;20713143-1;"Luis Contreras";NO;"Salon Eventos 1";Providencia;100000;100000;transferencia;2025-06-11
;2025-04-12;"2025-04-12 00:00";"2025-04-21 23:59";ejecutada;17263289-0;"Juan Perez";NO;"Cabaña 1";Providencia;1080000;1080000;efectivo;2025-04-10
;2025-12-14;"2025-12-14 00:00";"2025-12-23 23:59";reservada;15838325-K;"Maria Gonzalez";SI;"Cabaña 6";"La Florida";1080000;0;;
;2025-06-11;"2025-06-11 00:00";"2025-06-12 23:59";ejecutada;21743846-2;"Pedro Rojas";SI;"Cabaña 19";"Santiago Centro";120000;120000;transferencia;2025-06-09
;2025-01-02;"2025-01-02 18:00";"2025-01-02 19:00";cancelada;14155657-6;"Pedro Rojas";SI;"Cancha Futbolito Aire Libre";"Santiago Centro";25000;0;;
;2025-12-10;"2025-12-10 11:00";"2025-12-10 12:00";ejecutada;21947907-7;"Maria Gonzalez";NO;"Salon Eventos 4";Providencia;100000;100000;efectivo;2025-12-08
;2025-10-06;"2025-10-06 00:00";"2025-10-16 23:59";ejecutada;23498184-6;"Juan Perez";SI;"Cabaña 11";Providencia;1200000;1200000;tarjeta;2025-10-03
;2025-10-02;"2025-10-02 09:00";"2025-10-02 10:00";ejecutada;10837704-6;"Pedro Rojas";SI;"Cancha Padel Aire Libre";"Santiago Centro";25000;25000;transferencia;2025-10-01
;2025-12-04;"2025-12-04 00:00";"2025-12-12 23:59";ejecutada;6807678-1;"Pedro Rojas";NO;"Cabaña 18";"La Florida";960000;960000;efectivo;2025-11-29
;2025-11-13;"2025-11-13 15:00";"2025-11-13 16:00";reservada;21156024-K;"Maria Gonzalez";SI;"Salon Eventos 3";"Santa Cruz";100000;0;;
;2025-11-14;"2025-11-14 10:00";"2025-11-14 11:00";reservada;13098747-8;"Ana Silva";NO;"Salon Eventos 4";"La Florida";100000;0;;
;2025-01-14;"2025-01-14 11:00";"2025-01-14 12:00";reservada;9381544-0;"Pedro Rojas";NO;"Salon Eventos 2";"La Florida";100000;0;;
;2025-06-14;"2025-06-14 11:00";"2025-06-14 12:00";reservada;7781298-9;"Pedro Rojas";SI;"Cancha Tenis Aire Libre";"Santiago Centro";25000;0;;
;2026-07-28;"2026-07-30 17:00";"2026-08-01 17:00";reservada;18776636-2;"Pedro Rojas";NO;"Cabaña 1";"Santiago Centro";240000;0;;
;2025-07-15;"2025-07-15 08:00";"2025-07-15 09:00";reservada;16276138-2;"Ana Silva";SI;"Cancha Padel Aire Libre";"Santa Cruz";25000;0;;
;2025-06-12;"2025-06-12 10:00";"2025-06-12 11:00";reservada;19020373-5;"Juan Perez";NO;"Piscina 1";"Santiago Centro";20000;0;;
;2025-01-13;"2025-01-13 00:00";"2025-01-19 23:59";reservada;20928234-8;"Pedro Rojas";SI;"Cabaña 5";"Santa Cruz";720000;0;;
;2025-02-16;"2025-02-16 18:00";"2025-02-16 19:00";cancelada;9269949-8;"Ana Silva";NO;"Restaurant 1";Providencia;30000;0;;
;2025-04-10;"2025-04-10 16:00";"2025-04-10 17:00";reservada;6835621-0;"Luis Contreras";NO;"Restaurant 2";"Santiago Centro";30000;0;;
;2025-05-14;"2025-05-14 21:00";"2025-05-14 22:00";ejecutada;19727843-9;"Luis Contreras";SI;"Cancha Basquetbol Aire Libre";Providencia;25000;25000;tarjeta;2025-05-10
;2025-10-09;"2025-10-09 00:00";"2025-10-10 23:59";reservada;21454860-7;"Ana Silva";NO;"Cabaña 19";"La Florida";120000;0;;
;2025-09-08;"2025-09-08 00:00";"2025-09-11 23:59";reservada;17647891-8;"Maria Gonzalez";SI;"Cabaña 2";"La Florida";360000;0;;
;2025-06-08;"2025-06-08 20:00";"2025-06-08 21:00";reservada;9087517-5;"Pedro Rojas";NO;"Cancha Tenis Techada";"Santiago Centro";35000;0;;
;2025-11-14;"2025-11-14 00:00";"2025-11-22 23:59";ejecutada;17623443-1;"Maria Gonzalez";SI;"Cabaña 8";Providencia;960000;960000;efectivo;2025-11-11
;2025-12-07;"2025-12-07 00:00";"2025-12-14 23:59";ejecutada;20112516-2;"Luis Contreras";NO;"Cabaña 14";"Santiago Centro";840000;840000;tarjeta;2025-12-02
;2025-10-13;"2025-10-13 19:00";"2025-10-13 20:00";cancelada;12192627-K;"Pedro Rojas";NO;"Salon Eventos 1";"Santa Cruz";100000;0;;
;2025-03-14;"2025-03-14 00:00";"2025-03-23 23:59";ejecutada;20328291-5;"Juan Perez";SI;"Cabaña 4";"Santa Cruz";1080000;1080000;efectivo;2025-03-09
;2025-07-17;"2025-07-17 18:00";"2025-07-17 19:00";cancelada;13233936-8;"Maria Gonzalez";NO;"Piscina 1";"Santiago Centro";20000;0;;
;2025-02-11;"2025-02-11 08:00";"2025-02-11 09:00";reservada;7989270-K;"Maria Gonzalez";SI;"Cancha Padel Techada";"La Florida";35000;0;;
;2025-05-08;"2025-05-08 00:00";"2025-05-17 23:59";reservada;8267419-5;"Pedro Rojas";SI;"Cabaña 9";Providencia;1080000;0;;
;2025-01-17;"2025-01-17 00:00";"2025-01-21 23:59";ejecutada;22966221-K;"Maria Gonzalez";SI;"Cabaña 12";"Santa Cruz";480000;480000;transferencia;2025-01-17
;2025-12-07;"2025-12-07 00:00";"2025-12-11 23:59";reservada;5779517-4;"Luis Contreras";SI;"Cabaña 5";"Santa Cruz";480000;0;;
;2025-06-15;"2025-06-15 00:00";"2025-06-20 23:59";reservada;11086191-5;"Ana Silva";NO;"Cabaña 3";"Santiago Centro";600000;0;;
;2025-10-03;"2025-10-03 22:00";"2025-10-03 23:00";ejecutada;10216723-6;"Juan Perez";NO;"Cancha Futbolito Aire Libre";"Santa Cruz";25000;25000;efectivo;2025-10-02
;2025-06-09;"2025-06-09 17:00";"2025-06-09 18:00";ejecutada;12592948-6;"Ana Silva";SI;"Cancha Futbolito Aire Libre";"La Florida";25000;25000;tarjeta;2025-06-06
;2025-03-01;"2025-03-01 00:00";"2025-03-02 23:59";reservada;12887828-9;"Maria Gonzalez";NO;"Cabaña 3";Providencia;120000;0;;
;2025-01-06;"2025-01-06 00:00";"2025-01-16 23:59";ejecutada;8991172-9;"Juan Perez";NO;"Cabaña 5";"Santiago Centro";1200000;1200000;tarjeta;2025-01-03
;2025-06-17;"2025-06-17 14:00";"2025-06-17 15:00";ejecutada;7500349-8;"Pedro Rojas";NO;"Salon Eventos 4";"La Florida";100000;100000;efectivo;2025-06-13
;2025-07-10;"2025-07-10 00:00";"2025-07-20 23:59";cancelada;20642956-9;"Ana Silva";NO;"Cabaña 3";Providencia;1200000;0;;
;2025-10-06;"2025-10-06 00:00";"2025-10-15 23:59";ejecutada;20229991-1;"Ana Silva";SI;"Cabaña 3";Providencia;1080000;1080000;transferencia;2025-10-01
;2025-06-04;"2025-06-04 00:00";"2025-06-07 23:59";cancelada;22156789-7;"Luis Contreras";NO;"Cabaña 12";"Santiago Centro";360000;0;;
;2025-11-09;"2025-11-09 00:00";"2025-11-19 23:59";cancelada;24949712-6;"Luis Contreras";SI;"Cabaña 10";"Santa Cruz";1200000;0;;
;2025-07-10;"2025-07-10 21:00";"2025-07-10 22:00";ejecutada;15804334-3;"Luis Contreras";SI;"Cancha Futbolito Techada";Providencia;35000;35000;transferencia;2025-07-08
;2025-06-06;"2025-06-06 00:00";"2025-06-06 09:00";ejecutada;9706683-3;"Ana Silva";SI;"Cancha Futbolito Techada X";"Santiago Centro";35000;35000;transferencia;2025-06-06
;2025-12-10;"2025-12-10 00:00";"2025-12-11 23:59";reservada;22156789-7;"Luis Contreras";NO;"Cabaña 7";"Santiago Centro";120000;0;;
;2025-04-18;"2025-04-18 00:00";"2025-04-23 23:59";ejecutada;13734270-7;"Luis Contreras";NO;"Cabaña 13";"La Florida";600000;600000;efectivo;2025-04-14
;2025-07-19;"2025-07-19 00:00";"2025-07-29 23:59";reservada;10645717-4;"Pedro Rojas";NO;"Cabaña 2";Providencia;1200000;0;;
;2025-04-09;"2025-04-09 00:00";"2025-04-12 23:59";cancelada;19443419-7;"Pedro Rojas";NO;"Cabaña 16";"Santiago Centro";360000;0;;
;2025-11-12;"2025-11-12 08:00";"2025-11-12 09:00";ejecutada;13981951-9;"Ana Silva";NO;"Cancha Futbolito Techada";"Santa Cruz";35000;35000;efectivo;2025-11-11
;2025-06-08;"2025-06-08 15:00";"2025-06-08 16:00";cancelada;9269949-8;"Ana Silva";NO;"Cancha Padel Aire Libre";"Santa Cruz";25000;0;;
;2025-12-01;"2025-12-01 00:00";"2025-12-10 23:59";cancelada;19208091-6;"Maria Gonzalez";NO;"Cabaña 16";"La Florida";1080000;0;;
;2025-08-12;"2025-08-12 00:00";"2025-08-16 23:59";ejecutada;19443419-7;"Pedro Rojas";NO;"Cabaña 18";Providencia;480000;480000;transferencia;2025-08-11
;2025-03-15;"2025-03-15 00:00";"2025-03-17 23:59";reservada;10216723-6;"Juan Perez";NO;"Cabaña 6";"Santiago Centro";240000;0;;
;2025-08-14;"2025-08-14 00:00";"2025-08-16 23:59";cancelada;21351051-7;"Ana Silva";NO;"Cabaña 11";"Santa Cruz";240000;0;;
;2025-10-01;"2025-10-01 00:00";"2025-10-03 23:59";ejecutada;15916589-2;"Luis Contreras";NO;"Cabaña 20";"Santiago Centro";240000;240000;transferencia;2025-09-30
;2025-09-13;"2025-09-13 00:00";"2025-09-17 23:59";ejecutada;15499152-2;"Maria Gonzalez";NO;"Cabaña 8";"La Florida";480000;480000;tarjeta;2025-09-12
;2025-01-06;"2025-01-06 00:00";"2025-01-10 23:59";cancelada;22307110-4;"Luis Contreras";SI;"Cabaña 2";Providencia;480000;0;;
;2025-07-11;"2025-07-11 00:00";"2025-07-15 23:59";ejecutada;20194778-2;"Ana Silva";SI;"Cabaña 7";"Santa Cruz";480000;480000;transferencia;2025-07-11
;2025-09-17;"2025-09-17 09:00";"2025-09-17 10:00";reservada;9203394-5;"Luis Contreras";SI;"Piscina 2";"Santa Cruz";20000;0;;
;2025-06-03;"2025-06-03 00:00";"2025-06-03 18:00";cancelada;11483413-0;"Ana Silva";SI;"Salon Eventos 4";"Santa Cruz";100000;0;;
;2025-05-04;"2025-05-04 00:00";"2025-05-12 23:59";cancelada;10645717-4;"Pedro Rojas";SI;"Cabaña 11";"Santa Cruz";960000;0;;
;2025-11-07;"2025-11-07 00:00";"2025-11-08 23:59";ejecutada;16012079-7;"Ana Silva";SI;"Cabaña 3";"Santiago Centro";120000;120000;tarjeta;2025-11-02
;2025-01-15;"2025-01-15 11:00";"2025-01-15 12:00";reservada;6858349-7;"Luis Contreras";NO;"Cancha Basquetbol Aire Libre";"La Florida";25000;0;;
;2025-12-05;"2025-12-05 00:00";"2025-12-11 23:59";reservada;5983819-9;"Ana Silva";NO;"Cabaña 12";"La Florida";720000;0;;
;2025-05-14;"2025-05-14 19:00";"2025-05-14 20:00";cancelada;5204506-1;"Ana Silva";SI;"Salon Eventos 3";Providencia;100000;0;;
;2025-10-15;"2025-10-15 17:00";"2025-10-15 18:00";ejecutada;8442882-5;"Ana Silva";NO;"Salon Eventos 3";Providencia;100000;100000;tarjeta;2025-10-13
;2025-12-12;"2025-12-12 22:00";"2025-12-12 23:00";cancelada;15047491-4;"Ana Silva";NO;"Cancha Padel Techada";"Santiago Centro";35000;0;;
;2025-06-14;"2025-06-14 17:00";"2025-06-14 18:00";ejecutada;17623443-1;"Maria Gonzalez";SI;"Piscina 1";"Santa Cruz";20000;20000;transferencia;2025-06-12
;2025-10-15;"2025-10-15 18:00";"2025-10-15 19:00";ejecutada;16825005-3;"Ana Silva";SI;"Piscina 1";"Santa Cruz";20000;20000;efectivo;2025-10-11
;2025-11-07;"2025-11-07 00:00";"2025-11-17 23:59";cancelada;24639890-9;"Luis Contreras";SI;"Cabaña 15";"Santiago Centro";1200000;0;;
;2025-01-01;"2025-01-01 00:00";"2025-01-08 23:59";ejecutada;12013508-2;"Ana Silva";NO;"Cabaña 13";"Santa Cruz";840000;840000;tarjeta;2024-12-28
;2025-01-02;"2025-01-02 20:00";"2025-01-02 21:00";reservada;13650113-5;"Pedro Rojas";NO;"Cancha Futbolito Techada";"Santiago Centro";35000;0;;
;2025-10-10;"2025-10-10 17:00";"2025-10-10 18:00";ejecutada;18565989-5;"Luis Contreras";NO;"Cancha Basquetbol Aire Libre";Providencia;25000;25000;tarjeta;2025-10-07
;2025-02-07;"2025-02-07 12:00";"2025-02-07 13:00";reservada;6951223-2;"Maria Gonzalez";SI;"Piscina 2";"La Florida";20000;0;;
;2025-07-09;"2025-07-09 00:00";"2025-07-15 23:59";ejecutada;8267419-5;"Pedro Rojas";NO;"Cabaña 15";"Santa Cruz";720000;720000;tarjeta;2025-07-09
;2025-08-05;"2025-08-05 22:00";"2025-08-05 23:00";cancelada;13203913-5;"Maria Gonzalez";SI;"Cancha Futbolito Techada";"Santiago Centro";35000;0;;
;2025-01-11;"2025-01-11 00:00";"2025-01-19 23:59";ejecutada;9087517-5;"Pedro Rojas";SI;"Cabaña 2";"Santa Cruz";960000;960000;transferencia;2025-01-06
;2025-01-20;"2025-01-20 18:00";"2025-01-20 19:00";cancelada;6504014-K;"Luis Contreras";SI;"Cancha Tenis Techada";"Santa Cruz";35000;0;;
;2025-08-09;"2025-08-09 17:00";"2025-08-09 18:00";ejecutada;13288053-0;"Luis Contreras";NO;"Salon Eventos 4";"Santiago Centro";100000;100000;tarjeta;2025-08-09
;2025-04-20;"2025-04-20 15:00";"2025-04-20 16:00";cancelada;19197001-2;"Ana Silva";SI;"Cancha Tenis Techada";"La Florida";35000;0;;
;2025-05-18;"2025-05-18 09:00";"2025-05-18 10:00";reservada;22388037-1;"Luis Contreras";SI;"Cancha Basquetbol Aire Libre X";Providencia;25000;0;;
;2025-01-07;"2025-01-07 22:00";"2025-01-07 23:00";reservada;6126625-9;"Maria Gonzalez";NO;"Piscina 2";"Santiago Centro";20000;0;;
;2025-10-03;"2025-10-03 00:00";"2025-10-05 23:59";reservada;5475559-7;"Luis Contreras";NO;"Cabaña 9";"Santa Cruz";240000;0;;
;2025-08-18;"2025-08-18 08:00";"2025-08-18 09:00";cancelada;16257735-2;"Maria Gonzalez";NO;"Cancha Padel Aire Libre";Providencia;25000;0;;
;2025-01-05;"2025-01-05 22:00";"2025-01-05 23:00";cancelada;17049622-1;"Pedro Rojas";NO;"Cancha Tenis Techada";Providencia;35000;0;;
;2025-06-04;"2025-06-04 15:00";"2025-06-04 16:00";reservada;7997541-9;"Ana Silva";SI;"Piscina 1";"Santiago Centro";20000;0;;
;2025-10-18;"2025-10-18 00:00";"2025-10-19 23:59";reservada;15600733-1;"Luis Contreras";SI;"Cabaña 17";"Santiago Centro";120000;0;;
;2025-01-18;"2025-01-18 00:00";"2025-01-23 23:59";cancelada;17877832-3;"Pedro Rojas";SI;"Cabaña 19";"Santa Cruz";600000;0;;
;2025-02-09;"2025-02-09 20:00";"2025-02-09 21:00";reservada;17623443-1;"Maria Gonzalez";NO;"Cancha Futbolito Aire Libre";"Santa Cruz";25000;0;;
;2025-12-08;"2025-12-08 19:00";"2025-12-08 20:00";cancelada;21217431-9;"Juan Perez";NO;"Restaurant 2";"Santiago Centro";30000;0;;
;2025-08-11;"2025-08-11 00:00";"2025-08-16 23:59";cancelada;15115625-8;"Juan Perez";SI;"Cabaña 13";Providencia;600000;0;;
;2025-06-06;"2025-06-06 00:00";"2025-06-10 23:59";reservada;9087517-5;"Pedro Rojas";SI;"Cabaña 8";"Santiago Centro";480000;0;;
;2025-01-09;"2025-01-09 12:00";"2025-01-09 13:00";cancelada;11450455-6;"Luis Contreras";SI;"Salon Eventos 2";"Santa Cruz";100000;0;;
;2025-05-04;"2025-05-04 00:00";"2025-05-13 23:59";ejecutada;13505604-9;"Ana Silva";NO;"Cabaña 5";"Santiago Centro";1080000;1080000;transferencia;2025-05-01
;2025-10-02;"2025-10-02 09:00";"2025-10-02 10:00";reservada;6504014-K;"Luis Contreras";SI;"Cancha Futbolito Aire Libre";"La Florida";25000;0;;
;2025-02-19;"2025-02-19 00:00";"2025-02-24 23:59";cancelada;5135966-6;"Pedro Rojas";SI;"Cabaña 5";"Santiago Centro";600000;0;;
;2025-08-02;"2025-08-02 00:00";"2025-08-05 23:59";ejecutada;22110547-8;"Maria Gonzalez";SI;"Cabaña 20";"Santa Cruz";360000;360000;efectivo;2025-07-29
;2025-03-01;"2025-03-01 00:00";"2025-03-10 23:59";cancelada;15954986-0;"Maria Gonzalez";NO;"Cabaña 11";Providencia;1080000;0;;
;2025-01-19;"2025-01-19 14:00";"2025-01-19 15:00";ejecutada;6085414-9;"Maria Gonzalez";NO;"Cancha Padel Techada";"Santiago Centro";35000;35000;transferencia;2025-01-18
;2025-10-06;"2025-10-06 00:00";"2025-10-10 23:59";reservada;7479790-3;"Luis Contreras";NO;"Cabaña 12";"Santiago Centro";480000;0;;
;2025-06-16;"2025-06-16 00:00";"2025-06-21 23:59";ejecutada;23939713-1;"Pedro Rojas";SI;"Cabaña 2 X";"La Florida";600000;600000;efectivo;2025-06-11
;2025-07-13;"2025-07-13 22:00";"2025-07-13 23:00";reservada;13914038-9;"Luis Contreras";SI;"Cancha Tenis Aire Libre";"Santiago Centro";25000;0;;
;2025-01-09;"2025-01-09 00:00";"2025-01-11 23:59";cancelada;18754494-7;"Maria Gonzalez";SI;"Cabaña 8";"La Florida";240000;0;;
;2025-09-16;"2025-09-16 14:00";"2025-09-16 15:00";reservada;17914991-5;"Maria Gonzalez";SI;"Piscina 1";Providencia;20000;0;;
;2025-09-17;"2025-09-17 00:00";"2025-09-26 23:59";cancelada;19652678-1;"Juan Perez";SI;"Cabaña 14";Providencia;1080000;0;;
;2025-12-17;"2025-12-17 10:00";"2025-12-17 11:00";cancelada;18053720-1;"Ana Silva";SI;"Cancha Tenis Techada";"Santa Cruz";35000;0;;
;2025-11-08;"2025-11-08 00:00";"2025-11-09 23:59";cancelada;19544570-2;"Maria Gonzalez";SI;"Cabaña 14 X";"Santiago Centro";120000;0;;
;2025-11-09;"2025-11-09 00:00";"2025-11-17 23:59";cancelada;12341381-4;"Luis Contreras";NO;"Cabaña 6";"Santa Cruz";960000;0;;
;2025-03-20;"2025-03-20 00:00";"2025-03-22 23:59";reservada;18646254-8;"Pedro Rojas";NO;"Cabaña 2";"La Florida";240000;0;;
;2025-11-03;"2025-11-03 11:00";"2025-11-03 12:00";reservada;12875377-K;"Maria Gonzalez";NO;"Cancha Tenis Aire Libre";Providencia;25000;0;;
;2025-11-06;"2025-11-06 00:00";"2025-11-12 23:59";ejecutada;12922397-9;"Maria Gonzalez";SI;"Cabaña 10";"Santa Cruz";720000;720000;tarjeta;2025-11-03
;2025-06-09;"2025-06-09 18:00";"2025-06-09 19:00";cancelada;11374837-0;"Maria Gonzalez";NO;"Salon Eventos 3";Providencia;100000;0;;
;2025-08-17;"2025-08-17 00:00";"2025-08-23 23:59";ejecutada;16657576-1;"Luis Contreras";SI;"Cabaña 16";Providencia;720000;720000;efectivo;2025-08-15
;2025-10-12;"2025-10-12 10:00";"2025-10-12 11:00";ejecutada;23021174-4;"Maria Gonzalez";NO;"Salon Eventos 1";"La Florida";100000;100000;transferencia;2025-10-10
;2026-07-08;"2026-07-10 08:30";"2026-07-10 09:30";reservada;20078438-3;"Ana Silva";SI;"Cancha Basquetbol Techada";"Santa Cruz";35000;35000;efectivo;2025-05-31
;2025-10-16;"2025-10-16 20:00";"2025-10-16 21:00";cancelada;6626889-6;"Pedro Rojas";SI;"Cancha Tenis Techada";Providencia;35000;0;;
;2025-01-19;"2025-01-19 14:00";"2025-01-19 15:00";reservada;12080481-2;"Maria Gonzalez";NO;"Restaurant 2";"Santiago Centro";30000;0;;
;2025-06-04;"2025-06-04 20:00";"2025-06-04 21:00";ejecutada;7206185-3;"Luis Contreras";SI;"Piscina 2";Providencia;20000;20000;efectivo;2025-05-30
;2025-12-16;"2025-12-16 00:00";"2025-12-22 23:59";cancelada;21349217-9;"Luis Contreras";SI;"Cabaña 15";"La Florida";720000;0;;
;2025-09-01;"2025-09-01 00:00";"2025-09-11 23:59";reservada;19362869-9;"Luis Contreras";SI;"Cabaña 9";Providencia;1200000;0;;
;2025-12-11;"2025-12-11 00:00";"2025-12-14 23:59";reservada;11738535-3;"Maria Gonzalez";SI;"Cabaña 12";Providencia;360000;0;;
;2025-11-16;"2025-11-16 10:00";"2025-11-16 11:00";cancelada;11247006-9;"Luis Contreras";NO;"Restaurant 2";Providencia;30000;0;;
;2025-09-01;"2025-09-01 00:00";"2025-09-03 23:59";ejecutada;15790934-7;"Maria Gonzalez";SI;"Cabaña 19";"Santa Cruz";240000;240000;efectivo;2025-08-27
;2025-05-16;"2025-05-16 00:00";"2025-05-25 23:59";cancelada;10701917-0;"Pedro Rojas";SI;"Cabaña 11";"Santiago Centro";1080000;0;;
;2025-04-14;"2025-04-14 21:00";"2025-04-14 22:00";reservada;17133976-6;"Juan Perez";NO;"Cancha Basquetbol Aire Libre";"Santa Cruz";25000;0;;
;2025-02-20;"2025-02-20 21:00";"2025-02-20 22:00";cancelada;21178138-6;"Ana Silva";NO;"Restaurant 2";"La Florida";30000;0;;
;2025-01-16;"2025-01-16 00:00";"2025-01-23 23:59";reservada;15819975-0;"Pedro Rojas";SI;"Cabaña 11";"Santiago Centro";840000;0;;
;2025-09-11;"2025-09-11 00:00";"2025-09-12 23:59";reservada;16288155-8;"Ana Silva";NO;"Cabaña 7";"Santa Cruz";120000;0;;
;2025-04-01;"2025-04-01 00:00";"2025-04-08 23:59";reservada;21947907-7;"Maria Gonzalez";SI;"Cabaña 17";Providencia;840000;0;;
;2025-03-12;"2025-03-12 00:00";"2025-03-15 23:59";cancelada;19599688-1;"Juan Perez";SI;"Cabaña 1";Providencia;360000;0;;
;2025-08-20;"2025-08-20 00:00";"2025-08-21 23:59";reservada;13288053-0;"Luis Contreras";NO;"Cabaña 14";"Santiago Centro";120000;0;;
;2025-05-11;"2025-05-11 18:00";"2025-05-11 19:00";ejecutada;21934163-6;"Maria Gonzalez";SI;"Salon Eventos 1";"La Florida";100000;100000;efectivo;2025-05-11
;2025-11-07;"2025-11-07 00:00";"2025-11-12 23:59";ejecutada;16953331-8;"Pedro Rojas";SI;"Cabaña 7";"Santa Cruz";600000;600000;efectivo;2025-11-02
;2025-12-02;"2025-12-02 17:00";"2025-12-02 18:00";reservada;20642956-9;"Ana Silva";SI;"Cancha Futbolito Aire Libre";Providencia;25000;0;;
;2025-11-01;"2025-11-01 00:00";"2025-11-01 12:00";reservada;7735551-0;"Ana Silva";NO;"Cancha Tenis Techada X";"Santiago Centro";35000;0;;
;2025-07-08;"2025-07-08 00:00";"2025-07-18 23:59";reservada;7101185-2;"Pedro Rojas";NO;"Cabaña 4";"Santiago Centro";1200000;0;;
;2025-10-04;"2025-10-04 13:00";"2025-10-04 14:00";reservada;17275270-5;"Pedro Rojas";NO;"Cancha Basquetbol Aire Libre";Providencia;25000;0;;
;2025-12-09;"2025-12-09 00:00";"2025-12-18 23:59";reservada;7479790-3;"Luis Contreras";NO;"Cabaña 5";"Santiago Centro";1080000;0;;
;2025-10-06;"2025-10-06 00:00";"2025-10-16 23:59";ejecutada;21734074-8;"Juan Perez";SI;"Cabaña 6";"Santiago Centro";1200000;1200000;efectivo;2025-10-01
;2025-09-10;"2025-09-10 00:00";"2025-09-15 23:59";ejecutada;15804334-3;"Luis Contreras";NO;"Cabaña 14";"Santa Cruz";600000;600000;tarjeta;2025-09-07
;2025-11-04;"2025-11-04 00:00";"2025-11-14 23:59";reservada;23369020-1;"Ana Silva";SI;"Cabaña 13";Providencia;1200000;0;;
;2025-12-20;"2025-12-20 00:00";"2025-12-28 23:59";cancelada;18728677-8;"Juan Perez";SI;"Cabaña 12";Providencia;960000;0;;
;2025-04-18;"2025-04-18 15:00";"2025-04-18 16:00";ejecutada;9213225-0;"Maria Gonzalez";NO;"Restaurant 1";Providencia;30000;30000;efectivo;2025-04-14
;2025-03-19;"2025-03-19 00:00";"2025-03-24 23:59";ejecutada;6436217-8;"Pedro Rojas";SI;"Cabaña 20";"Santa Cruz";600000;600000;transferencia;2025-03-14
;2025-08-20;"2025-08-20 00:00";"2025-08-20 18:00";ejecutada;7101185-2;"Pedro Rojas";NO;"Salon Eventos 3";Providencia;100000;100000;transferencia;2025-08-18
;2025-10-16;"2025-10-16 15:00";"2025-10-16 16:00";ejecutada;20184378-2;"Pedro Rojas";NO;"Cancha Basquetbol Techada";"Santa Cruz";35000;35000;efectivo;2025-10-16
;2025-05-05;"2025-05-05 21:00";"2025-05-05 22:00";ejecutada;19197001-2;"Ana Silva";NO;"Cancha Padel Techada";"Santiago Centro";35000;35000;tarjeta;2025-05-04
;2025-03-14;"2025-03-14 00:00";"2025-03-17 23:59";reservada;17505864-8;"Maria Gonzalez";SI;"Cabaña 1";"La Florida";360000;0;;
;2025-07-15;"2025-07-15 00:00";"2025-07-16 23:59";ejecutada;13006208-3;"Luis Contreras";NO;"Cabaña 16";"Santa Cruz";120000;120000;efectivo;2025-07-14
;2025-10-03;"2025-10-03 12:00";"2025-10-03 13:00";ejecutada;13897062-0;"Maria Gonzalez";NO;"Cancha Futbolito Techada";"Santa Cruz";35000;35000;efectivo;2025-10-03
;2025-09-09;"2025-09-09 00:00";"2025-09-12 23:59";cancelada;17275270-5;"Pedro Rojas";SI;"Cabaña 15";"La Florida";360000;0;;
;2025-05-01;"2025-05-01 16:00";"2025-05-01 17:00";cancelada;18965892-3;"Juan Perez";SI;"Salon Eventos 1";"Santa Cruz";100000;0;;
;2025-01-08;"2025-01-08 10:00";"2025-01-08 11:00";cancelada;18885368-4;"Maria Gonzalez";SI;"Cancha Tenis Techada X";"La Florida";35000;0;;
;2025-11-18;"2025-11-18 00:00";"2025-11-25 23:59";reservada;20128868-1;"Ana Silva";SI;"Cabaña 19";"Santiago Centro";840000;0;;
;2025-12-04;"2025-12-04 00:00";"2025-12-11 23:59";cancelada;5058687-1;"Ana Silva";SI;"Cabaña 7";Providencia;840000;0;;
;2025-04-19;"2025-04-19 00:00";"2025-04-27 23:59";reservada;9874086-4;"Ana Silva";NO;"Cabaña 15";"Santa Cruz";960000;0;;
;2025-02-02;"2025-02-02 00:00";"2025-02-07 23:59";reservada;9487250-2;"Ana Silva";SI;"Cabaña 10";"La Florida";600000;0;;
;2025-09-05;"2025-09-05 00:00";"2025-09-14 23:59";ejecutada;13532015-3;"Luis Contreras";NO;"Cabaña 5";"Santiago Centro";1080000;1080000;tarjeta;2025-09-02
;2025-09-08;"2025-09-08 16:00";"2025-09-08 17:00";ejecutada;6512346-0;"Maria Gonzalez";SI;"Cancha Padel Aire Libre";"Santa Cruz";25000;25000;efectivo;2025-09-05
;2025-11-18;"2025-11-18 08:00";"2025-11-18 09:00";cancelada;11727551-5;"Maria Gonzalez";SI;"Salon Eventos 3";"Santa Cruz";100000;0;;
;2025-11-18;"2025-11-18 00:00";"2025-11-22 23:59";cancelada;6365576-7;"Juan Perez";SI;"Cabaña 9";"Santiago Centro";480000;0;;
;2025-08-14;"2025-08-14 00:00";"2025-08-24 23:59";reservada;23835968-6;"Juan Perez";NO;"Cabaña 12";Providencia;1200000;0;;
;2025-12-15;"2025-12-15 13:00";"2025-12-15 14:00";cancelada;6504014-K;"Luis Contreras";SI;"Salon Eventos 1";Providencia;100000;0;;
;2025-06-14;"2025-06-14 00:00";"2025-06-21 23:59";ejecutada;22075434-0;"Ana Silva";NO;"Cabaña 15";"Santa Cruz";840000;840000;tarjeta;2025-06-14
;2025-02-11;"2025-02-11 09:00";"2025-02-11 10:00";ejecutada;15819975-0;"Pedro Rojas";NO;"Piscina 2";"La Florida";20000;20000;tarjeta;2025-02-06
;2025-03-19;"2025-03-19 22:00";"2025-03-19 23:00";reservada;23021174-4;"Maria Gonzalez";SI;"Cancha Tenis Techada";Providencia;35000;0;;
;2025-07-12;"2025-07-12 00:00";"2025-07-14 23:59";ejecutada;17553993-K;"Ana Silva";NO;"Cabaña 13";"La Florida";240000;240000;tarjeta;2025-07-11
;2025-05-18;"2025-05-18 09:00";"2025-05-18 10:00";cancelada;16530236-2;"Pedro Rojas";SI;"Piscina 1";"Santa Cruz";20000;0;;
;2026-07-09;"2026-07-11 12:00";"2026-07-21 12:00";reservada;17820790-3;"Juan Perez";NO;"Cabaña 19";"Santiago Centro";1200000;0;;
;2025-06-16;"2025-06-16 00:00";"2025-06-25 23:59";ejecutada;16012079-7;"Ana Silva";NO;"Cabaña 11";Providencia;1080000;1080000;tarjeta;2025-06-16
;2025-03-04;"2025-03-04 11:00";"2025-03-04 12:00";reservada;22256719-K;"Ana Silva";SI;"Restaurant 1";"Santa Cruz";30000;0;;
;2025-07-11;"2025-07-11 00:00";"2025-07-15 23:59";ejecutada;7735551-0;"Ana Silva";SI;"Cabaña 1";"Santa Cruz";480000;480000;transferencia;2025-07-10
;2025-08-02;"2025-08-02 00:00";"2025-08-08 23:59";cancelada;6626889-6;"Pedro Rojas";NO;"Cabaña 15";Providencia;720000;0;;
;2025-12-09;"2025-12-09 12:00";"2025-12-09 13:00";cancelada;18616868-2;"Luis Contreras";NO;"Cancha Futbolito Aire Libre";Providencia;25000;0;;
;2025-11-14;"2025-11-14 00:00";"2025-11-19 23:59";ejecutada;13288053-0;"Luis Contreras";NO;"Cabaña 9";"La Florida";600000;600000;transferencia;2025-11-13
;2025-03-19;"2025-03-19 00:00";"2025-03-26 23:59";cancelada;10119752-2;"Juan Perez";SI;"Cabaña 20";"Santa Cruz";840000;0;;
;2025-05-12;"2025-05-12 00:00";"2025-05-16 23:59";reservada;7660832-6;"Pedro Rojas";NO;"Cabaña 3";Providencia;480000;0;;
;2025-06-10;"2025-06-10 17:00";"2025-06-10 18:00";reservada;17275270-5;"Pedro Rojas";SI;"Cancha Futbolito Aire Libre";"Santiago Centro";25000;0;;
;2025-01-08;"2025-01-08 00:00";"2025-01-16 23:59";reservada;21296743-2;"Pedro Rojas";SI;"Cabaña 19";"La Florida";960000;0;;
;2025-08-01;"2025-08-01 00:00";"2025-08-11 23:59";reservada;5204506-1;"Ana Silva";SI;"Cabaña 17";"La Florida";1200000;0;;
;2025-03-14;"2025-03-14 00:00";"2025-03-22 23:59";cancelada;15499152-2;"Maria Gonzalez";NO;"Cabaña 1";Providencia;960000;0;;
;2025-12-07;"2025-12-07 11:00";"2025-12-07 12:00";ejecutada;5590602-5;"Juan Perez";NO;"Restaurant 2";Providencia;30000;30000;efectivo;2025-12-04
;2025-09-01;"2025-09-01 00:00";"2025-09-02 23:59";reservada;17294352-7;"Ana Silva";NO;"Cabaña 3";"Santa Cruz";120000;0;;
;2025-04-15;"2025-04-15 00:00";"2025-04-17 23:59";reservada;21349217-9;"Luis Contreras";NO;"Cabaña 5";"Santa Cruz";240000;0;;
;2025-07-03;"2025-07-03 00:00";"2025-07-07 23:59";ejecutada;22746919-6;"Maria Gonzalez";NO;"Cabaña 7";"La Florida";480000;480000;transferencia;2025-07-01
;2025-07-20;"2025-07-20 12:00";"2025-07-20 13:00";cancelada;10145466-5;"Pedro Rojas";NO;"Cancha Basquetbol Aire Libre";"Santiago Centro";25000;0;;
;2025-11-14;"2025-11-14 00:00";"2025-11-16 23:59";cancelada;17647891-8;"Maria Gonzalez";NO;"Cabaña 2";"La Florida";240000;0;;
;2025-11-11;"2025-11-11 17:00";"2025-11-11 18:00";cancelada;18242406-4;"Ana Silva";NO;"Piscina 1";"Santiago Centro";20000;0;;
;2025-09-11;"2025-09-11 00:00";"2025-09-14 23:59";ejecutada;10216723-6;"Juan Perez";NO;"Cabaña 13";"Santa Cruz";360000;360000;efectivo;2025-09-08
;2025-02-12;"2025-02-12 14:00";"2025-02-12 15:00";cancelada;5938386-8;"Ana Silva";SI;"Piscina 2";"La Florida";20000;0;;
;2025-03-05;"2025-03-05 00:00";"2025-03-05 12:00";reservada;18147916-7;"Maria Gonzalez";SI;"Restaurant 2";"La Florida";30000;0;;
;2025-07-11;"2025-07-11 00:00";"2025-07-11 13:00";reservada;10272070-9;"Pedro Rojas";SI;"Cancha Tenis Aire Libre X";"Santiago Centro";25000;0;;
;2025-03-11;"2025-03-11 00:00";"2025-03-16 23:59";reservada;7997541-9;"Ana Silva";NO;"Cabaña 13";"La Florida";600000;0;;
;2025-08-12;"2025-08-12 09:00";"2025-08-12 10:00";ejecutada;15447012-3;"Pedro Rojas";NO;"Restaurant 1";"Santiago Centro";30000;30000;tarjeta;2025-08-09
;2025-08-08;"2025-08-08 00:00";"2025-08-13 23:59";ejecutada;11727551-5;"Maria Gonzalez";SI;"Cabaña 15";"Santiago Centro";600000;600000;efectivo;2025-08-07
;2025-01-18;"2025-01-18 19:00";"2025-01-18 20:00";ejecutada;23684083-2;"Pedro Rojas";NO;"Salon Eventos 4";Providencia;100000;100000;transferencia;2025-01-14
;2025-04-15;"2025-04-15 00:00";"2025-04-17 23:59";reservada;17963425-2;"Luis Contreras";SI;"Cabaña 1";Providencia;240000;0;;
;2025-07-04;"2025-07-04 13:00";"2025-07-04 14:00";reservada;13203913-5;"Maria Gonzalez";SI;"Cancha Futbolito Techada";"Santiago Centro";35000;0;;
;2025-02-18;"2025-02-18 00:00";"2025-02-26 23:59";cancelada;12922397-9;"Maria Gonzalez";NO;"Cabaña 13";"La Florida";960000;0;;
;2026-07-04;"2026-07-06 03:30";"2026-07-06 04:30";reservada;6835621-0;"Luis Contreras";SI;"Restaurant 2";"La Florida";30000;0;;
;2025-09-06;"2025-09-06 00:00";"2025-09-14 23:59";cancelada;16094679-2;"Ana Silva";NO;"Cabaña 16";Providencia;960000;0;;
;2025-01-07;"2025-01-07 00:00";"2025-01-12 23:59";cancelada;7130867-7;"Luis Contreras";SI;"Cabaña 3";Providencia;600000;0;;
;2025-11-19;"2025-11-19 17:00";"2025-11-19 18:00";ejecutada;11616558-9;"Maria Gonzalez";SI;"Cancha Padel Aire Libre";"La Florida";25000;25000;tarjeta;2025-11-16
;2025-03-03;"2025-03-03 16:00";"2025-03-03 17:00";reservada;15826885-K;"Juan Perez";SI;"Salon Eventos 1";"Santiago Centro";100000;0;;
;2025-12-20;"2025-12-20 00:00";"2025-12-27 23:59";reservada;24402541-2;"Luis Contreras";NO;"Cabaña 10";"Santa Cruz";840000;0;;
;2025-08-12;"2025-08-12 00:00";"2025-08-15 23:59";ejecutada;5327894-9;"Maria Gonzalez";SI;"Cabaña 15";"La Florida";360000;360000;transferencia;2025-08-12
;2025-07-18;"2025-07-18 19:00";"2025-07-18 20:00";cancelada;9487250-2;"Ana Silva";NO;"Restaurant 1";"La Florida";30000;0;;
;2025-04-06;"2025-04-06 00:00";"2025-04-11 23:59";ejecutada;22746919-6;"Maria Gonzalez";NO;"Cabaña 7";Providencia;600000;600000;tarjeta;2025-04-05
;2025-07-07;"2025-07-07 00:00";"2025-07-15 23:59";cancelada;18568061-4;"Ana Silva";SI;"Cabaña 16";"Santiago Centro";960000;0;;
;2025-04-06;"2025-04-06 00:00";"2025-04-12 23:59";reservada;17820790-3;"Juan Perez";SI;"Cabaña 1";"Santiago Centro";720000;0;;
;2025-06-10;"2025-06-10 00:00";"2025-06-16 23:59";reservada;18147916-7;"Maria Gonzalez";SI;"Cabaña 14";"Santiago Centro";720000;0;;
;2025-10-01;"2025-10-01 21:00";"2025-10-01 22:00";ejecutada;16987649-5;"Maria Gonzalez";SI;"Cancha Tenis Techada";"La Florida";35000;35000;efectivo;2025-10-01
;2025-01-05;"2025-01-05 13:00";"2025-01-05 14:00";reservada;14584200-K;"Pedro Rojas";NO;"Salon Eventos 4";"Santa Cruz";100000;0;;
;2025-12-06;"2025-12-06 00:00";"2025-12-11 23:59";cancelada;8309406-0;"Luis Contreras";NO;"Cabaña 13 X";"Santiago Centro";600000;0;;
;2025-01-01;"2025-01-01 00:00";"2025-01-09 23:59";reservada;16214968-7;"Luis Contreras";SI;"Cabaña 15 X";"Santa Cruz";960000;0;;
;2025-03-05;"2025-03-05 00:00";"2025-03-12 23:59";cancelada;24427724-1;"Maria Gonzalez";NO;"Cabaña 2";"Santa Cruz";840000;0;;
;2025-08-05;"2025-08-05 19:00";"2025-08-05 20:00";cancelada;10289799-4;"Maria Gonzalez";SI;"Cancha Basquetbol Techada X";"Santa Cruz";35000;0;;
;2025-04-06;"2025-04-06 09:00";"2025-04-06 10:00";cancelada;14861266-8;"Ana Silva";NO;"Salon Eventos 3";"Santa Cruz";100000;0;;
;2025-07-02;"2025-07-02 00:00";"2025-07-07 23:59";reservada;15121060-0;"Ana Silva";SI;"Cabaña 7";"La Florida";600000;0;;
;2025-11-06;"2025-11-06 00:00";"2025-11-07 23:59";ejecutada;18910856-7;"Maria Gonzalez";SI;"Cabaña 2";"Santa Cruz";120000;120000;transferencia;2025-11-05
;2025-03-16;"2025-03-16 22:00";"2025-03-16 23:00";cancelada;10145466-5;"Pedro Rojas";NO;"Cancha Padel Aire Libre";Providencia;25000;0;;
;2025-08-10;"2025-08-10 08:00";"2025-08-10 09:00";reservada;13224751-K;"Luis Contreras";NO;"Cancha Basquetbol Techada";"La Florida";35000;0;;
;2025-05-13;"2025-05-13 00:00";"2025-05-19 23:59";reservada;11374837-0;"Maria Gonzalez";NO;"Cabaña 8";Providencia;720000;0;;
;2025-11-06;"2025-11-06 12:00";"2025-11-06 13:00";cancelada;18881160-4;"Pedro Rojas";SI;"Cancha Tenis Aire Libre";"La Florida";25000;0;;
;2025-12-16;"2025-12-16 00:00";"2025-12-22 23:59";reservada;18154120-2;"Maria Gonzalez";NO;"Cabaña 10";"Santiago Centro";720000;0;;
;2025-01-16;"2025-01-16 00:00";"2025-01-22 23:59";ejecutada;19430435-8;"Maria Gonzalez";NO;"Cabaña 20";"Santa Cruz";720000;720000;transferencia;2025-01-11
;2025-02-20;"2025-02-20 00:00";"2025-02-28 23:59";reservada;6440714-7;"Ana Silva";NO;"Cabaña 8";Providencia;960000;0;;
;2025-05-19;"2025-05-19 00:00";"2025-05-28 23:59";cancelada;19211618-K;"Luis Contreras";NO;"Cabaña 12";"Santa Cruz";1080000;0;;
;2025-10-08;"2025-10-08 00:00";"2025-10-18 23:59";ejecutada;19576306-2;"Luis Contreras";SI;"Cabaña 8";"Santa Cruz";1200000;1200000;tarjeta;2025-10-03
;2025-08-14;"2025-08-14 00:00";"2025-08-16 23:59";reservada;9179703-8;"Maria Gonzalez";NO;"Cabaña 11";Providencia;240000;0;;
;2025-03-16;"2025-03-16 12:00";"2025-03-16 13:00";ejecutada;9978267-6;"Pedro Rojas";NO;"Cancha Futbolito Aire Libre";"Santa Cruz";25000;25000;efectivo;2025-03-14
;2025-06-12;"2025-06-12 19:00";"2025-06-12 20:00";reservada;24139677-0;"Ana Silva";SI;"Piscina 1";"La Florida";20000;0;;
;2025-07-11;"2025-07-11 00:00";"2025-07-15 23:59";cancelada;22863706-8;"Luis Contreras";SI;"Cabaña 4";"Santa Cruz";480000;0;;
;2025-10-13;"2025-10-13 00:00";"2025-10-15 23:59";ejecutada;5149595-0;"Maria Gonzalez";NO;"Cabaña 20";"Santiago Centro";240000;240000;efectivo;2025-10-10
;2025-07-11;"2025-07-11 00:00";"2025-07-15 23:59";reservada;5757659-6;"Pedro Rojas";SI;"Cabaña 3";"Santa Cruz";480000;0;;
;2025-12-13;"2025-12-13 09:00";"2025-12-13 10:00";reservada;11219981-0;"Pedro Rojas";SI;"Piscina 1";"La Florida";20000;0;;
;2025-08-17;"2025-08-17 00:00";"2025-08-18 23:59";cancelada;8309406-0;"Luis Contreras";SI;"Cabaña 8";"Santa Cruz";120000;0;;
;2025-05-07;"2025-05-07 00:00";"2025-05-15 23:59";ejecutada;10905503-4;"Pedro Rojas";NO;"Cabaña 10";"La Florida";960000;960000;transferencia;2025-05-03
;2025-02-14;"2025-02-14 00:00";"2025-02-22 23:59";ejecutada;16741119-3;"Luis Contreras";NO;"Cabaña 4";"Santa Cruz";960000;960000;efectivo;2025-02-13
;2025-08-13;"2025-08-13 17:00";"2025-08-13 18:00";reservada;12925543-9;"Maria Gonzalez";NO;"Cancha Padel Techada";Providencia;35000;0;;
;2025-05-01;"2025-05-01 00:00";"2025-05-02 23:59";reservada;11086191-5;"Ana Silva";SI;"Cabaña 6";Providencia;120000;0;;
;2025-02-11;"2025-02-11 15:00";"2025-02-11 16:00";cancelada;13397853-4;"Juan Perez";NO;"Cancha Basquetbol Techada";"Santiago Centro";35000;0;;
;2025-10-02;"2025-10-02 00:00";"2025-10-04 23:59";reservada;24139677-0;"Ana Silva";NO;"Cabaña 11";Providencia;240000;0;;
;2025-05-12;"2025-05-12 00:00";"2025-05-12 11:00";ejecutada;21162735-2;"Juan Perez";NO;"Cancha Tenis Aire Libre";"La Florida";25000;25000;transferencia;2025-05-09
;2025-09-19;"2025-09-19 00:00";"2025-09-23 23:59";cancelada;15562742-5;"Maria Gonzalez";NO;"Cabaña 6";"Santiago Centro";480000;0;;
;2025-04-19;"2025-04-19 00:00";"2025-04-23 23:59";cancelada;6389986-0;"Luis Contreras";NO;"Cabaña 4";"Santa Cruz";480000;0;;
;2025-07-01;"2025-07-01 00:00";"2025-07-03 23:59";ejecutada;15120266-7;"Juan Perez";NO;"Cabaña 19";Providencia;240000;240000;transferencia;2025-06-29
;2025-01-20;"2025-01-20 08:00";"2025-01-20 09:00";reservada;23835968-6;"Juan Perez";SI;"Salon Eventos 4";"Santiago Centro";100000;0;;
;2025-10-16;"2025-10-16 10:00";"2025-10-16 11:00";cancelada;15600733-1;"Luis Contreras";SI;"Piscina 1";"Santa Cruz";20000;0;;
;2025-03-10;"2025-03-10 00:00";"2025-03-14 23:59";ejecutada;13519552-9;"Juan Perez";NO;"Cabaña 5";"La Florida";480000;480000;efectivo;2025-03-10
;2025-12-11;"2025-12-11 00:00";"2025-12-13 23:59";reservada;9298423-0;"Maria Gonzalez";SI;"Cabaña 10";Providencia;240000;0;;
;2025-12-01;"2025-12-01 00:00";"2025-12-03 23:59";ejecutada;10701917-0;"Pedro Rojas";NO;"Cabaña 18";Providencia;240000;240000;transferencia;2025-11-29
;2025-06-11;"2025-06-11 21:00";"2025-06-11 22:00";reservada;17914991-5;"Maria Gonzalez";NO;"Cancha Futbolito Aire Libre";"Santa Cruz";25000;0;;
;2025-11-19;"2025-11-19 00:00";"2025-11-28 23:59";cancelada;15804334-3;"Luis Contreras";NO;"Cabaña 17";"Santa Cruz";1080000;0;;
;2025-06-08;"2025-06-08 00:00";"2025-06-09 23:59";cancelada;22329198-8;"Luis Contreras";SI;"Cabaña 8";"Santiago Centro";120000;0;;
;2025-08-01;"2025-08-01 09:00";"2025-08-01 10:00";ejecutada;15035367-K;"Maria Gonzalez";NO;"Restaurant 2";Providencia;30000;30000;transferencia;2025-07-29
;2025-11-09;"2025-11-09 19:00";"2025-11-09 20:00";reservada;20672079-4;"Juan Perez";NO;"Cancha Basquetbol Aire Libre";"Santa Cruz";25000;0;;
;2025-09-09;"2025-09-09 08:00";"2025-09-09 09:00";cancelada;12913560-3;"Ana Silva";SI;"Cancha Padel Techada";"Santiago Centro";35000;0;;
;2025-09-16;"2025-09-16 00:00";"2025-09-19 23:59";reservada;23451242-0;"Juan Perez";SI;"Cabaña 8 X";"La Florida";360000;0;;
;2025-07-02;"2025-07-02 00:00";"2025-07-06 23:59";reservada;11218435-K;"Luis Contreras";SI;"Cabaña 4";"Santiago Centro";480000;0;;
;2025-02-20;"2025-02-20 08:00";"2025-02-20 09:00";reservada;13554594-5;"Pedro Rojas";NO;"Salon Eventos 3";"La Florida";100000;0;;
;2025-01-13;"2025-01-13 00:00";"2025-01-20 23:59";reservada;16460920-0;"Maria Gonzalez";SI;"Cabaña 11";"Santiago Centro";840000;0;;
;2025-07-12;"2025-07-12 22:00";"2025-07-12 23:00";ejecutada;11616558-9;"Maria Gonzalez";NO;"Cancha Futbolito Aire Libre";"Santa Cruz";25000;25000;transferencia;2025-07-12
;2025-10-05;"2025-10-05 00:00";"2025-10-09 23:59";cancelada;10698937-0;"Pedro Rojas";SI;"Cabaña 12";"Santiago Centro";480000;0;;
;2025-06-06;"2025-06-06 00:00";"2025-06-10 23:59";cancelada;10778324-5;"Luis Contreras";NO;"Cabaña 16";"La Florida";480000;0;;
;2025-11-06;"2025-11-06 09:00";"2025-11-06 10:00";reservada;11218435-K;"Luis Contreras";SI;"Restaurant 2";"Santa Cruz";30000;0;;
;2025-11-14;"2025-11-14 00:00";"2025-11-16 23:59";cancelada;9259413-0;"Luis Contreras";SI;"Cabaña 11";"Santa Cruz";240000;0;;
;2025-11-18;"2025-11-18 14:00";"2025-11-18 15:00";cancelada;10289799-4;"Maria Gonzalez";SI;"Restaurant 2";Providencia;30000;0;;
;2025-04-18;"2025-04-18 08:00";"2025-04-18 09:00";cancelada;13224751-K;"Luis Contreras";SI;"Salon Eventos 3";"La Florida";100000;0;;
;2025-01-04;"2025-01-04 09:00";"2025-01-04 10:00";reservada;7686256-7;"Luis Contreras";SI;"Cancha Basquetbol Techada";"Santiago Centro";35000;0;;
;2025-03-03;"2025-03-03 20:00";"2025-03-03 21:00";reservada;16304937-6;"Juan Perez";SI;"Restaurant 1";"Santa Cruz";30000;0;;
;2025-08-20;"2025-08-20 00:00";"2025-08-29 23:59";cancelada;16759872-2;"Ana Silva";NO;"Cabaña 12";Providencia;1080000;0;;
;2025-01-09;"2025-01-09 00:00";"2025-01-14 23:59";cancelada;23835968-6;"Juan Perez";SI;"Cabaña 4";"Santiago Centro";600000;0;;
;2025-07-17;"2025-07-17 08:00";"2025-07-17 09:00";cancelada;19576306-2;"Luis Contreras";NO;"Piscina 1";Providencia;20000;0;;
;2025-02-19;"2025-02-19 21:00";"2025-02-19 22:00";ejecutada;17911506-9;"Pedro Rojas";NO;"Piscina 2";"Santiago Centro";20000;20000;efectivo;2025-02-15
;2025-09-12;"2025-09-12 00:00";"2025-09-16 23:59";reservada;20408365-7;"Maria Gonzalez";SI;"Cabaña 13";Providencia;480000;0;;
;2025-03-01;"2025-03-01 00:00";"2025-03-07 23:59";cancelada;24427724-1;"Maria Gonzalez";NO;"Cabaña 3";"La Florida";720000;0;;
;2025-03-04;"2025-03-04 17:00";"2025-03-04 18:00";cancelada;16214968-7;"Luis Contreras";SI;"Salon Eventos 4";"Santiago Centro";100000;0;;
;2026-05-01;"2026-05-03 04:30";"2026-05-08 04:30";reservada;10645717-4;"Pedro Rojas";NO;"Cabaña 16";Providencia;600000;0;;
;2025-02-05;"2025-02-05 00:00";"2025-02-13 23:59";reservada;16107528-0;"Juan Perez";SI;"Cabaña 5";"La Florida";960000;0;;
;2025-05-03;"2025-05-03 00:00";"2025-05-04 23:59";reservada;16054257-8;"Luis Contreras";NO;"Cabaña 19";"Santiago Centro";120000;0;;
;2025-01-11;"2025-01-11 13:00";"2025-01-11 14:00";ejecutada;6807678-1;"Pedro Rojas";NO;"Restaurant 1";"Santa Cruz";30000;30000;efectivo;2025-01-06
;2025-09-15;"2025-09-15 15:00";"2025-09-15 16:00";ejecutada;8409701-2;"Pedro Rojas";SI;"Cancha Futbolito Aire Libre";"Santiago Centro";25000;25000;tarjeta;2025-09-11
;2025-03-08;"2025-03-08 00:00";"2025-03-16 23:59";ejecutada;5137322-7;"Juan Perez";SI;"Cabaña 14";"Santa Cruz";960000;960000;transferencia;2025-03-04
;2025-06-15;"2025-06-15 00:00";"2025-06-21 23:59";reservada;20086756-4;"Maria Gonzalez";SI;"Cabaña 17";"Santiago Centro";720000;0;;
;2025-11-13;"2025-11-13 12:00";"2025-11-13 13:00";cancelada;18602114-2;"Juan Perez";NO;"Salon Eventos 1";Providencia;100000;0;;
;2025-01-10;"2025-01-10 00:00";"2025-01-14 23:59";ejecutada;6365576-7;"Juan Perez";SI;"Cabaña 15";"Santa Cruz";480000;480000;tarjeta;2025-01-08
;2025-07-14;"2025-07-14 00:00";"2025-07-22 23:59";ejecutada;17263289-0;"Juan Perez";NO;"Cabaña 14";"Santiago Centro";960000;960000;efectivo;2025-07-11
;2025-07-14;"2025-07-14 00:00";"2025-07-23 23:59";reservada;12592948-6;"Ana Silva";NO;"Cabaña 14";"La Florida";1080000;0;;
;2025-11-17;"2025-11-17 00:00";"2025-11-25 23:59";reservada;19727843-9;"Luis Contreras";NO;"Cabaña 15";"Santiago Centro";960000;0;;
;2025-05-09;"2025-05-09 00:00";"2025-05-16 23:59";cancelada;7261443-7;"Ana Silva";SI;"Cabaña 11";"La Florida";840000;0;;
;2025-06-03;"2025-06-03 00:00";"2025-06-06 23:59";ejecutada;24740663-8;"Luis Contreras";NO;"Cabaña 16";"Santa Cruz";360000;360000;transferencia;2025-05-29
;2025-03-08;"2025-03-08 10:00";"2025-03-08 11:00";ejecutada;8223654-6;"Ana Silva";SI;"Salon Eventos 3";"Santiago Centro";100000;100000;tarjeta;2025-03-06
;2025-12-11;"2025-12-11 00:00";"2025-12-21 23:59";reservada;20914133-7;"Juan Perez";SI;"Cabaña 15";"Santiago Centro";1200000;0;;
;2025-01-20;"2025-01-20 00:00";"2025-01-23 23:59";reservada;5395622-K;"Pedro Rojas";NO;"Cabaña 3";Providencia;360000;0;;
;2025-04-03;"2025-04-03 18:00";"2025-04-03 19:00";reservada;13224751-K;"Luis Contreras";NO;"Piscina 1";"Santa Cruz";20000;0;;
;2025-01-09;"2025-01-09 15:00";"2025-01-09 16:00";ejecutada;8084042-K;"Maria Gonzalez";NO;"Piscina 1";"La Florida";20000;20000;transferencia;2025-01-06
;2025-03-05;"2025-03-05 00:00";"2025-03-13 23:59";reservada;17470694-8;"Pedro Rojas";SI;"Cabaña 17 X";"La Florida";960000;0;;
;2025-10-02;"2025-10-02 00:00";"2025-10-06 23:59";cancelada;18467664-8;"Pedro Rojas";SI;"Cabaña 3";"La Florida";480000;0;;
;2025-03-19;"2025-03-19 12:00";"2025-03-19 13:00";ejecutada;21947907-7;"Maria Gonzalez";NO;"Cancha Basquetbol Aire Libre";Providencia;25000;25000;efectivo;2025-03-14
;2025-11-13;"2025-11-13 00:00";"2025-11-21 23:59";reservada;14843634-7;"Juan Perez";NO;"Cabaña 2";"Santiago Centro";960000;0;;
;2025-10-09;"2025-10-09 00:00";"2025-10-14 23:59";ejecutada;9813420-4;"Maria Gonzalez";SI;"Cabaña 5";"Santiago Centro";600000;600000;transferencia;2025-10-08
;2025-01-01;"2025-01-01 00:00";"2025-01-03 23:59";reservada;23876696-6;"Luis Contreras";NO;"Cabaña 3";"Santiago Centro";240000;0;;
;2025-07-02;"2025-07-02 00:00";"2025-07-03 23:59";reservada;13792450-1;"Juan Perez";NO;"Cabaña 19";"La Florida";120000;0;;
;2025-11-04;"2025-11-04 21:00";"2025-11-04 22:00";reservada;15115625-8;"Juan Perez";SI;"Cancha Basquetbol Techada";"Santiago Centro";35000;0;;
;2025-02-19;"2025-02-19 10:00";"2025-02-19 11:00";cancelada;11627877-4;"Pedro Rojas";NO;"Salon Eventos 2";Providencia;100000;0;;
;2025-01-09;"2025-01-09 00:00";"2025-01-10 23:59";ejecutada;7500349-8;"Pedro Rojas";SI;"Cabaña 3";"Santiago Centro";120000;120000;tarjeta;2025-01-09
;2026-06-09;"2026-06-11 02:00";"2026-06-11 03:00";reservada;17096666-K;"Juan Perez";SI;"Cancha Futbolito Aire Libre";"Santa Cruz";25000;0;;
;2025-05-06;"2025-05-06 00:00";"2025-05-14 23:59";reservada;16214968-7;"Luis Contreras";NO;"Cabaña 16";"La Florida";960000;0;;
;2025-08-13;"2025-08-13 16:00";"2025-08-13 17:00";ejecutada;7500349-8;"Pedro Rojas";NO;"Salon Eventos 3";"Santa Cruz";100000;100000;efectivo;2025-08-09
;2025-03-10;"2025-03-10 00:00";"2025-03-13 23:59";reservada;24027614-3;"Luis Contreras";NO;"Cabaña 20";"Santa Cruz";360000;0;;
;2025-01-06;"2025-01-06 09:00";"2025-01-06 10:00";cancelada;24447412-8;"Juan Perez";SI;"Piscina 2";Providencia;20000;0;;
;2025-10-17;"2025-10-17 13:00";"2025-10-17 14:00";reservada;20727566-2;"Juan Perez";NO;"Cancha Tenis Techada";Providencia;35000;0;;
;2025-07-05;"2025-07-05 15:00";"2025-07-05 16:00";cancelada;20666104-6;"Juan Perez";SI;"Cancha Padel Aire Libre";"Santa Cruz";25000;0;;
;2025-05-04;"2025-05-04 15:00";"2025-05-04 16:00";cancelada;14394380-1;"Pedro Rojas";SI;"Salon Eventos 3";"Santiago Centro";100000;0;;
;2025-03-04;"2025-03-04 00:00";"2025-03-10 23:59";reservada;7607462-3;"Pedro Rojas";SI;"Cabaña 16";"Santiago Centro";720000;0;;
;2025-10-01;"2025-10-01 00:00";"2025-10-09 23:59";cancelada;19161282-5;"Luis Contreras";NO;"Cabaña 8";Providencia;960000;0;;
;2025-03-12;"2025-03-12 13:00";"2025-03-12 14:00";cancelada;7206185-3;"Luis Contreras";NO;"Cancha Futbolito Techada";Providencia;35000;0;;
;2025-02-19;"2025-02-19 22:00";"2025-02-19 23:00";ejecutada;5633053-4;"Maria Gonzalez";SI;"Salon Eventos 1";Providencia;100000;100000;efectivo;2025-02-15
;2025-08-12;"2025-08-12 00:00";"2025-08-20 23:59";reservada;9259413-0;"Luis Contreras";SI;"Cabaña 15";"Santa Cruz";960000;0;;
;2025-09-02;"2025-09-02 00:00";"2025-09-07 23:59";ejecutada;13554594-5;"Pedro Rojas";NO;"Cabaña 12";Providencia;600000;600000;efectivo;2025-09-02
;2025-04-18;"2025-04-18 10:00";"2025-04-18 11:00";reservada;24619463-7;"Ana Silva";SI;"Salon Eventos 2";"La Florida";100000;0;;
;2025-12-17;"2025-12-17 00:00";"2025-12-19 23:59";reservada;17786278-9;"Juan Perez";SI;"Cabaña 11";Providencia;240000;0;;
;2025-10-20;"2025-10-20 00:00";"2025-10-22 23:59";cancelada;19544570-2;"Maria Gonzalez";SI;"Cabaña 10";"La Florida";240000;0;;
;2025-03-08;"2025-03-08 00:00";"2025-03-10 23:59";ejecutada;11616558-9;"Maria Gonzalez";SI;"Cabaña 18 X";Providencia;240000;240000;transferencia;2025-03-04
;2025-07-14;"2025-07-14 14:00";"2025-07-14 15:00";ejecutada;7613535-5;"Ana Silva";SI;"Cancha Tenis Techada";"Santa Cruz";35000;35000;tarjeta;2025-07-11
;2025-11-10;"2025-11-10 00:00";"2025-11-10 21:00";ejecutada;24949712-6;"Luis Contreras";NO;"Salon Eventos 1";"La Florida";100000;100000;efectivo;2025-11-07
;2025-10-17;"2025-10-17 10:00";"2025-10-17 11:00";ejecutada;17914991-5;"Maria Gonzalez";NO;"Salon Eventos 2";"Santiago Centro";100000;100000;efectivo;2025-10-16
;2025-04-17;"2025-04-17 11:00";"2025-04-17 12:00";reservada;24447412-8;"Juan Perez";SI;"Salon Eventos 4";Providencia;100000;0;;
;2025-06-14;"2025-06-14 00:00";"2025-06-23 23:59";cancelada;12192627-K;"Pedro Rojas";NO;"Cabaña 15";"Santa Cruz";1080000;0;;
;2025-02-06;"2025-02-06 12:00";"2025-02-06 13:00";reservada;21454860-7;"Ana Silva";SI;"Cancha Futbolito Aire Libre";Providencia;25000;0;;
;2025-08-17;"2025-08-17 17:00";"2025-08-17 18:00";cancelada;19104958-6;"Pedro Rojas";NO;"Cancha Padel Techada";Providencia;35000;0;;
;2025-10-13;"2025-10-13 20:00";"2025-10-13 21:00";ejecutada;8482497-6;"Ana Silva";SI;"Salon Eventos 3";Providencia;100000;100000;efectivo;2025-10-11
;2025-12-12;"2025-12-12 09:00";"2025-12-12 10:00";ejecutada;17230874-0;"Juan Perez";NO;"Salon Eventos 3";"Santa Cruz";100000;100000;tarjeta;2025-12-07
;2025-02-13;"2025-02-13 10:00";"2025-02-13 11:00";cancelada;22074928-2;"Juan Perez";NO;"Cancha Futbolito Aire Libre";"La Florida";25000;0;;
;2025-02-04;"2025-02-04 00:00";"2025-02-08 23:59";ejecutada;6614380-5;"Luis Contreras";SI;"Cabaña 16";Providencia;480000;480000;efectivo;2025-02-01
;2025-03-18;"2025-03-18 00:00";"2025-03-21 23:59";reservada;20394775-5;"Pedro Rojas";SI;"Cabaña 12";"Santiago Centro";360000;0;;
;2025-09-01;"2025-09-01 19:00";"2025-09-01 20:00";cancelada;13288053-0;"Luis Contreras";NO;"Cancha Futbolito Aire Libre";"Santa Cruz";25000;0;;
;2025-03-09;"2025-03-09 13:00";"2025-03-09 14:00";cancelada;14155657-6;"Pedro Rojas";NO;"Cancha Basquetbol Techada";"Santiago Centro";35000;0;;
;2025-07-09;"2025-07-09 00:00";"2025-07-10 23:59";reservada;24876542-9;"Maria Gonzalez";SI;"Cabaña 17";Providencia;120000;0;;
;2025-03-07;"2025-03-07 00:00";"2025-03-10 23:59";reservada;6491083-3;"Pedro Rojas";SI;"Cabaña 4";"Santa Cruz";360000;0;;
;2025-11-03;"2025-11-03 00:00";"2025-11-04 23:59";reservada;11247006-9;"Luis Contreras";SI;"Cabaña 11";"La Florida";120000;0;;
;2025-11-11;"2025-11-11 00:00";"2025-11-17 23:59";cancelada;6504014-K;"Luis Contreras";SI;"Cabaña 13";"Santa Cruz";720000;0;;
;2025-03-05;"2025-03-05 00:00";"2025-03-09 23:59";cancelada;6559917-1;"Maria Gonzalez";NO;"Cabaña 11";"Santa Cruz";480000;0;;
;2025-04-02;"2025-04-02 00:00";"2025-04-02 22:00";cancelada;6614380-5;"Luis Contreras";NO;"Cancha Padel Techada X";"La Florida";35000;0;;
;2025-02-14;"2025-02-14 12:00";"2025-02-14 13:00";ejecutada;22002174-2;"Luis Contreras";SI;"Cancha Basquetbol Techada";"La Florida";35000;35000;efectivo;2025-02-14
;2025-05-14;"2025-05-14 00:00";"2025-05-20 23:59";reservada;20720307-6;"Luis Contreras";NO;"Cabaña 18";"Santiago Centro";720000;0;;
;2025-12-20;"2025-12-20 00:00";"2025-12-22 23:59";cancelada;13505604-9;"Ana Silva";SI;"Cabaña 4";"Santiago Centro";240000;0;;
;2025-02-15;"2025-02-15 00:00";"2025-02-24 23:59";ejecutada;12568147-6;"Ana Silva";SI;"Cabaña 6";"La Florida";1080000;1080000;tarjeta;2025-02-10
;2025-09-01;"2025-09-01 11:00";"2025-09-01 12:00";reservada;23731597-9;"Juan Perez";SI;"Cancha Tenis Aire Libre";Providencia;25000;0;;
;2025-04-02;"2025-04-02 00:00";"2025-04-12 23:59";ejecutada;17275270-5;"Pedro Rojas";SI;"Cabaña 7";"Santiago Centro";1200000;1200000;efectivo;2025-04-01
;2025-09-17;"2025-09-17 09:00";"2025-09-17 10:00";reservada;12770855-K;"Luis Contreras";NO;"Cancha Basquetbol Aire Libre";"Santa Cruz";25000;0;;
;2025-03-09;"2025-03-09 00:00";"2025-03-19 23:59";reservada;7962885-9;"Juan Perez";NO;"Cabaña 9";"La Florida";1200000;0;;
;2025-11-09;"2025-11-09 20:00";"2025-11-09 21:00";cancelada;13397853-4;"Juan Perez";SI;"Salon Eventos 4";Providencia;100000;0;;
;2025-12-17;"2025-12-17 12:00";"2025-12-17 13:00";reservada;14427366-4;"Luis Contreras";SI;"Salon Eventos 4";"Santiago Centro";100000;0;;
;2025-03-13;"2025-03-13 00:00";"2025-03-23 23:59";cancelada;7715981-9;"Luis Contreras";NO;"Cabaña 10";"Santa Cruz";1200000;0;;
;2025-05-17;"2025-05-17 19:00";"2025-05-17 20:00";reservada;18965892-3;"Juan Perez";SI;"Piscina 1";"Santiago Centro";20000;0;;
;2025-10-09;"2025-10-09 17:00";"2025-10-09 18:00";cancelada;12455581-7;"Ana Silva";NO;"Cancha Padel Aire Libre";"Santa Cruz";25000;0;;
;2025-06-01;"2025-06-01 16:00";"2025-06-01 17:00";cancelada;22074928-2;"Juan Perez";SI;"Salon Eventos 2";"La Florida";100000;0;;
;2025-03-08;"2025-03-08 00:00";"2025-03-17 23:59";ejecutada;7781298-9;"Pedro Rojas";NO;"Cabaña 13";"La Florida";1080000;1080000;transferencia;2025-03-06
;2025-01-01;"2025-01-01 00:00";"2025-01-06 23:59";cancelada;21554696-9;"Maria Gonzalez";NO;"Cabaña 2";"La Florida";600000;0;;
;2025-11-17;"2025-11-17 11:00";"2025-11-17 12:00";reservada;14292034-4;"Luis Contreras";NO;"Cancha Tenis Aire Libre";"Santa Cruz";25000;0;;
;2025-08-03;"2025-08-03 00:00";"2025-08-12 23:59";ejecutada;23811418-7;"Maria Gonzalez";NO;"Cabaña 10";"Santiago Centro";1080000;1080000;efectivo;2025-08-03
;2025-11-08;"2025-11-08 08:00";"2025-11-08 09:00";ejecutada;22885927-3;"Luis Contreras";SI;"Salon Eventos 4";"Santa Cruz";100000;100000;tarjeta;2025-11-04
;2025-05-19;"2025-05-19 00:00";"2025-05-21 23:59";ejecutada;9108775-8;"Ana Silva";NO;"Cabaña 18";Providencia;240000;240000;tarjeta;2025-05-16
;2025-05-14;"2025-05-14 00:00";"2025-05-19 23:59";reservada;8482497-6;"Ana Silva";SI;"Cabaña 9";Providencia;600000;0;;
;2025-09-11;"2025-09-11 16:00";"2025-09-11 17:00";reservada;13534305-6;"Juan Perez";SI;"Cancha Tenis Techada";"Santiago Centro";35000;0;;
;2025-08-20;"2025-08-20 00:00";"2025-08-21 23:59";cancelada;22746919-6;"Maria Gonzalez";NO;"Cabaña 14";"Santa Cruz";120000;0;;
;2025-11-03;"2025-11-03 00:00";"2025-11-04 23:59";ejecutada;18843742-7;"Pedro Rojas";NO;"Cabaña 11";Providencia;120000;120000;transferencia;2025-11-03
;2025-10-18;"2025-10-18 00:00";"2025-10-18 20:00";reservada;15790934-7;"Maria Gonzalez";SI;"Cancha Padel Techada";Providencia;35000;0;;
;2025-07-09;"2025-07-09 10:00";"2025-07-09 11:00";cancelada;24949712-6;"Luis Contreras";SI;"Salon Eventos 4";Providencia;100000;0;;
;2025-02-19;"2025-02-19 00:00";"2025-02-28 23:59";reservada;20194778-2;"Ana Silva";SI;"Cabaña 3";"Santiago Centro";1080000;0;;
;2025-11-06;"2025-11-06 10:00";"2025-11-06 11:00";cancelada;7997541-9;"Ana Silva";NO;"Cancha Basquetbol Techada";Providencia;35000;0;;
;2025-05-13;"2025-05-13 00:00";"2025-05-16 23:59";ejecutada;13505604-9;"Ana Silva";SI;"Cabaña 6";"Santiago Centro";360000;360000;tarjeta;2025-05-11
;2025-09-06;"2025-09-06 00:00";"2025-09-09 23:59";ejecutada;14254375-3;"Pedro Rojas";NO;"Cabaña 4";"Santa Cruz";360000;360000;tarjeta;2025-09-04
;2025-11-07;"2025-11-07 00:00";"2025-11-15 23:59";cancelada;5149595-0;"Maria Gonzalez";NO;"Cabaña 2";"Santiago Centro";960000;0;;
;2025-06-06;"2025-06-06 14:00";"2025-06-06 15:00";cancelada;17820790-3;"Juan Perez";NO;"Piscina 2";"Santiago Centro";20000;0;;
;2025-09-06;"2025-09-06 00:00";"2025-09-12 23:59";ejecutada;9016221-7;"Pedro Rojas";SI;"Cabaña 11";Providencia;720000;720000;tarjeta;2025-09-01
;2025-07-05;"2025-07-05 00:00";"2025-07-08 23:59";ejecutada;24402541-2;"Luis Contreras";SI;"Cabaña 14";"La Florida";360000;360000;tarjeta;2025-07-03
;2025-10-01;"2025-10-01 00:00";"2025-10-06 23:59";reservada;10234889-3;"Pedro Rojas";SI;"Cabaña 7";Providencia;600000;0;;
;2025-05-01;"2025-05-01 00:00";"2025-05-07 23:59";ejecutada;20727566-2;"Juan Perez";SI;"Cabaña 4";Providencia;720000;720000;transferencia;2025-05-01
;2025-09-05;"2025-09-05 00:00";"2025-09-06 23:59";cancelada;15941454-K;"Pedro Rojas";NO;"Cabaña 6";"Santa Cruz";120000;0;;
;2025-10-04;"2025-10-04 18:00";"2025-10-04 19:00";reservada;16460920-0;"Maria Gonzalez";NO;"Cancha Padel Aire Libre";"Santa Cruz";25000;0;;
;2025-11-15;"2025-11-15 00:00";"2025-11-17 23:59";ejecutada;15040048-1;"Juan Perez";NO;"Cabaña 1";"La Florida";240000;240000;tarjeta;2025-11-14
;2025-06-20;"2025-06-20 00:00";"2025-06-30 23:59";cancelada;19430435-8;"Maria Gonzalez";NO;"Cabaña 16";Providencia;1200000;0;;
;2025-04-04;"2025-04-04 00:00";"2025-04-13 23:59";reservada;9874086-4;"Ana Silva";SI;"Cabaña 17";"Santiago Centro";1080000;0;;
;2025-12-11;"2025-12-11 20:00";"2025-12-11 21:00";cancelada;20997181-K;"Juan Perez";SI;"Salon Eventos 3";"La Florida";100000;0;;
;2025-08-05;"2025-08-05 00:00";"2025-08-13 23:59";reservada;16949644-7;"Pedro Rojas";SI;"Cabaña 15";Providencia;960000;0;;
;2025-08-15;"2025-08-15 13:00";"2025-08-15 14:00";reservada;23434952-K;"Pedro Rojas";SI;"Salon Eventos 1";"Santa Cruz";100000;0;;
;2025-11-01;"2025-11-01 00:00";"2025-11-10 23:59";cancelada;22307110-4;"Luis Contreras";SI;"Cabaña 6";Providencia;1080000;0;;
;2025-05-10;"2025-05-10 00:00";"2025-05-11 23:59";cancelada;10578107-5;"Luis Contreras";SI;"Cabaña 18";"Santiago Centro";120000;0;;
;2025-01-06;"2025-01-06 21:00";"2025-01-06 22:00";reservada;24002475-6;"Luis Contreras";NO;"Restaurant 2";"La Florida";30000;0;;
;2025-03-02;"2025-03-02 00:00";"2025-03-04 23:59";ejecutada;5633053-4;"Maria Gonzalez";NO;"Cabaña 18";Providencia;240000;240000;tarjeta;2025-03-01
;2025-11-07;"2025-11-07 19:00";"2025-11-07 20:00";reservada;18647741-3;"Ana Silva";SI;"Piscina 2";"Santa Cruz";20000;0;;
;2025-02-13;"2025-02-13 00:00";"2025-02-19 23:59";ejecutada;16336276-7;"Pedro Rojas";SI;"Cabaña 13";"Santa Cruz";720000;720000;transferencia;2025-02-09
;2025-01-15;"2025-01-15 00:00";"2025-01-24 23:59";ejecutada;13532015-3;"Luis Contreras";NO;"Cabaña 16 X";"Santiago Centro";1080000;1080000;tarjeta;2025-01-13
;2025-04-13;"2025-04-13 08:00";"2025-04-13 09:00";reservada;21162735-2;"Juan Perez";SI;"Salon Eventos 2";Providencia;100000;0;;
;2025-07-10;"2025-07-10 00:00";"2025-07-19 23:59";cancelada;20086756-4;"Maria Gonzalez";SI;"Cabaña 11";"Santiago Centro";1080000;0;;
;2025-09-03;"2025-09-03 00:00";"2025-09-04 23:59";cancelada;15819975-0;"Pedro Rojas";SI;"Cabaña 4";"Santiago Centro";120000;0;;
;2025-12-08;"2025-12-08 00:00";"2025-12-17 23:59";reservada;19652678-1;"Juan Perez";NO;"Cabaña 18 X";"Santa Cruz";1080000;0;;
;2025-11-20;"2025-11-20 00:00";"2025-11-24 23:59";reservada;11414686-2;"Maria Gonzalez";NO;"Cabaña 19";"Santiago Centro";480000;0;;
;2025-07-01;"2025-07-01 00:00";"2025-07-03 23:59";reservada;12013508-2;"Ana Silva";NO;"Cabaña 3";"La Florida";240000;0;;
;2025-03-06;"2025-03-06 17:00";"2025-03-06 18:00";ejecutada;6085414-9;"Maria Gonzalez";SI;"Cancha Futbolito Techada";"Santa Cruz";35000;35000;tarjeta;2025-03-06
;2025-10-06;"2025-10-06 00:00";"2025-10-11 23:59";ejecutada;5643136-5;"Juan Perez";SI;"Cabaña 15";"Santiago Centro";600000;600000;efectivo;2025-10-04
;2025-05-09;"2025-05-09 12:00";"2025-05-09 13:00";cancelada;16460920-0;"Maria Gonzalez";SI;"Cancha Tenis Aire Libre";"Santa Cruz";25000;0;;
;2025-01-01;"2025-01-01 19:00";"2025-01-01 20:00";ejecutada;15878471-8;"Maria Gonzalez";NO;"Cancha Basquetbol Aire Libre";"Santa Cruz";25000;25000;transferencia;2024-12-29
;2025-07-05;"2025-07-05 00:00";"2025-07-14 23:59";reservada;21861927-4;"Pedro Rojas";SI;"Cabaña 6";"La Florida";1080000;0;;
;2025-08-04;"2025-08-04 15:00";"2025-08-04 16:00";cancelada;13547030-9;"Ana Silva";SI;"Salon Eventos 4";"La Florida";100000;0;;
;2025-09-19;"2025-09-19 12:00";"2025-09-19 13:00";cancelada;7415624-K;"Juan Perez";NO;"Cancha Padel Aire Libre";"Santiago Centro";25000;0;;
;2025-04-10;"2025-04-10 14:00";"2025-04-10 15:00";cancelada;9183641-6;"Maria Gonzalez";SI;"Salon Eventos 3";"Santa Cruz";100000;0;;
;2025-11-13;"2025-11-13 00:00";"2025-11-13 16:00";cancelada;24639890-9;"Luis Contreras";NO;"Cancha Basquetbol Aire Libre X";"Santa Cruz";25000;0;;
;2025-01-01;"2025-01-01 00:00";"2025-01-03 23:59";reservada;14294949-0;"Ana Silva";SI;"Cabaña 20";"Santa Cruz";240000;0;;
;2025-07-08;"2025-07-08 00:00";"2025-07-18 23:59";cancelada;24831420-6;"Luis Contreras";SI;"Cabaña 11";"Santiago Centro";1200000;0;;
;2026-05-21;"2026-05-23 00:00";"2026-05-23 01:00";reservada;13792450-1;"Juan Perez";NO;"Cancha Padel Aire Libre";Providencia;25000;0;;
;2025-04-07;"2025-04-07 00:00";"2025-04-11 23:59";cancelada;18053720-1;"Ana Silva";SI;"Cabaña 17";Providencia;480000;0;;
;2025-06-01;"2025-06-01 16:00";"2025-06-01 17:00";ejecutada;5058687-1;"Ana Silva";NO;"Cancha Basquetbol Aire Libre";"La Florida";25000;25000;tarjeta;2025-05-30
;2026-05-09;"2026-05-11 03:00";"2026-05-11 04:00";reservada;21773123-2;"Luis Contreras";SI;"Cancha Padel Aire Libre";"Santa Cruz";25000;0;;
;2025-06-16;"2025-06-16 00:00";"2025-06-21 23:59";ejecutada;14292034-4;"Luis Contreras";SI;"Cabaña 15";Providencia;600000;600000;efectivo;2025-06-14
;2025-04-19;"2025-04-19 10:00";"2025-04-19 11:00";ejecutada;17623443-1;"Maria Gonzalez";NO;"Salon Eventos 4";"Santiago Centro";100000;100000;tarjeta;2025-04-17
;2025-12-17;"2025-12-17 14:00";"2025-12-17 15:00";ejecutada;5137322-7;"Juan Perez";SI;"Restaurant 1";"Santiago Centro";30000;30000;transferencia;2025-12-13
;2025-11-08;"2025-11-08 00:00";"2025-11-12 23:59";ejecutada;11218435-K;"Luis Contreras";NO;"Cabaña 5";"Santiago Centro";480000;480000;efectivo;2025-11-05
;2025-12-01;"2025-12-01 00:00";"2025-12-09 23:59";reservada;20666104-6;"Juan Perez";SI;"Cabaña 8 X";Providencia;960000;0;;
;2025-01-10;"2025-01-10 00:00";"2025-01-13 23:59";ejecutada;6126593-7;"Juan Perez";SI;"Cabaña 7";Providencia;360000;360000;tarjeta;2025-01-10
;2025-12-07;"2025-12-07 11:00";"2025-12-07 12:00";cancelada;20928234-8;"Pedro Rojas";NO;"Salon Eventos 3";Providencia;100000;0;;
;2025-07-01;"2025-07-01 00:00";"2025-07-07 23:59";reservada;9108775-8;"Ana Silva";SI;"Cabaña 10";"Santiago Centro";720000;0;;
;2025-02-07;"2025-02-07 00:00";"2025-02-07 16:00";ejecutada;9269949-8;"Ana Silva";SI;"Cancha Futbolito Techada X";Providencia;35000;35000;transferencia;2025-02-05
;2025-12-05;"2025-12-05 00:00";"2025-12-11 23:59";cancelada;10949220-5;"Maria Gonzalez";NO;"Cabaña 3";"Santa Cruz";720000;0;;
;2025-03-12;"2025-03-12 21:00";"2025-03-12 22:00";cancelada;16304937-6;"Juan Perez";NO;"Restaurant 1";"La Florida";30000;0;;
;2025-04-10;"2025-04-10 12:00";"2025-04-10 13:00";cancelada;12774842-K;"Ana Silva";SI;"Cancha Tenis Aire Libre";"Santa Cruz";25000;0;;
;2025-08-02;"2025-08-02 00:00";"2025-08-12 23:59";ejecutada;7613535-5;"Ana Silva";NO;"Cabaña 4";Providencia;1200000;1200000;efectivo;2025-07-31
;2025-04-12;"2025-04-12 00:00";"2025-04-21 23:59";ejecutada;5149595-0;"Maria Gonzalez";SI;"Cabaña 6";"Santiago Centro";1080000;1080000;tarjeta;2025-04-12
;2025-12-15;"2025-12-15 09:00";"2025-12-15 10:00";reservada;6126593-7;"Juan Perez";NO;"Cancha Basquetbol Techada";"La Florida";35000;0;;
;2025-01-10;"2025-01-10 16:00";"2025-01-10 17:00";cancelada;15440317-5;"Ana Silva";SI;"Salon Eventos 2";"La Florida";100000;0;;
;2025-07-18;"2025-07-18 19:00";"2025-07-18 20:00";reservada;24619463-7;"Ana Silva";SI;"Salon Eventos 3";Providencia;100000;0;;
;2025-06-18;"2025-06-18 11:00";"2025-06-18 12:00";cancelada;18728677-8;"Juan Perez";SI;"Cancha Padel Techada";"Santa Cruz";35000;0;;
;2025-05-16;"2025-05-16 20:00";"2025-05-16 21:00";cancelada;8223654-6;"Ana Silva";SI;"Piscina 2";"Santiago Centro";20000;0;;
;2025-12-05;"2025-12-05 12:00";"2025-12-05 13:00";cancelada;15838325-K;"Maria Gonzalez";SI;"Piscina 2";Providencia;20000;0;;
;2025-09-03;"2025-09-03 00:00";"2025-09-08 23:59";reservada;17133976-6;"Juan Perez";NO;"Cabaña 6";"Santa Cruz";600000;0;;
;2025-09-14;"2025-09-14 13:00";"2025-09-14 14:00";cancelada;15878471-8;"Maria Gonzalez";NO;"Piscina 1";"Santiago Centro";20000;0;;
;2025-01-19;"2025-01-19 00:00";"2025-01-23 23:59";reservada;14379507-1;"Juan Perez";NO;"Cabaña 9";"La Florida";480000;0;;
;2025-05-16;"2025-05-16 15:00";"2025-05-16 16:00";ejecutada;16657576-1;"Luis Contreras";NO;"Cancha Futbolito Aire Libre";"La Florida";25000;25000;efectivo;2025-05-16
;2025-04-16;"2025-04-16 15:00";"2025-04-16 16:00";cancelada;24402541-2;"Luis Contreras";SI;"Piscina 1";Providencia;20000;0;;
;2025-09-15;"2025-09-15 00:00";"2025-09-17 23:59";cancelada;22287381-9;"Ana Silva";NO;"Cabaña 8";"La Florida";240000;0;;
;2025-08-03;"2025-08-03 22:00";"2025-08-03 23:00";cancelada;14861266-8;"Ana Silva";SI;"Cancha Basquetbol Techada";"La Florida";35000;0;;
;2025-05-02;"2025-05-02 00:00";"2025-05-03 23:59";reservada;18396692-8;"Juan Perez";NO;"Cabaña 13";Providencia;120000;0;;
;2025-05-08;"2025-05-08 00:00";"2025-05-18 23:59";ejecutada;22746919-6;"Maria Gonzalez";NO;"Cabaña 9";"Santiago Centro";1200000;1200000;transferencia;2025-05-05
;2025-04-08;"2025-04-08 00:00";"2025-04-10 23:59";reservada;7826282-6;"Maria Gonzalez";SI;"Cabaña 1";Providencia;240000;0;;
;2025-09-10;"2025-09-10 21:00";"2025-09-10 22:00";reservada;14843634-7;"Juan Perez";NO;"Piscina 2";Providencia;20000;0;;
;2025-04-05;"2025-04-05 00:00";"2025-04-08 23:59";ejecutada;17049622-1;"Pedro Rojas";SI;"Cabaña 13";Providencia;360000;360000;tarjeta;2025-04-02
;2025-01-13;"2025-01-13 00:00";"2025-01-14 23:59";reservada;22381571-5;"Juan Perez";NO;"Cabaña 15";"Santa Cruz";120000;0;;
;2025-11-17;"2025-11-17 00:00";"2025-11-19 23:59";cancelada;24090729-1;"Pedro Rojas";SI;"Cabaña 4";Providencia;240000;0;;
;2025-08-01;"2025-08-01 00:00";"2025-08-10 23:59";ejecutada;21934163-6;"Maria Gonzalez";NO;"Cabaña 4";"Santa Cruz";1080000;1080000;transferencia;2025-08-01
;2025-09-15;"2025-09-15 00:00";"2025-09-17 23:59";reservada;21454860-7;"Ana Silva";SI;"Cabaña 10";"Santiago Centro";240000;0;;
;2025-06-02;"2025-06-02 00:00";"2025-06-08 23:59";ejecutada;7206185-3;"Luis Contreras";NO;"Cabaña 18";"Santiago Centro";720000;720000;efectivo;2025-06-02
;2025-06-05;"2025-06-05 00:00";"2025-06-09 23:59";cancelada;18616868-2;"Luis Contreras";NO;"Cabaña 15";"Santa Cruz";480000;0;;
;2025-12-07;"2025-12-07 20:00";"2025-12-07 21:00";ejecutada;19197001-2;"Ana Silva";NO;"Cancha Tenis Aire Libre X";"Santiago Centro";25000;25000;efectivo;2025-12-07
;2025-04-01;"2025-04-01 00:00";"2025-04-02 23:59";ejecutada;10698937-0;"Pedro Rojas";NO;"Cabaña 14";"La Florida";120000;120000;transferencia;2025-03-28
;2025-04-03;"2025-04-03 10:00";"2025-04-03 11:00";cancelada;15035367-K;"Maria Gonzalez";NO;"Cancha Tenis Techada";"La Florida";35000;0;;
;2025-11-02;"2025-11-02 00:00";"2025-11-09 23:59";cancelada;24536401-6;"Luis Contreras";SI;"Cabaña 13";"Santa Cruz";840000;0;;
;2025-03-12;"2025-03-12 00:00";"2025-03-21 23:59";reservada;22075434-0;"Ana Silva";SI;"Cabaña 14";"La Florida";1080000;0;;
;2025-08-13;"2025-08-13 00:00";"2025-08-17 23:59";ejecutada;16564154-K;"Juan Perez";NO;"Cabaña 20";Providencia;480000;480000;transferencia;2025-08-13
;2025-10-17;"2025-10-17 00:00";"2025-10-18 23:59";reservada;17505864-8;"Maria Gonzalez";NO;"Cabaña 8";"Santa Cruz";120000;0;;
;2025-04-04;"2025-04-04 16:00";"2025-04-04 17:00";cancelada;15148285-6;"Luis Contreras";NO;"Cancha Padel Techada";"La Florida";35000;0;;
;2025-04-13;"2025-04-13 00:00";"2025-04-21 23:59";cancelada;23498184-6;"Juan Perez";SI;"Cabaña 16";"Santa Cruz";960000;0;;
;2025-11-13;"2025-11-13 10:00";"2025-11-13 11:00";reservada;9203394-5;"Luis Contreras";NO;"Salon Eventos 3";"Santa Cruz";100000;0;;
;2025-07-06;"2025-07-06 15:00";"2025-07-06 16:00";ejecutada;8223654-6;"Ana Silva";NO;"Cancha Futbolito Techada";"Santiago Centro";35000;35000;tarjeta;2025-07-05
;2025-10-05;"2025-10-05 00:00";"2025-10-09 23:59";reservada;24505775-K;"Maria Gonzalez";NO;"Cabaña 17";"La Florida";480000;0;;
;2025-05-17;"2025-05-17 00:00";"2025-05-18 23:59";reservada;12892449-3;"Pedro Rojas";SI;"Cabaña 12";"La Florida";120000;0;;
;2025-02-19;"2025-02-19 22:00";"2025-02-19 23:00";cancelada;15838325-K;"Maria Gonzalez";NO;"Cancha Tenis Techada";Providencia;35000;0;;
;2025-02-14;"2025-02-14 22:00";"2025-02-14 23:00";reservada;14843634-7;"Juan Perez";SI;"Cancha Padel Aire Libre";"Santiago Centro";25000;0;;
;2025-06-02;"2025-06-02 13:00";"2025-06-02 14:00";reservada;19576306-2;"Luis Contreras";NO;"Cancha Padel Techada";"Santiago Centro";35000;0;;
;2025-06-02;"2025-06-02 17:00";"2025-06-02 18:00";ejecutada;17553993-K;"Ana Silva";SI;"Salon Eventos 4";Providencia;100000;100000;tarjeta;2025-06-02
;2025-04-18;"2025-04-18 09:00";"2025-04-18 10:00";cancelada;24002475-6;"Luis Contreras";SI;"Cancha Futbolito Techada";"Santa Cruz";35000;0;;
;2025-07-08;"2025-07-08 16:00";"2025-07-08 17:00";reservada;23457711-5;"Luis Contreras";NO;"Restaurant 2";"Santa Cruz";30000;0;;
;2025-10-06;"2025-10-06 00:00";"2025-10-15 23:59";cancelada;18933016-2;"Juan Perez";SI;"Cabaña 10";"La Florida";1080000;0;;
;2025-03-17;"2025-03-17 21:00";"2025-03-17 22:00";ejecutada;13006129-K;"Pedro Rojas";SI;"Salon Eventos 1";Providencia;100000;100000;tarjeta;2025-03-16
;2025-05-04;"2025-05-04 09:00";"2025-05-04 10:00";cancelada;18646254-8;"Pedro Rojas";SI;"Salon Eventos 2";"Santa Cruz";100000;0;;
;2025-08-20;"2025-08-20 13:00";"2025-08-20 14:00";reservada;23491307-7;"Maria Gonzalez";SI;"Cancha Basquetbol Aire Libre";"Santiago Centro";25000;0;;
;2025-01-12;"2025-01-12 00:00";"2025-01-12 16:00";cancelada;6973970-9;"Pedro Rojas";NO;"Salon Eventos 2";"La Florida";100000;0;;
;2025-03-13;"2025-03-13 22:00";"2025-03-13 23:00";reservada;10478754-1;"Pedro Rojas";SI;"Cancha Futbolito Aire Libre";"La Florida";25000;0;;
;2025-02-16;"2025-02-16 00:00";"2025-02-20 23:59";reservada;15594513-3;"Pedro Rojas";NO;"Cabaña 19";"Santiago Centro";480000;0;;
;2025-10-19;"2025-10-19 00:00";"2025-10-21 23:59";cancelada;23939824-3;"Juan Perez";NO;"Cabaña 16";"Santa Cruz";240000;0;;
;2025-06-15;"2025-06-15 00:00";"2025-06-20 23:59";ejecutada;19443419-7;"Pedro Rojas";SI;"Cabaña 6";Providencia;600000;600000;tarjeta;2025-06-11
;2025-03-10;"2025-03-10 00:00";"2025-03-14 23:59";ejecutada;16094679-2;"Ana Silva";NO;"Cabaña 1";"Santa Cruz";480000;480000;efectivo;2025-03-05
;2025-12-15;"2025-12-15 22:00";"2025-12-15 23:00";reservada;21162735-2;"Juan Perez";NO;"Cancha Tenis Techada";"La Florida";35000;0;;
;2025-04-11;"2025-04-11 19:00";"2025-04-11 20:00";cancelada;20328291-5;"Juan Perez";NO;"Restaurant 2";Providencia;30000;0;;
;2025-02-02;"2025-02-02 14:00";"2025-02-02 15:00";ejecutada;21863652-7;"Luis Contreras";NO;"Cancha Futbolito Aire Libre";"Santiago Centro";25000;25000;transferencia;2025-02-01
;2025-08-09;"2025-08-09 00:00";"2025-08-12 23:59";cancelada;19652678-1;"Juan Perez";NO;"Cabaña 20";"Santiago Centro";360000;0;;
;2025-11-20;"2025-11-20 10:00";"2025-11-20 11:00";reservada;6951223-2;"Maria Gonzalez";SI;"Cancha Tenis Techada";"Santa Cruz";35000;0;;
;2025-11-12;"2025-11-12 00:00";"2025-11-14 23:59";reservada;19715915-4;"Luis Contreras";SI;"Cabaña 15";"Santiago Centro";240000;0;;
;2025-05-04;"2025-05-04 13:00";"2025-05-04 14:00";ejecutada;19048151-4;"Ana Silva";NO;"Cancha Tenis Techada";Providencia;35000;35000;transferencia;2025-05-02
;2025-03-16;"2025-03-16 00:00";"2025-03-19 23:59";ejecutada;6126593-7;"Juan Perez";NO;"Cabaña 12";"La Florida";360000;360000;transferencia;2025-03-16
;2025-09-12;"2025-09-12 00:00";"2025-09-13 23:59";reservada;22812135-5;"Ana Silva";NO;"Cabaña 19";"La Florida";120000;0;;
;2025-09-07;"2025-09-07 20:00";"2025-09-07 21:00";ejecutada;9354610-5;"Luis Contreras";SI;"Cancha Basquetbol Aire Libre";"La Florida";25000;25000;tarjeta;2025-09-07
;2025-05-13;"2025-05-13 00:00";"2025-05-19 23:59";cancelada;21793681-0;"Juan Perez";SI;"Cabaña 14";"Santiago Centro";720000;0;;
;2025-02-10;"2025-02-10 00:00";"2025-02-19 23:59";reservada;24981138-6;"Juan Perez";NO;"Cabaña 4";"Santiago Centro";1080000;0;;
;2025-06-19;"2025-06-19 21:00";"2025-06-19 22:00";ejecutada;18616868-2;"Luis Contreras";NO;"Restaurant 1";"La Florida";30000;30000;tarjeta;2025-06-16
;2025-02-11;"2025-02-11 00:00";"2025-02-19 23:59";ejecutada;10645717-4;"Pedro Rojas";SI;"Cabaña 14";"Santa Cruz";960000;960000;transferencia;2025-02-10
;2025-09-02;"2025-09-02 00:00";"2025-09-02 12:00";ejecutada;22746919-6;"Maria Gonzalez";NO;"Cancha Futbolito Aire Libre";"La Florida";25000;25000;tarjeta;2025-08-30
;2025-10-13;"2025-10-13 14:00";"2025-10-13 15:00";reservada;23250659-8;"Maria Gonzalez";SI;"Cancha Basquetbol Techada";"Santiago Centro";35000;0;;
;2025-01-09;"2025-01-09 00:00";"2025-01-15 23:59";reservada;16530236-2;"Pedro Rojas";NO;"Cabaña 13";Providencia;720000;0;;
;2025-06-01;"2025-06-01 09:00";"2025-06-01 10:00";reservada;10949220-5;"Maria Gonzalez";NO;"Salon Eventos 1";"Santiago Centro";100000;0;;
;2025-08-18;"2025-08-18 10:00";"2025-08-18 11:00";reservada;15499152-2;"Maria Gonzalez";SI;"Cancha Basquetbol Aire Libre";"Santiago Centro";25000;0;;
;2025-08-01;"2025-08-01 09:00";"2025-08-01 10:00";ejecutada;24427724-1;"Maria Gonzalez";NO;"Cancha Basquetbol Techada";"La Florida";35000;35000;transferencia;2025-07-27
;2025-08-19;"2025-08-19 12:00";"2025-08-19 13:00";reservada;23369020-1;"Ana Silva";NO;"Salon Eventos 2";Providencia;100000;0;;
;2025-08-12;"2025-08-12 22:00";"2025-08-12 23:00";reservada;14756759-6;"Juan Perez";SI;"Cancha Basquetbol Techada";"La Florida";35000;0;;
;2025-09-18;"2025-09-18 19:00";"2025-09-18 20:00";reservada;17911506-9;"Pedro Rojas";NO;"Salon Eventos 1";"Santa Cruz";100000;0;;
;2025-01-09;"2025-01-09 10:00";"2025-01-09 11:00";ejecutada;24949712-6;"Luis Contreras";SI;"Salon Eventos 3";"Santa Cruz";100000;100000;tarjeta;2025-01-09
;2025-02-18;"2025-02-18 10:00";"2025-02-18 11:00";reservada;21156024-K;"Maria Gonzalez";NO;"Cancha Tenis Aire Libre";"Santiago Centro";25000;0;;
;2025-04-03;"2025-04-03 00:00";"2025-04-08 23:59";reservada;9354610-5;"Luis Contreras";SI;"Cabaña 3";"Santiago Centro";600000;0;;
;2025-11-14;"2025-11-14 16:00";"2025-11-14 17:00";ejecutada;7130867-7;"Luis Contreras";NO;"Cancha Basquetbol Aire Libre";"Santiago Centro";25000;25000;tarjeta;2025-11-09
;2025-02-01;"2025-02-01 00:00";"2025-02-05 23:59";cancelada;15148285-6;"Luis Contreras";SI;"Cabaña 15";"La Florida";480000;0;;
;2025-02-03;"2025-02-03 08:00";"2025-02-03 09:00";reservada;22852757-2;"Ana Silva";SI;"Cancha Tenis Aire Libre";"Santa Cruz";25000;0;;
;2025-05-15;"2025-05-15 18:00";"2025-05-15 19:00";cancelada;5475559-7;"Luis Contreras";SI;"Salon Eventos 4";"La Florida";100000;0;;
;2025-11-05;"2025-11-05 17:00";"2025-11-05 18:00";ejecutada;10119752-2;"Juan Perez";SI;"Cancha Padel Aire Libre";"Santiago Centro";25000;25000;efectivo;2025-10-31
;2025-12-10;"2025-12-10 00:00";"2025-12-12 23:59";cancelada;13397853-4;"Juan Perez";NO;"Cabaña 9";"Santa Cruz";240000;0;;
;2025-01-03;"2025-01-03 17:00";"2025-01-03 18:00";reservada;11414686-2;"Maria Gonzalez";NO;"Piscina 2";Providencia;20000;0;;
;2025-02-01;"2025-02-01 00:00";"2025-02-02 23:59";reservada;23250659-8;"Maria Gonzalez";NO;"Cabaña 20";"La Florida";120000;0;;
;2025-06-01;"2025-06-01 00:00";"2025-06-10 23:59";reservada;16451339-4;"Pedro Rojas";NO;"Cabaña 14";"Santiago Centro";1080000;0;;
;2025-07-04;"2025-07-04 00:00";"2025-07-09 23:59";cancelada;8309406-0;"Luis Contreras";NO;"Cabaña 8";"Santiago Centro";600000;0;;
;2025-10-09;"2025-10-09 00:00";"2025-10-10 23:59";reservada;5149595-0;"Maria Gonzalez";SI;"Cabaña 16";"Santa Cruz";120000;0;;
;2025-05-20;"2025-05-20 00:00";"2025-05-30 23:59";reservada;13534305-6;"Juan Perez";NO;"Cabaña 11";"La Florida";1200000;0;;
;2025-10-02;"2025-10-02 19:00";"2025-10-02 20:00";ejecutada;22110547-8;"Maria Gonzalez";SI;"Salon Eventos 2";"Santiago Centro";100000;100000;efectivo;2025-10-02
;2025-06-20;"2025-06-20 00:00";"2025-06-28 23:59";reservada;11862631-1;"Ana Silva";NO;"Cabaña 20";"Santa Cruz";960000;0;;
;2025-02-02;"2025-02-02 21:00";"2025-02-02 22:00";cancelada;13233936-8;"Maria Gonzalez";NO;"Salon Eventos 2";"Santa Cruz";100000;0;;
;2025-04-06;"2025-04-06 15:00";"2025-04-06 16:00";ejecutada;10679568-1;"Luis Contreras";NO;"Salon Eventos 2";Providencia;100000;100000;tarjeta;2025-04-06
;2025-03-02;"2025-03-02 00:00";"2025-03-06 23:59";ejecutada;9226402-5;"Ana Silva";NO;"Cabaña 20";"Santa Cruz";480000;480000;transferencia;2025-02-28
;2025-07-13;"2025-07-13 19:00";"2025-07-13 20:00";cancelada;15047491-4;"Ana Silva";SI;"Piscina 2";Providencia;20000;0;;
;2025-02-09;"2025-02-09 00:00";"2025-02-15 23:59";ejecutada;14756759-6;"Juan Perez";NO;"Cabaña 9";Providencia;720000;720000;transferencia;2025-02-09
;2025-09-03;"2025-09-03 00:00";"2025-09-13 23:59";ejecutada;12756727-1;"Luis Contreras";SI;"Cabaña 14";Providencia;1200000;1200000;transferencia;2025-09-02
;2025-12-10;"2025-12-10 09:00";"2025-12-10 10:00";reservada;20812193-6;"Pedro Rojas";SI;"Cancha Tenis Aire Libre";"La Florida";25000;0;;
;2025-03-16;"2025-03-16 18:00";"2025-03-16 19:00";cancelada;17506787-6;"Pedro Rojas";SI;"Piscina 1";Providencia;20000;0;;
;2025-06-04;"2025-06-04 00:00";"2025-06-07 23:59";ejecutada;6085414-9;"Maria Gonzalez";SI;"Cabaña 15";"Santa Cruz";360000;360000;tarjeta;2025-06-03
;2025-10-18;"2025-10-18 00:00";"2025-10-27 23:59";reservada;19576306-2;"Luis Contreras";SI;"Cabaña 18";Providencia;1080000;0;;
;2025-07-02;"2025-07-02 00:00";"2025-07-07 23:59";reservada;15338995-0;"Ana Silva";SI;"Cabaña 10";Providencia;600000;0;;
;2025-04-01;"2025-04-01 00:00";"2025-04-01 20:00";reservada;19430435-8;"Maria Gonzalez";NO;"Salon Eventos 1";"La Florida";100000;0;;
;2025-08-13;"2025-08-13 19:00";"2025-08-13 20:00";ejecutada;6204457-8;"Luis Contreras";SI;"Cancha Basquetbol Aire Libre";Providencia;25000;25000;tarjeta;2025-08-09
;2025-04-05;"2025-04-05 22:00";"2025-04-05 23:00";reservada;15121060-0;"Ana Silva";NO;"Cancha Futbolito Aire Libre";"Santiago Centro";25000;0;;
;2025-04-12;"2025-04-12 00:00";"2025-04-13 23:59";ejecutada;9843733-9;"Maria Gonzalez";SI;"Cabaña 6";"Santa Cruz";120000;120000;tarjeta;2025-04-08
;2025-03-20;"2025-03-20 00:00";"2025-03-25 23:59";reservada;22703981-7;"Juan Perez";NO;"Cabaña 10";Providencia;600000;0;;
;2025-12-18;"2025-12-18 00:00";"2025-12-21 23:59";reservada;16257735-2;"Maria Gonzalez";SI;"Cabaña 5";"Santa Cruz";360000;0;;
;2025-06-16;"2025-06-16 00:00";"2025-06-20 23:59";ejecutada;10776000-8;"Luis Contreras";SI;"Cabaña 12";"Santiago Centro";480000;480000;transferencia;2025-06-15
;2025-06-11;"2025-06-11 12:00";"2025-06-11 13:00";reservada;15594513-3;"Pedro Rojas";SI;"Salon Eventos 1";"Santiago Centro";100000;0;;
;2025-11-08;"2025-11-08 00:00";"2025-11-09 23:59";reservada;5854603-8;"Luis Contreras";SI;"Cabaña 8";Providencia;120000;0;;
;2025-08-16;"2025-08-16 22:00";"2025-08-16 23:00";cancelada;23457711-5;"Luis Contreras";SI;"Cancha Futbolito Techada";"La Florida";35000;0;;
;2025-05-10;"2025-05-10 00:00";"2025-05-12 23:59";cancelada;20859114-2;"Luis Contreras";NO;"Cabaña 11";"Santa Cruz";240000;0;;
;2025-10-02;"2025-10-02 00:00";"2025-10-06 23:59";ejecutada;21162735-2;"Juan Perez";NO;"Cabaña 16";"Santiago Centro";480000;480000;efectivo;2025-09-29
;2025-09-17;"2025-09-17 00:00";"2025-09-20 23:59";ejecutada;18086493-8;"Maria Gonzalez";SI;"Cabaña 15";Providencia;360000;360000;efectivo;2025-09-16
;2025-08-20;"2025-08-20 00:00";"2025-08-25 23:59";reservada;5373421-9;"Luis Contreras";SI;"Cabaña 1";"La Florida";600000;0;;
;2025-10-12;"2025-10-12 17:00";"2025-10-12 18:00";cancelada;18154120-2;"Maria Gonzalez";NO;"Restaurant 2";"La Florida";30000;0;;
;2025-08-14;"2025-08-14 00:00";"2025-08-19 23:59";ejecutada;13775714-1;"Luis Contreras";SI;"Cabaña 13";"La Florida";600000;600000;efectivo;2025-08-10
;2025-06-03;"2025-06-03 11:00";"2025-06-03 12:00";ejecutada;14584200-K;"Pedro Rojas";SI;"Restaurant 1";"La Florida";30000;30000;efectivo;2025-05-29
;2025-01-15;"2025-01-15 19:00";"2025-01-15 20:00";cancelada;21454860-7;"Ana Silva";SI;"Salon Eventos 1";"Santiago Centro";100000;0;;
;2025-07-15;"2025-07-15 00:00";"2025-07-18 23:59";ejecutada;20086756-4;"Maria Gonzalez";SI;"Cabaña 3";"La Florida";360000;360000;efectivo;2025-07-11
;2025-06-20;"2025-06-20 00:00";"2025-06-30 23:59";cancelada;24138079-3;"Juan Perez";NO;"Cabaña 3";"Santiago Centro";1200000;0;;
;2025-04-02;"2025-04-02 14:00";"2025-04-02 15:00";reservada;6807678-1;"Pedro Rojas";SI;"Restaurant 1";"La Florida";30000;0;;
;2025-07-14;"2025-07-14 00:00";"2025-07-14 21:00";cancelada;17820790-3;"Juan Perez";NO;"Cancha Basquetbol Techada";"Santiago Centro";35000;0;;
;2025-01-17;"2025-01-17 21:00";"2025-01-17 22:00";reservada;10120385-9;"Maria Gonzalez";SI;"Salon Eventos 4";"Santiago Centro";100000;0;;
;2025-09-09;"2025-09-09 13:00";"2025-09-09 14:00";cancelada;18933016-2;"Juan Perez";SI;"Piscina 1";"La Florida";20000;0;;
;2025-05-10;"2025-05-10 10:00";"2025-05-10 11:00";ejecutada;9843733-9;"Maria Gonzalez";NO;"Cancha Futbolito Aire Libre";"Santa Cruz";25000;25000;efectivo;2025-05-06
;2025-09-17;"2025-09-17 00:00";"2025-09-26 23:59";reservada;8954537-4;"Luis Contreras";SI;"Cabaña 3";"La Florida";1080000;0;;
;2025-08-07;"2025-08-07 00:00";"2025-08-11 23:59";ejecutada;11885348-2;"Pedro Rojas";SI;"Cabaña 12";Providencia;480000;480000;transferencia;2025-08-07
;2025-11-16;"2025-11-16 13:00";"2025-11-16 14:00";cancelada;12027524-0;"Juan Perez";SI;"Cancha Futbolito Aire Libre";"Santiago Centro";25000;0;;
;2025-06-13;"2025-06-13 00:00";"2025-06-20 23:59";ejecutada;21863652-7;"Luis Contreras";NO;"Cabaña 7";Providencia;840000;840000;transferencia;2025-06-10
;2025-01-04;"2025-01-04 00:00";"2025-01-13 23:59";reservada;9564786-3;"Ana Silva";NO;"Cabaña 16";Providencia;1080000;0;;
;2025-10-12;"2025-10-12 19:00";"2025-10-12 20:00";reservada;16460920-0;"Maria Gonzalez";NO;"Salon Eventos 2";"Santa Cruz";100000;0;;
;2025-11-14;"2025-11-14 00:00";"2025-11-20 23:59";cancelada;21452115-6;"Pedro Rojas";SI;"Cabaña 3";"La Florida";720000;0;;
;2025-09-15;"2025-09-15 00:00";"2025-09-16 23:59";ejecutada;5395622-K;"Pedro Rojas";NO;"Cabaña 7";"Santiago Centro";120000;120000;efectivo;2025-09-10
;2025-04-19;"2025-04-19 00:00";"2025-04-23 23:59";ejecutada;5427877-2;"Juan Perez";NO;"Cabaña 7";Providencia;480000;480000;transferencia;2025-04-14
;2025-06-16;"2025-06-16 00:00";"2025-06-25 23:59";cancelada;11521745-3;"Ana Silva";NO;"Cabaña 3";Providencia;1080000;0;;
;2025-08-08;"2025-08-08 00:00";"2025-08-13 23:59";reservada;19052661-5;"Maria Gonzalez";SI;"Cabaña 7";"La Florida";600000;0;;
;2025-11-12;"2025-11-12 00:00";"2025-11-17 23:59";ejecutada;8442882-5;"Ana Silva";NO;"Cabaña 7";"Santa Cruz";600000;600000;efectivo;2025-11-12
;2025-01-10;"2025-01-10 12:00";"2025-01-10 13:00";cancelada;15795747-3;"Ana Silva";NO;"Cancha Padel Aire Libre";"Santa Cruz";25000;0;;
;2025-02-10;"2025-02-10 00:00";"2025-02-17 23:59";cancelada;5854603-8;"Luis Contreras";SI;"Cabaña 15";"Santiago Centro";840000;0;;
;2025-09-11;"2025-09-11 15:00";"2025-09-11 16:00";reservada;9486514-K;"Luis Contreras";SI;"Cancha Padel Aire Libre";"Santa Cruz";25000;0;;
;2025-12-04;"2025-12-04 00:00";"2025-12-08 23:59";cancelada;16214968-7;"Luis Contreras";NO;"Cabaña 13";"Santiago Centro";480000;0;;
;2025-10-04;"2025-10-04 00:00";"2025-10-13 23:59";cancelada;23835968-6;"Juan Perez";SI;"Cabaña 5";Providencia;1080000;0;;
;2026-07-24;"2026-07-26 11:00";"2026-08-01 11:00";reservada;9354610-5;"Luis Contreras";SI;"Cabaña 8";"La Florida";720000;0;;
;2025-08-16;"2025-08-16 00:00";"2025-08-16 20:00";reservada;14586066-0;"Ana Silva";NO;"Restaurant 2 X";"La Florida";30000;0;;
;2025-02-13;"2025-02-13 14:00";"2025-02-13 15:00";cancelada;17263289-0;"Juan Perez";SI;"Cancha Basquetbol Aire Libre";"Santiago Centro";25000;0;;
;2025-11-08;"2025-11-08 00:00";"2025-11-14 23:59";reservada;7777224-3;"Maria Gonzalez";SI;"Cabaña 9";"Santa Cruz";720000;0;;
;2025-07-19;"2025-07-19 00:00";"2025-07-25 23:59";cancelada;19599688-1;"Juan Perez";NO;"Cabaña 9";"Santiago Centro";720000;0;;
;2025-09-02;"2025-09-02 00:00";"2025-09-09 23:59";cancelada;23046980-6;"Luis Contreras";SI;"Cabaña 6";"Santiago Centro";840000;0;;
;2025-05-04;"2025-05-04 10:00";"2025-05-04 11:00";ejecutada;18776636-2;"Pedro Rojas";NO;"Cancha Padel Aire Libre";"La Florida";25000;25000;efectivo;2025-05-01
;2025-10-03;"2025-10-03 00:00";"2025-10-04 23:59";cancelada;19443419-7;"Pedro Rojas";SI;"Cabaña 6";"Santiago Centro";120000;0;;
;2025-10-13;"2025-10-13 00:00";"2025-10-20 23:59";reservada;15088563-9;"Pedro Rojas";SI;"Cabaña 5";"Santa Cruz";840000;0;;
;2025-06-05;"2025-06-05 20:00";"2025-06-05 21:00";ejecutada;24090729-1;"Pedro Rojas";SI;"Salon Eventos 1";"Santiago Centro";100000;100000;efectivo;2025-06-01
;2025-03-06;"2025-03-06 11:00";"2025-03-06 12:00";reservada;16304937-6;"Juan Perez";SI;"Cancha Futbolito Aire Libre";"La Florida";25000;0;;
;2025-11-04;"2025-11-04 00:00";"2025-11-13 23:59";ejecutada;24090729-1;"Pedro Rojas";NO;"Cabaña 3";"Santa Cruz";1080000;1080000;transferencia;2025-10-30
;2025-05-18;"2025-05-18 12:00";"2025-05-18 13:00";reservada;6761777-0;"Luis Contreras";SI;"Cancha Basquetbol Techada";"Santa Cruz";35000;0;;
;2025-10-12;"2025-10-12 00:00";"2025-10-22 23:59";reservada;14861266-8;"Ana Silva";NO;"Cabaña 9";Providencia;1200000;0;;
;2025-03-01;"2025-03-01 00:00";"2025-03-04 23:59";cancelada;9430073-8;"Ana Silva";SI;"Cabaña 15";"Santa Cruz";360000;0;;
;2025-06-20;"2025-06-20 09:00";"2025-06-20 10:00";ejecutada;16479158-0;"Pedro Rojas";SI;"Restaurant 1";"La Florida";30000;30000;tarjeta;2025-06-16
;2025-02-13;"2025-02-13 09:00";"2025-02-13 10:00";cancelada;15677425-1;"Luis Contreras";SI;"Cancha Basquetbol Techada";"Santiago Centro";35000;0;;
;2025-05-06;"2025-05-06 12:00";"2025-05-06 13:00";reservada;23498184-6;"Juan Perez";SI;"Cancha Tenis Aire Libre";Providencia;25000;0;;
;2026-05-26;"2026-05-28 15:00";"2026-05-28 16:00";reservada;19048151-4;"Ana Silva";NO;"Cancha Padel Techada";"La Florida";35000;0;;
;2025-12-07;"2025-12-07 00:00";"2025-12-16 23:59";ejecutada;5137322-7;"Juan Perez";NO;"Cabaña 20";Providencia;1080000;1080000;efectivo;2025-12-06
;2025-09-16;"2025-09-16 00:00";"2025-09-22 23:59";cancelada;9706683-3;"Ana Silva";NO;"Cabaña 18";"Santa Cruz";720000;0;;
;2025-12-10;"2025-12-10 00:00";"2025-12-11 23:59";cancelada;5757659-6;"Pedro Rojas";SI;"Cabaña 6";"La Florida";120000;0;;
;2025-10-07;"2025-10-07 00:00";"2025-10-09 23:59";cancelada;17263289-0;"Juan Perez";SI;"Cabaña 8";Providencia;240000;0;;
;2025-10-10;"2025-10-10 09:00";"2025-10-10 10:00";cancelada;6807678-1;"Pedro Rojas";NO;"Cancha Tenis Aire Libre";"La Florida";25000;0;;
;2025-12-14;"2025-12-14 12:00";"2025-12-14 13:00";reservada;22367120-9;"Pedro Rojas";NO;"Salon Eventos 3";"La Florida";100000;0;;
;2025-01-06;"2025-01-06 00:00";"2025-01-13 23:59";cancelada;16054257-8;"Luis Contreras";NO;"Cabaña 16";"Santiago Centro";840000;0;;
;2025-06-18;"2025-06-18 00:00";"2025-06-20 23:59";ejecutada;6858349-7;"Luis Contreras";SI;"Cabaña 20";"Santiago Centro";240000;240000;efectivo;2025-06-14
;2025-07-08;"2025-07-08 09:00";"2025-07-08 10:00";cancelada;17647891-8;"Maria Gonzalez";NO;"Salon Eventos 3";"Santa Cruz";100000;0;;
;2025-02-20;"2025-02-20 15:00";"2025-02-20 16:00";reservada;20194778-2;"Ana Silva";NO;"Restaurant 1";"Santiago Centro";30000;0;;
;2025-03-17;"2025-03-17 22:00";"2025-03-17 23:00";reservada;5135966-6;"Pedro Rojas";NO;"Cancha Padel Techada";"La Florida";35000;0;;
;2025-05-11;"2025-05-11 00:00";"2025-05-17 23:59";reservada;8356612-4;"Pedro Rojas";NO;"Cabaña 18";Providencia;720000;0;;
;2025-10-01;"2025-10-01 19:00";"2025-10-01 20:00";ejecutada;22852757-2;"Ana Silva";NO;"Piscina 2";"Santiago Centro";20000;20000;transferencia;2025-09-28
;2025-05-17;"2025-05-17 00:00";"2025-05-23 23:59";reservada;18086493-8;"Maria Gonzalez";NO;"Cabaña 3";"Santiago Centro";720000;0;;
;2025-06-12;"2025-06-12 00:00";"2025-06-17 23:59";reservada;6884770-2;"Luis Contreras";SI;"Cabaña 5";"Santiago Centro";600000;0;;
;2025-04-01;"2025-04-01 12:00";"2025-04-01 13:00";reservada;19195488-2;"Pedro Rojas";NO;"Piscina 1";"Santiago Centro";20000;0;;
;2025-12-07;"2025-12-07 00:00";"2025-12-11 23:59";reservada;16887747-1;"Luis Contreras";NO;"Cabaña 13";"La Florida";480000;0;;
;2025-11-04;"2025-11-04 00:00";"2025-11-09 23:59";ejecutada;7781298-9;"Pedro Rojas";SI;"Cabaña 13";"Santa Cruz";600000;600000;efectivo;2025-11-03
;2025-10-15;"2025-10-15 00:00";"2025-10-22 23:59";reservada;18602114-2;"Juan Perez";NO;"Cabaña 18";Providencia;840000;0;;
;2025-05-15;"2025-05-15 00:00";"2025-05-16 23:59";cancelada;18910856-7;"Maria Gonzalez";NO;"Cabaña 2";"La Florida";120000;0;;
;2025-01-18;"2025-01-18 00:00";"2025-01-25 23:59";cancelada;19895777-1;"Juan Perez";SI;"Cabaña 6";"Santiago Centro";840000;0;;
;2025-11-16;"2025-11-16 22:00";"2025-11-16 23:00";cancelada;19332680-3;"Ana Silva";NO;"Salon Eventos 3";Providencia;100000;0;;
;2025-06-10;"2025-06-10 18:00";"2025-06-10 19:00";cancelada;14254375-3;"Pedro Rojas";SI;"Cancha Padel Aire Libre";"Santiago Centro";25000;0;;
;2025-09-19;"2025-09-19 00:00";"2025-09-20 23:59";reservada;16990297-6;"Ana Silva";NO;"Cabaña 18";"Santiago Centro";120000;0;;
;2025-08-18;"2025-08-18 00:00";"2025-08-27 23:59";reservada;21351051-7;"Ana Silva";SI;"Cabaña 8";"Santa Cruz";1080000;0;;
;2025-09-19;"2025-09-19 00:00";"2025-09-22 23:59";reservada;15088563-9;"Pedro Rojas";SI;"Cabaña 5";"Santiago Centro";360000;0;;
;2025-04-18;"2025-04-18 00:00";"2025-04-24 23:59";ejecutada;8805000-2;"Maria Gonzalez";NO;"Cabaña 13";"Santiago Centro";720000;720000;tarjeta;2025-04-17
;2025-02-03;"2025-02-03 00:00";"2025-02-06 23:59";cancelada;21783745-6;"Maria Gonzalez";SI;"Cabaña 14";"La Florida";360000;0;;
;2025-07-19;"2025-07-19 00:00";"2025-07-26 23:59";ejecutada;22512308-K;"Pedro Rojas";SI;"Cabaña 9";"Santiago Centro";840000;840000;transferencia;2025-07-19
;2025-02-14;"2025-02-14 00:00";"2025-02-15 23:59";reservada;19599688-1;"Juan Perez";SI;"Cabaña 20";Providencia;120000;0;;
;2025-11-17;"2025-11-17 09:00";"2025-11-17 10:00";cancelada;8409701-2;"Pedro Rojas";NO;"Piscina 2";"Santa Cruz";20000;0;;
;2025-02-14;"2025-02-14 00:00";"2025-02-17 23:59";cancelada;6973970-9;"Pedro Rojas";NO;"Cabaña 19";Providencia;360000;0;;
;2025-07-19;"2025-07-19 10:00";"2025-07-19 11:00";reservada;18971062-3;"Juan Perez";SI;"Cancha Tenis Techada";"Santiago Centro";35000;0;;
;2025-06-07;"2025-06-07 00:00";"2025-06-17 23:59";ejecutada;11219981-0;"Pedro Rojas";NO;"Cabaña 10";"Santiago Centro";1200000;1200000;tarjeta;2025-06-03
;2025-04-10;"2025-04-10 16:00";"2025-04-10 17:00";ejecutada;11727551-5;"Maria Gonzalez";NO;"Salon Eventos 3";"Santiago Centro";100000;100000;efectivo;2025-04-07
;2025-08-14;"2025-08-14 22:00";"2025-08-14 23:00";reservada;5983819-9;"Ana Silva";NO;"Cancha Tenis Aire Libre";Providencia;25000;0;;
;2025-09-18;"2025-09-18 00:00";"2025-09-19 23:59";reservada;21861927-4;"Pedro Rojas";SI;"Cabaña 12";Providencia;120000;0;;
;2025-12-07;"2025-12-07 00:00";"2025-12-14 23:59";reservada;18568061-4;"Ana Silva";SI;"Cabaña 20";"Santa Cruz";840000;0;;
;2025-01-15;"2025-01-15 00:00";"2025-01-20 23:59";cancelada;19332680-3;"Ana Silva";NO;"Cabaña 12";"La Florida";600000;0;;
;2025-09-03;"2025-09-03 22:00";"2025-09-03 23:00";reservada;10272070-9;"Pedro Rojas";NO;"Piscina 1";"Santa Cruz";20000;0;;
;2025-12-17;"2025-12-17 00:00";"2025-12-24 23:59";reservada;8356612-4;"Pedro Rojas";NO;"Cabaña 13";"La Florida";840000;0;;
;2025-11-04;"2025-11-04 21:00";"2025-11-04 22:00";cancelada;6738781-3;"Maria Gonzalez";NO;"Salon Eventos 3";Providencia;100000;0;;
;2025-11-10;"2025-11-10 14:00";"2025-11-10 15:00";cancelada;18329134-3;"Pedro Rojas";NO;"Piscina 1";"Santa Cruz";20000;0;;
;2025-05-03;"2025-05-03 14:00";"2025-05-03 15:00";reservada;17647891-8;"Maria Gonzalez";SI;"Piscina 2";"Santa Cruz";20000;0;;
;2026-07-25;"2026-07-27 19:30";"2026-07-27 20:30";reservada;13532015-3;"Luis Contreras";NO;"Salon Eventos 1";"Santa Cruz";100000;0;;
;2025-03-06;"2025-03-06 00:00";"2025-03-14 23:59";ejecutada;16984924-2;"Pedro Rojas";SI;"Cabaña 7";"Santiago Centro";960000;960000;efectivo;2025-03-02
;2025-01-16;"2025-01-16 13:00";"2025-01-16 14:00";reservada;15115625-8;"Juan Perez";NO;"Piscina 2";"Santiago Centro";20000;0;;
;2025-09-03;"2025-09-03 22:00";"2025-09-03 23:00";ejecutada;6884770-2;"Luis Contreras";SI;"Salon Eventos 1";"La Florida";100000;100000;efectivo;2025-08-31
;2025-03-07;"2025-03-07 15:00";"2025-03-07 16:00";reservada;21287925-8;"Ana Silva";SI;"Salon Eventos 2";"Santa Cruz";100000;0;;
;2025-09-05;"2025-09-05 15:00";"2025-09-05 16:00";reservada;19599688-1;"Juan Perez";NO;"Cancha Padel Techada";"La Florida";35000;0;;
;2025-04-17;"2025-04-17 11:00";"2025-04-17 12:00";cancelada;11521745-3;"Ana Silva";SI;"Piscina 2";"Santa Cruz";20000;0;;
;2025-02-15;"2025-02-15 00:00";"2025-02-16 23:59";reservada;14565689-3;"Pedro Rojas";SI;"Cabaña 18";"Santa Cruz";120000;0;;
;2025-03-15;"2025-03-15 00:00";"2025-03-19 23:59";reservada;24693299-9;"Pedro Rojas";SI;"Cabaña 1";Providencia;480000;0;;
;2025-09-16;"2025-09-16 00:00";"2025-09-19 23:59";reservada;9813420-4;"Maria Gonzalez";SI;"Cabaña 4";"La Florida";360000;0;;
;2025-10-07;"2025-10-07 00:00";"2025-10-17 23:59";cancelada;9680719-8;"Ana Silva";SI;"Cabaña 17";Providencia;1200000;0;;
;2025-01-16;"2025-01-16 20:00";"2025-01-16 21:00";cancelada;9213225-0;"Maria Gonzalez";SI;"Cancha Padel Techada";Providencia;35000;0;;
;2025-10-18;"2025-10-18 00:00";"2025-10-18 21:00";reservada;5135966-6;"Pedro Rojas";NO;"Cancha Tenis Techada X";"La Florida";35000;0;;
;2025-12-20;"2025-12-20 00:00";"2025-12-23 23:59";ejecutada;22812135-5;"Ana Silva";NO;"Cabaña 11";Providencia;360000;360000;efectivo;2025-12-15
;2025-01-06;"2025-01-06 14:00";"2025-01-06 15:00";reservada;17674128-7;"Pedro Rojas";SI;"Restaurant 1";"Santiago Centro";30000;0;;
;2025-08-05;"2025-08-05 00:00";"2025-08-09 23:59";reservada;24402541-2;"Luis Contreras";SI;"Cabaña 15";"Santiago Centro";480000;0;;
;2025-07-14;"2025-07-14 00:00";"2025-07-20 23:59";reservada;20713143-1;"Luis Contreras";NO;"Cabaña 15";"La Florida";720000;0;;
;2025-11-01;"2025-11-01 00:00";"2025-11-01 20:00";cancelada;16408231-8;"Juan Perez";SI;"Restaurant 1 X";Providencia;30000;0;;
;2025-08-02;"2025-08-02 00:00";"2025-08-12 23:59";cancelada;19048151-4;"Ana Silva";SI;"Cabaña 13";"Santiago Centro";1200000;0;;
;2025-12-17;"2025-12-17 16:00";"2025-12-17 17:00";reservada;9194484-7;"Ana Silva";NO;"Cancha Futbolito Techada";"La Florida";35000;0;;
;2025-08-15;"2025-08-15 00:00";"2025-08-20 23:59";cancelada;10778324-5;"Luis Contreras";NO;"Cabaña 5";"La Florida";600000;0;;
;2025-07-13;"2025-07-13 00:00";"2025-07-19 23:59";ejecutada;13397853-4;"Juan Perez";NO;"Cabaña 13";"Santa Cruz";720000;720000;transferencia;2025-07-08
;2025-09-02;"2025-09-02 11:00";"2025-09-02 12:00";cancelada;22378728-2;"Maria Gonzalez";SI;"Cancha Tenis Aire Libre";"Santiago Centro";25000;0;;
;2025-01-04;"2025-01-04 00:00";"2025-01-05 23:59";ejecutada;22885927-3;"Luis Contreras";SI;"Cabaña 12";"Santa Cruz";120000;120000;tarjeta;2025-01-04
;2025-11-08;"2025-11-08 16:00";"2025-11-08 17:00";cancelada;18881160-4;"Pedro Rojas";SI;"Restaurant 2";"Santiago Centro";30000;0;;
;2025-02-13;"2025-02-13 08:00";"2025-02-13 09:00";ejecutada;11450455-6;"Luis Contreras";NO;"Cancha Basquetbol Techada";"Santiago Centro";35000;35000;efectivo;2025-02-13
;2025-10-13;"2025-10-13 00:00";"2025-10-17 23:59";cancelada;13650113-5;"Pedro Rojas";NO;"Cabaña 14 X";"La Florida";480000;0;;
;2025-05-07;"2025-05-07 11:00";"2025-05-07 12:00";ejecutada;6261507-9;"Luis Contreras";SI;"Piscina 2";"Santa Cruz";20000;20000;transferencia;2025-05-07
;2025-08-15;"2025-08-15 00:00";"2025-08-24 23:59";reservada;15148285-6;"Luis Contreras";SI;"Cabaña 2";"La Florida";1080000;0;;
;2025-05-05;"2025-05-05 08:00";"2025-05-05 09:00";cancelada;18065705-3;"Maria Gonzalez";NO;"Cancha Padel Aire Libre";"Santiago Centro";25000;0;;
;2025-09-13;"2025-09-13 00:00";"2025-09-18 23:59";ejecutada;19895777-1;"Juan Perez";NO;"Cabaña 19";"Santiago Centro";600000;600000;transferencia;2025-09-12
;2025-05-01;"2025-05-01 13:00";"2025-05-01 14:00";ejecutada;15338995-0;"Ana Silva";NO;"Salon Eventos 2";"Santiago Centro";100000;100000;transferencia;2025-04-27
;2025-06-01;"2025-06-01 00:00";"2025-06-02 23:59";ejecutada;5983819-9;"Ana Silva";SI;"Cabaña 16";"Santa Cruz";120000;120000;tarjeta;2025-05-30
;2025-03-05;"2025-03-05 10:00";"2025-03-05 11:00";ejecutada;21099442-4;"Luis Contreras";NO;"Cancha Basquetbol Techada";Providencia;35000;35000;transferencia;2025-03-02
;2025-06-11;"2025-06-11 16:00";"2025-06-11 17:00";cancelada;9564786-3;"Ana Silva";SI;"Restaurant 1";Providencia;30000;0;;
;2025-06-03;"2025-06-03 00:00";"2025-06-05 23:59";cancelada;23503123-K;"Ana Silva";SI;"Cabaña 16";Providencia;240000;0;;
;2025-03-15;"2025-03-15 16:00";"2025-03-15 17:00";cancelada;6858349-7;"Luis Contreras";SI;"Salon Eventos 1";Providencia;100000;0;;
;2025-07-01;"2025-07-01 13:00";"2025-07-01 14:00";reservada;15148285-6;"Luis Contreras";NO;"Cancha Tenis Aire Libre";"Santiago Centro";25000;0;;
;2025-12-18;"2025-12-18 00:00";"2025-12-24 23:59";cancelada;17786278-9;"Juan Perez";NO;"Cabaña 4";"Santa Cruz";720000;0;;
;2025-10-01;"2025-10-01 00:00";"2025-10-02 23:59";cancelada;17674128-7;"Pedro Rojas";NO;"Cabaña 5";"Santa Cruz";120000;0;;
;2025-12-08;"2025-12-08 00:00";"2025-12-09 23:59";ejecutada;9571085-9;"Juan Perez";NO;"Cabaña 15";"La Florida";120000;120000;transferencia;2025-12-07
;2025-04-20;"2025-04-20 18:00";"2025-04-20 19:00";cancelada;16012079-7;"Ana Silva";NO;"Restaurant 1";Providencia;30000;0;;
;2025-06-13;"2025-06-13 13:00";"2025-06-13 14:00";cancelada;10698937-0;"Pedro Rojas";SI;"Salon Eventos 1";"Santiago Centro";100000;0;;
;2025-11-17;"2025-11-17 00:00";"2025-11-25 23:59";reservada;23433621-5;"Maria Gonzalez";SI;"Cabaña 2 X";Providencia;960000;0;;
;2025-11-05;"2025-11-05 00:00";"2025-11-11 23:59";ejecutada;7544276-9;"Maria Gonzalez";SI;"Cabaña 3";"Santiago Centro";720000;720000;efectivo;2025-11-01
;2025-09-06;"2025-09-06 00:00";"2025-09-07 23:59";ejecutada;12809545-4;"Juan Perez";SI;"Cabaña 1";"Santiago Centro";120000;120000;tarjeta;2025-09-01
;2025-03-03;"2025-03-03 18:00";"2025-03-03 19:00";cancelada;14292034-4;"Luis Contreras";SI;"Restaurant 1";"La Florida";30000;0;;
;2025-05-20;"2025-05-20 15:00";"2025-05-20 16:00";reservada;17096666-K;"Juan Perez";SI;"Salon Eventos 2";"Santiago Centro";100000;0;;
;2025-09-20;"2025-09-20 00:00";"2025-09-23 23:59";cancelada;21351051-7;"Ana Silva";SI;"Cabaña 5";Providencia;360000;0;;
;2025-10-07;"2025-10-07 10:00";"2025-10-07 11:00";ejecutada;23434952-K;"Pedro Rojas";NO;"Piscina 1";"Santa Cruz";20000;20000;transferencia;2025-10-04
;2025-07-09;"2025-07-09 00:00";"2025-07-19 23:59";ejecutada;20727566-2;"Juan Perez";NO;"Cabaña 6";"La Florida";1200000;1200000;transferencia;2025-07-06
;2025-11-12;"2025-11-12 00:00";"2025-11-18 23:59";reservada;12913560-3;"Ana Silva";SI;"Cabaña 13";"La Florida";720000;0;;
;2025-03-02;"2025-03-02 08:00";"2025-03-02 09:00";cancelada;13147810-0;"Pedro Rojas";SI;"Cancha Basquetbol Techada";Providencia;35000;0;;
;2025-05-10;"2025-05-10 00:00";"2025-05-10 17:00";cancelada;15345989-4;"Pedro Rojas";SI;"Cancha Futbolito Techada";"Santiago Centro";35000;0;;
;2025-03-17;"2025-03-17 00:00";"2025-03-25 23:59";ejecutada;15826885-K;"Juan Perez";SI;"Cabaña 2";Providencia;960000;960000;tarjeta;2025-03-16
;2025-10-18;"2025-10-18 00:00";"2025-10-27 23:59";cancelada;19937737-K;"Luis Contreras";SI;"Cabaña 1";"Santa Cruz";1080000;0;;
;2025-11-06;"2025-11-06 00:00";"2025-11-14 23:59";reservada;15293763-6;"Luis Contreras";NO;"Cabaña 16";Providencia;960000;0;;
;2025-10-03;"2025-10-03 00:00";"2025-10-11 23:59";cancelada;18646254-8;"Pedro Rojas";SI;"Cabaña 5";Providencia;960000;0;;
;2025-10-14;"2025-10-14 21:00";"2025-10-14 22:00";ejecutada;7544276-9;"Maria Gonzalez";SI;"Piscina 1";"Santa Cruz";20000;20000;tarjeta;2025-10-14
;2025-10-09;"2025-10-09 00:00";"2025-10-15 23:59";ejecutada;13604604-7;"Juan Perez";NO;"Cabaña 12";"Santa Cruz";720000;720000;tarjeta;2025-10-05
;2025-02-08;"2025-02-08 00:00";"2025-02-15 23:59";ejecutada;19195488-2;"Pedro Rojas";NO;"Cabaña 13";"Santa Cruz";840000;840000;transferencia;2025-02-04
;2025-11-10;"2025-11-10 16:00";"2025-11-10 17:00";ejecutada;21947907-7;"Maria Gonzalez";NO;"Salon Eventos 3";Providencia;100000;100000;efectivo;2025-11-09
;2025-03-06;"2025-03-06 19:00";"2025-03-06 20:00";cancelada;13505604-9;"Ana Silva";SI;"Piscina 2 X";"La Florida";20000;0;;
;2025-01-03;"2025-01-03 13:00";"2025-01-03 14:00";reservada;8223654-6;"Ana Silva";SI;"Cancha Tenis Aire Libre";Providencia;25000;0;;
;2026-07-14;"2026-07-16 09:00";"2026-07-16 10:00";reservada;19544570-2;"Maria Gonzalez";NO;"Piscina 1";"La Florida";20000;0;;
;2025-11-01;"2025-11-01 14:00";"2025-11-01 15:00";ejecutada;13532015-3;"Luis Contreras";NO;"Cancha Tenis Aire Libre";"Santiago Centro";25000;25000;transferencia;2025-10-31
;2025-11-16;"2025-11-16 00:00";"2025-11-17 23:59";ejecutada;21296743-2;"Pedro Rojas";SI;"Cabaña 19";Providencia;120000;120000;transferencia;2025-11-13
;2025-02-11;"2025-02-11 00:00";"2025-02-19 23:59";cancelada;16107528-0;"Juan Perez";NO;"Cabaña 13 X";"La Florida";960000;0;;
;2025-03-14;"2025-03-14 00:00";"2025-03-18 23:59";reservada;9712455-8;"Pedro Rojas";SI;"Cabaña 11";Providencia;480000;0;;
;2025-10-11;"2025-10-11 00:00";"2025-10-19 23:59";reservada;11414686-2;"Maria Gonzalez";NO;"Cabaña 6";"Santiago Centro";960000;0;;
;2025-02-07;"2025-02-07 00:00";"2025-02-16 23:59";cancelada;13734270-7;"Luis Contreras";NO;"Cabaña 5";"Santa Cruz";1080000;0;;
;2025-04-06;"2025-04-06 22:00";"2025-04-06 23:00";ejecutada;21287925-8;"Ana Silva";SI;"Cancha Basquetbol Techada";Providencia;35000;35000;transferencia;2025-04-06
;2025-04-18;"2025-04-18 22:00";"2025-04-18 23:00";cancelada;21454415-6;"Maria Gonzalez";SI;"Restaurant 1";"Santiago Centro";30000;0;;
;2025-12-15;"2025-12-15 18:00";"2025-12-15 19:00";reservada;22287381-9;"Ana Silva";NO;"Cancha Basquetbol Techada";"La Florida";35000;0;;
;2025-05-10;"2025-05-10 16:00";"2025-05-10 17:00";ejecutada;23433621-5;"Maria Gonzalez";NO;"Cancha Basquetbol Techada";"Santa Cruz";35000;35000;tarjeta;2025-05-06
;2025-07-13;"2025-07-13 00:00";"2025-07-17 23:59";reservada;13897062-0;"Maria Gonzalez";NO;"Cabaña 18";"Santiago Centro";480000;0;;
;2025-10-20;"2025-10-20 00:00";"2025-10-26 23:59";reservada;9486514-K;"Luis Contreras";NO;"Cabaña 6";"Santiago Centro";720000;0;;
;2025-03-19;"2025-03-19 00:00";"2025-03-28 23:59";ejecutada;21162735-2;"Juan Perez";SI;"Cabaña 15";Providencia;1080000;1080000;tarjeta;2025-03-18
;2025-06-10;"2025-06-10 14:00";"2025-06-10 15:00";reservada;11727551-5;"Maria Gonzalez";SI;"Piscina 1";Providencia;20000;0;;
;2025-06-16;"2025-06-16 00:00";"2025-06-19 23:59";ejecutada;11711378-7;"Maria Gonzalez";SI;"Cabaña 4";Providencia;360000;360000;tarjeta;2025-06-14
;2025-12-17;"2025-12-17 00:00";"2025-12-19 23:59";ejecutada;21351051-7;"Ana Silva";NO;"Cabaña 19";"Santa Cruz";240000;240000;tarjeta;2025-12-17
;2025-05-07;"2025-05-07 00:00";"2025-05-12 23:59";ejecutada;14294949-0;"Ana Silva";NO;"Cabaña 1";Providencia;600000;600000;tarjeta;2025-05-02
;2025-01-10;"2025-01-10 00:00";"2025-01-18 23:59";ejecutada;15838325-K;"Maria Gonzalez";SI;"Cabaña 20";Providencia;960000;960000;efectivo;2025-01-05
;2025-06-19;"2025-06-19 00:00";"2025-06-27 23:59";reservada;8722237-3;"Juan Perez";NO;"Cabaña 3";"Santiago Centro";960000;0;;
;2025-07-14;"2025-07-14 00:00";"2025-07-23 23:59";reservada;19104958-6;"Pedro Rojas";SI;"Cabaña 16";"Santa Cruz";1080000;0;;
;2026-05-07;"2026-05-09 12:30";"2026-05-09 13:30";reservada;11228399-4;"Pedro Rojas";NO;"Restaurant 2";"Santiago Centro";30000;0;;
;2025-10-16;"2025-10-16 00:00";"2025-10-17 23:59";ejecutada;12075076-3;"Juan Perez";SI;"Cabaña 1";"Santa Cruz";120000;120000;tarjeta;2025-10-14
;2025-07-19;"2025-07-19 00:00";"2025-07-20 23:59";reservada;6807678-1;"Pedro Rojas";SI;"Cabaña 11";"Santa Cruz";120000;0;;
;2025-01-08;"2025-01-08 00:00";"2025-01-16 23:59";cancelada;9016221-7;"Pedro Rojas";NO;"Cabaña 9";Providencia;960000;0;;
;2025-03-19;"2025-03-19 13:00";"2025-03-19 14:00";ejecutada;24831420-6;"Luis Contreras";SI;"Restaurant 2";"La Florida";30000;30000;transferencia;2025-03-17
;2025-03-01;"2025-03-01 00:00";"2025-03-07 23:59";ejecutada;21554696-9;"Maria Gonzalez";NO;"Cabaña 19";"Santiago Centro";720000;720000;tarjeta;2025-02-25
;2025-02-11;"2025-02-11 00:00";"2025-02-13 23:59";cancelada;24447412-8;"Juan Perez";NO;"Cabaña 2";"La Florida";240000;0;;
;2025-09-16;"2025-09-16 19:00";"2025-09-16 20:00";reservada;20470612-3;"Ana Silva";SI;"Salon Eventos 3";"Santa Cruz";100000;0;;
;2025-07-08;"2025-07-08 22:00";"2025-07-08 23:00";cancelada;19195488-2;"Pedro Rojas";SI;"Salon Eventos 1";"Santiago Centro";100000;0;;
;2025-10-14;"2025-10-14 00:00";"2025-10-16 23:59";reservada;9978267-6;"Pedro Rojas";NO;"Cabaña 15";"Santiago Centro";240000;0;;
;2025-06-17;"2025-06-17 00:00";"2025-06-26 23:59";ejecutada;5938386-8;"Ana Silva";SI;"Cabaña 20";Providencia;1080000;1080000;tarjeta;2025-06-12
;2025-06-14;"2025-06-14 00:00";"2025-06-20 23:59";reservada;7261443-7;"Ana Silva";NO;"Cabaña 5";"Santa Cruz";720000;0;;
;2025-05-03;"2025-05-03 00:00";"2025-05-08 23:59";cancelada;15293763-6;"Luis Contreras";NO;"Cabaña 3";"Santiago Centro";600000;0;;
;2025-01-20;"2025-01-20 00:00";"2025-01-26 23:59";cancelada;5757659-6;"Pedro Rojas";SI;"Cabaña 14";"Santa Cruz";720000;0;;
;2025-11-02;"2025-11-02 00:00";"2025-11-06 23:59";ejecutada;14292034-4;"Luis Contreras";SI;"Cabaña 13";"La Florida";480000;480000;transferencia;2025-10-31
;2025-08-09;"2025-08-09 00:00";"2025-08-15 23:59";ejecutada;19362869-9;"Luis Contreras";NO;"Cabaña 7 X";Providencia;720000;720000;efectivo;2025-08-04
;2025-01-08;"2025-01-08 20:00";"2025-01-08 21:00";cancelada;17503226-6;"Juan Perez";NO;"Salon Eventos 2";"La Florida";100000;0;;
;2025-03-13;"2025-03-13 22:00";"2025-03-13 23:00";ejecutada;11277963-9;"Juan Perez";NO;"Cancha Basquetbol Techada X";Providencia;35000;35000;transferencia;2025-03-12
;2025-11-04;"2025-11-04 00:00";"2025-11-11 23:59";reservada;17911506-9;"Pedro Rojas";SI;"Cabaña 2";"Santa Cruz";840000;0;;
;2025-08-06;"2025-08-06 00:00";"2025-08-15 23:59";cancelada;7997541-9;"Ana Silva";NO;"Cabaña 5";"Santa Cruz";1080000;0;;
;2025-02-09;"2025-02-09 10:00";"2025-02-09 11:00";reservada;16012079-7;"Ana Silva";SI;"Cancha Basquetbol Techada";"La Florida";35000;0;;
;2025-03-14;"2025-03-14 00:00";"2025-03-19 23:59";cancelada;17963425-2;"Luis Contreras";SI;"Cabaña 11";"La Florida";600000;0;;
;2025-01-13;"2025-01-13 20:00";"2025-01-13 21:00";cancelada;19407837-4;"Ana Silva";SI;"Cancha Tenis Aire Libre";"Santiago Centro";25000;0;;
;2025-04-03;"2025-04-03 00:00";"2025-04-04 23:59";cancelada;24505775-K;"Maria Gonzalez";SI;"Cabaña 4";"Santiago Centro";120000;0;;
;2025-02-03;"2025-02-03 00:00";"2025-02-12 23:59";reservada;19727843-9;"Luis Contreras";SI;"Cabaña 17";Providencia;1080000;0;;
;2025-05-19;"2025-05-19 09:00";"2025-05-19 10:00";cancelada;5116250-1;"Pedro Rojas";NO;"Salon Eventos 4";"Santiago Centro";100000;0;;
;2025-06-03;"2025-06-03 00:00";"2025-06-08 23:59";ejecutada;19208091-6;"Maria Gonzalez";NO;"Cabaña 7";Providencia;600000;600000;efectivo;2025-06-03
;2025-10-01;"2025-10-01 16:00";"2025-10-01 17:00";ejecutada;15941454-K;"Pedro Rojas";NO;"Cancha Basquetbol Aire Libre";"Santiago Centro";25000;25000;efectivo;2025-09-30
;2025-08-20;"2025-08-20 00:00";"2025-08-27 23:59";reservada;8442882-5;"Ana Silva";NO;"Cabaña 8";"La Florida";840000;0;;
;2025-10-09;"2025-10-09 00:00";"2025-10-12 23:59";cancelada;6389986-0;"Luis Contreras";SI;"Cabaña 19";Providencia;360000;0;;
;2025-02-07;"2025-02-07 00:00";"2025-02-17 23:59";cancelada;14150365-0;"Juan Perez";SI;"Cabaña 16";"Santiago Centro";1200000;0;;
;2025-09-19;"2025-09-19 00:00";"2025-09-22 23:59";reservada;12353825-0;"Ana Silva";NO;"Cabaña 7";"Santiago Centro";360000;0;;
;2025-04-03;"2025-04-03 20:00";"2025-04-03 21:00";cancelada;11263892-K;"Luis Contreras";NO;"Salon Eventos 4";"Santa Cruz";100000;0;;
;2025-10-06;"2025-10-06 00:00";"2025-10-08 23:59";cancelada;8482497-6;"Ana Silva";SI;"Cabaña 9";Providencia;240000;0;;
;2025-12-08;"2025-12-08 00:00";"2025-12-18 23:59";cancelada;21821683-8;"Maria Gonzalez";NO;"Cabaña 10";"La Florida";1200000;0;;
;2025-06-12;"2025-06-12 10:00";"2025-06-12 11:00";ejecutada;24693299-9;"Pedro Rojas";NO;"Cancha Tenis Aire Libre";"Santiago Centro";25000;25000;efectivo;2025-06-07
;2025-06-11;"2025-06-11 00:00";"2025-06-14 23:59";cancelada;18885368-4;"Maria Gonzalez";SI;"Cabaña 5";Providencia;360000;0;;
;2025-06-20;"2025-06-20 00:00";"2025-06-20 15:00";cancelada;12075076-3;"Juan Perez";NO;"Cancha Padel Techada X";"Santiago Centro";35000;0;;
;2025-03-15;"2025-03-15 00:00";"2025-03-23 23:59";reservada;20666104-6;"Juan Perez";NO;"Cabaña 6";"Santa Cruz";960000;0;;
;2025-02-20;"2025-02-20 00:00";"2025-03-01 23:59";reservada;12651989-3;"Luis Contreras";SI;"Cabaña 2";"Santa Cruz";1080000;0;;
;2025-06-12;"2025-06-12 00:00";"2025-06-13 23:59";ejecutada;13083215-6;"Pedro Rojas";SI;"Cabaña 2";"Santiago Centro";120000;120000;tarjeta;2025-06-11
;2025-12-09;"2025-12-09 09:00";"2025-12-09 10:00";reservada;19195488-2;"Pedro Rojas";NO;"Cancha Padel Techada";Providencia;35000;0;;
;2025-07-03;"2025-07-03 00:00";"2025-07-12 23:59";reservada;13479779-7;"Pedro Rojas";NO;"Cabaña 7";"Santiago Centro";1080000;0;;
;2025-11-11;"2025-11-11 08:00";"2025-11-11 09:00";ejecutada;24139677-0;"Ana Silva";NO;"Cancha Basquetbol Aire Libre";Providencia;25000;25000;transferencia;2025-11-11
;2025-12-04;"2025-12-04 21:00";"2025-12-04 22:00";cancelada;7826282-6;"Maria Gonzalez";NO;"Restaurant 2";"Santa Cruz";30000;0;;
;2025-05-06;"2025-05-06 00:00";"2025-05-16 23:59";reservada;7962885-9;"Juan Perez";SI;"Cabaña 7";"La Florida";1200000;0;;
;2025-03-06;"2025-03-06 00:00";"2025-03-06 16:00";ejecutada;24967582-2;"Maria Gonzalez";NO;"Salon Eventos 3";Providencia;100000;100000;transferencia;2025-03-05
;2025-08-18;"2025-08-18 13:00";"2025-08-18 14:00";reservada;12651989-3;"Luis Contreras";SI;"Piscina 2";"La Florida";20000;0;;
;2025-04-18;"2025-04-18 12:00";"2025-04-18 13:00";ejecutada;20713143-1;"Luis Contreras";SI;"Cancha Tenis Techada";"Santa Cruz";35000;35000;transferencia;2025-04-15
;2025-11-12;"2025-11-12 00:00";"2025-11-20 23:59";cancelada;8805000-2;"Maria Gonzalez";SI;"Cabaña 6";"La Florida";960000;0;;
;2025-09-09;"2025-09-09 15:00";"2025-09-09 16:00";reservada;24402541-2;"Luis Contreras";SI;"Cancha Tenis Aire Libre";"Santiago Centro";25000;0;;
;2025-11-17;"2025-11-17 09:00";"2025-11-17 10:00";ejecutada;23435811-1;"Pedro Rojas";NO;"Salon Eventos 1";"Santa Cruz";100000;100000;efectivo;2025-11-12
;2025-10-01;"2025-10-01 00:00";"2025-10-06 23:59";ejecutada;7415624-K;"Juan Perez";SI;"Cabaña 9";"Santa Cruz";600000;600000;efectivo;2025-09-28
;2025-05-04;"2025-05-04 00:00";"2025-05-07 23:59";cancelada;18843742-7;"Pedro Rojas";SI;"Cabaña 20";Providencia;360000;0;;
;2025-03-05;"2025-03-05 00:00";"2025-03-15 23:59";cancelada;9381544-0;"Pedro Rojas";NO;"Cabaña 3";"Santiago Centro";1200000;0;;
;2025-09-02;"2025-09-02 00:00";"2025-09-09 23:59";ejecutada;12770855-K;"Luis Contreras";NO;"Cabaña 1";"Santiago Centro";840000;840000;transferencia;2025-09-02
;2025-01-06;"2025-01-06 20:00";"2025-01-06 21:00";ejecutada;14379495-4;"Luis Contreras";NO;"Cancha Tenis Aire Libre";"La Florida";25000;25000;transferencia;2025-01-02
;2025-12-03;"2025-12-03 00:00";"2025-12-07 23:59";ejecutada;23498184-6;"Juan Perez";NO;"Cabaña 15";"Santa Cruz";480000;480000;efectivo;2025-12-03
;2025-06-08;"2025-06-08 00:00";"2025-06-09 23:59";ejecutada;23303043-0;"Juan Perez";SI;"Cabaña 12";"Santa Cruz";120000;120000;transferencia;2025-06-06
;2025-07-02;"2025-07-02 16:00";"2025-07-02 17:00";ejecutada;10701066-1;"Maria Gonzalez";NO;"Salon Eventos 2";"La Florida";100000;100000;tarjeta;2025-06-28
;2025-01-10;"2025-01-10 08:00";"2025-01-10 09:00";cancelada;18728677-8;"Juan Perez";NO;"Cancha Padel Techada";"Santa Cruz";35000;0;;
;2025-12-10;"2025-12-10 22:00";"2025-12-10 23:00";reservada;23835968-6;"Juan Perez";NO;"Cancha Basquetbol Aire Libre";"Santiago Centro";25000;0;;
;2025-02-13;"2025-02-13 16:00";"2025-02-13 17:00";cancelada;20470612-3;"Ana Silva";SI;"Cancha Padel Techada";"Santa Cruz";35000;0;;
;2025-04-17;"2025-04-17 19:00";"2025-04-17 20:00";ejecutada;8223654-6;"Ana Silva";NO;"Salon Eventos 3";Providencia;100000;100000;tarjeta;2025-04-16
;2025-06-18;"2025-06-18 09:00";"2025-06-18 10:00";cancelada;17049622-1;"Pedro Rojas";NO;"Cancha Futbolito Aire Libre";"La Florida";25000;0;;
;2025-02-18;"2025-02-18 14:00";"2025-02-18 15:00";cancelada;23046980-6;"Luis Contreras";NO;"Salon Eventos 1";Providencia;100000;0;;
;2025-12-19;"2025-12-19 00:00";"2025-12-20 23:59";ejecutada;20078438-3;"Ana Silva";NO;"Cabaña 14";Providencia;120000;120000;transferencia;2025-12-18
;2025-06-08;"2025-06-08 00:00";"2025-06-18 23:59";ejecutada;5033421-K;"Maria Gonzalez";SI;"Cabaña 17";"Santiago Centro";1200000;1200000;efectivo;2025-06-08
;2026-07-11;"2026-07-13 14:00";"2026-07-13 15:00";reservada;18754494-7;"Maria Gonzalez";NO;"Restaurant 1";"La Florida";30000;0;;
;2025-02-20;"2025-02-20 15:00";"2025-02-20 16:00";ejecutada;20470612-3;"Ana Silva";NO;"Cancha Basquetbol Aire Libre";Providencia;25000;25000;efectivo;2025-02-16
;2025-07-01;"2025-07-01 00:00";"2025-07-05 23:59";reservada;20284960-1;"Juan Perez";SI;"Cabaña 2";"Santiago Centro";480000;0;;
;2025-05-18;"2025-05-18 13:00";"2025-05-18 14:00";reservada;17654518-6;"Luis Contreras";NO;"Cancha Futbolito Techada";Providencia;35000;0;;
;2025-10-14;"2025-10-14 14:00";"2025-10-14 15:00";ejecutada;9381544-0;"Pedro Rojas";SI;"Cancha Tenis Techada";"La Florida";35000;35000;efectivo;2025-10-11
;2025-12-19;"2025-12-19 00:00";"2025-12-24 23:59";reservada;10701066-1;"Maria Gonzalez";NO;"Cabaña 10";Providencia;600000;0;;
;2025-01-04;"2025-01-04 09:00";"2025-01-04 10:00";ejecutada;14843634-7;"Juan Perez";SI;"Salon Eventos 4";"Santa Cruz";100000;100000;efectivo;2024-12-30
;2025-07-17;"2025-07-17 00:00";"2025-07-24 23:59";reservada;11711378-7;"Maria Gonzalez";SI;"Cabaña 20";"Santiago Centro";840000;0;;
;2025-05-07;"2025-05-07 13:00";"2025-05-07 14:00";cancelada;19652678-1;"Juan Perez";SI;"Cancha Futbolito Aire Libre";Providencia;25000;0;;
;2025-12-16;"2025-12-16 00:00";"2025-12-21 23:59";ejecutada;12730200-6;"Maria Gonzalez";NO;"Cabaña 2";"Santiago Centro";600000;600000;transferencia;2025-12-12
;2025-09-02;"2025-09-02 00:00";"2025-09-11 23:59";reservada;12469531-7;"Pedro Rojas";NO;"Cabaña 11";"La Florida";1080000;0;;
;2025-01-07;"2025-01-07 00:00";"2025-01-10 23:59";ejecutada;20812193-6;"Pedro Rojas";SI;"Cabaña 10";"La Florida";360000;360000;transferencia;2025-01-05
;2025-10-01;"2025-10-01 19:00";"2025-10-01 20:00";cancelada;18885368-4;"Maria Gonzalez";NO;"Cancha Tenis Techada";"La Florida";35000;0;;
;2025-11-12;"2025-11-12 00:00";"2025-11-19 23:59";cancelada;11374837-0;"Maria Gonzalez";NO;"Cabaña 11";"Santa Cruz";840000;0;;
;2025-04-08;"2025-04-08 00:00";"2025-04-11 23:59";ejecutada;15954986-0;"Maria Gonzalez";SI;"Cabaña 9";"Santiago Centro";360000;360000;transferencia;2025-04-04
;2025-09-09;"2025-09-09 00:00";"2025-09-12 23:59";reservada;9039992-6;"Ana Silva";SI;"Cabaña 6";"Santa Cruz";360000;0;;
;2025-06-16;"2025-06-16 00:00";"2025-06-26 23:59";ejecutada;8086449-3;"Ana Silva";SI;"Cabaña 4";"Santiago Centro";1200000;1200000;tarjeta;2025-06-14
;2025-03-19;"2025-03-19 21:00";"2025-03-19 22:00";ejecutada;10464361-2;"Luis Contreras";SI;"Cancha Futbolito Techada";Providencia;35000;35000;tarjeta;2025-03-17
;2025-03-06;"2025-03-06 17:00";"2025-03-06 18:00";reservada;17678051-7;"Juan Perez";SI;"Cancha Basquetbol Techada";"La Florida";35000;0;;
;2025-08-07;"2025-08-07 11:00";"2025-08-07 12:00";ejecutada;6261507-9;"Luis Contreras";NO;"Salon Eventos 2";"Santiago Centro";100000;100000;transferencia;2025-08-06
;2025-10-20;"2025-10-20 00:00";"2025-10-23 23:59";ejecutada;11121655-K;"Juan Perez";NO;"Cabaña 10";"Santa Cruz";360000;360000;transferencia;2025-10-15
;2025-01-10;"2025-01-10 20:00";"2025-01-10 21:00";reservada;20997181-K;"Juan Perez";NO;"Cancha Tenis Aire Libre";"La Florida";25000;0;;
;2026-05-12;"2026-05-14 14:00";"2026-05-24 14:00";reservada;12465454-8;"Pedro Rojas";NO;"Cabaña 19";Providencia;1200000;0;;
;2025-09-19;"2025-09-19 00:00";"2025-09-25 23:59";ejecutada;8309406-0;"Luis Contreras";SI;"Cabaña 5";Providencia;720000;720000;transferencia;2025-09-19
;2025-07-20;"2025-07-20 00:00";"2025-07-27 23:59";ejecutada;20727566-2;"Juan Perez";SI;"Cabaña 11";"Santiago Centro";840000;840000;tarjeta;2025-07-20
;2025-12-09;"2025-12-09 13:00";"2025-12-09 14:00";ejecutada;5938386-8;"Ana Silva";SI;"Restaurant 2";Providencia;30000;30000;tarjeta;2025-12-04
;2025-02-14;"2025-02-14 15:00";"2025-02-14 16:00";cancelada;19104958-6;"Pedro Rojas";NO;"Salon Eventos 1";"Santiago Centro";100000;0;;
;2025-04-07;"2025-04-07 00:00";"2025-04-14 23:59";reservada;22855579-7;"Luis Contreras";SI;"Cabaña 6";"Santiago Centro";840000;0;;
;2025-04-02;"2025-04-02 00:00";"2025-04-10 23:59";reservada;13065663-3;"Luis Contreras";NO;"Cabaña 4";"Santiago Centro";960000;0;;
;2025-10-19;"2025-10-19 00:00";"2025-10-22 23:59";reservada;14861266-8;"Ana Silva";NO;"Cabaña 6";"Santa Cruz";360000;0;;
;2025-11-14;"2025-11-14 17:00";"2025-11-14 18:00";ejecutada;14941850-4;"Luis Contreras";SI;"Cancha Futbolito Aire Libre";Providencia;25000;25000;transferencia;2025-11-12
;2025-05-07;"2025-05-07 00:00";"2025-05-14 23:59";ejecutada;17647891-8;"Maria Gonzalez";NO;"Cabaña 18";"Santa Cruz";840000;840000;tarjeta;2025-05-05
;2025-06-03;"2025-06-03 16:00";"2025-06-03 17:00";ejecutada;21351051-7;"Ana Silva";SI;"Piscina 1";"Santiago Centro";20000;20000;tarjeta;2025-06-02
;2025-01-02;"2025-01-02 14:00";"2025-01-02 15:00";reservada;5645014-9;"Pedro Rojas";SI;"Cancha Tenis Techada";"La Florida";35000;0;;
;2025-10-10;"2025-10-10 17:00";"2025-10-10 18:00";ejecutada;22287381-9;"Ana Silva";NO;"Cancha Futbolito Techada";"Santiago Centro";35000;35000;transferencia;2025-10-10
;2025-05-18;"2025-05-18 21:00";"2025-05-18 22:00";cancelada;10238227-7;"Ana Silva";SI;"Piscina 1";"Santa Cruz";20000;0;;
;2025-11-13;"2025-11-13 11:00";"2025-11-13 12:00";cancelada;13775714-1;"Luis Contreras";SI;"Cancha Futbolito Aire Libre";"Santa Cruz";25000;0;;
;2025-08-18;"2025-08-18 00:00";"2025-08-27 23:59";reservada;11247006-9;"Luis Contreras";NO;"Cabaña 15";"Santa Cruz";1080000;0;;
;2025-12-04;"2025-12-04 00:00";"2025-12-11 23:59";cancelada;21773123-2;"Luis Contreras";SI;"Cabaña 11";"Santiago Centro";840000;0;;
;2025-12-18;"2025-12-18 00:00";"2025-12-18 12:00";cancelada;12927748-3;"Juan Perez";SI;"Cancha Futbolito Aire Libre";"Santiago Centro";25000;0;;
;2025-12-09;"2025-12-09 20:00";"2025-12-09 21:00";ejecutada;19211618-K;"Luis Contreras";NO;"Salon Eventos 4";"Santiago Centro";100000;100000;efectivo;2025-12-06
;2025-11-20;"2025-11-20 00:00";"2025-11-30 23:59";ejecutada;9108775-8;"Ana Silva";NO;"Cabaña 9";"Santiago Centro";1200000;1200000;efectivo;2025-11-17
;2025-10-16;"2025-10-16 00:00";"2025-10-18 23:59";cancelada;16564154-K;"Juan Perez";SI;"Cabaña 4";Providencia;240000;0;;
;2025-09-02;"2025-09-02 13:00";"2025-09-02 14:00";ejecutada;6436217-8;"Pedro Rojas";NO;"Cancha Padel Aire Libre";"Santiago Centro";25000;25000;efectivo;2025-08-29
;2025-11-17;"2025-11-17 00:00";"2025-11-18 23:59";ejecutada;15040048-1;"Juan Perez";NO;"Cabaña 18 X";Providencia;120000;120000;tarjeta;2025-11-13
;2025-11-16;"2025-11-16 14:00";"2025-11-16 15:00";cancelada;5137322-7;"Juan Perez";NO;"Salon Eventos 2";"La Florida";100000;0;;
;2025-10-18;"2025-10-18 16:00";"2025-10-18 17:00";cancelada;17470694-8;"Pedro Rojas";SI;"Cancha Tenis Aire Libre";"Santiago Centro";25000;0;;
;2025-02-05;"2025-02-05 09:00";"2025-02-05 10:00";reservada;11086191-5;"Ana Silva";NO;"Cancha Basquetbol Aire Libre";"La Florida";25000;0;;
;2025-02-14;"2025-02-14 00:00";"2025-02-23 23:59";reservada;22078734-6;"Pedro Rojas";NO;"Cabaña 8";"Santa Cruz";1080000;0;;
;2025-03-18;"2025-03-18 00:00";"2025-03-22 23:59";reservada;18647741-3;"Ana Silva";NO;"Cabaña 18";"Santiago Centro";480000;0;;
;2025-05-16;"2025-05-16 00:00";"2025-05-18 23:59";cancelada;9842967-0;"Luis Contreras";NO;"Cabaña 12";"Santa Cruz";240000;0;;
;2025-05-05;"2025-05-05 00:00";"2025-05-10 23:59";ejecutada;13015768-8;"Pedro Rojas";NO;"Cabaña 16";"Santa Cruz";600000;600000;efectivo;2025-05-05
;2025-07-01;"2025-07-01 20:00";"2025-07-01 21:00";ejecutada;14379507-1;"Juan Perez";SI;"Cancha Padel Aire Libre";"Santa Cruz";25000;25000;transferencia;2025-06-30
;2025-04-18;"2025-04-18 00:00";"2025-04-20 23:59";cancelada;5938386-8;"Ana Silva";NO;"Cabaña 7";"La Florida";240000;0;;
;2025-01-07;"2025-01-07 12:00";"2025-01-07 13:00";ejecutada;23731597-9;"Juan Perez";SI;"Restaurant 2";"La Florida";30000;30000;tarjeta;2025-01-03
;2025-01-12;"2025-01-12 00:00";"2025-01-22 23:59";cancelada;20826590-3;"Pedro Rojas";NO;"Cabaña 4";Providencia;1200000;0;;
;2025-10-08;"2025-10-08 00:00";"2025-10-15 23:59";ejecutada;9795239-6;"Maria Gonzalez";NO;"Cabaña 16";"Santiago Centro";840000;840000;tarjeta;2025-10-05
;2025-08-03;"2025-08-03 00:00";"2025-08-08 23:59";ejecutada;23876696-6;"Luis Contreras";SI;"Cabaña 19";"Santa Cruz";600000;600000;tarjeta;2025-07-29
;2025-08-15;"2025-08-15 10:00";"2025-08-15 11:00";cancelada;6626889-6;"Pedro Rojas";NO;"Restaurant 2";"Santiago Centro";30000;0;;
;2025-08-12;"2025-08-12 00:00";"2025-08-15 23:59";ejecutada;6835621-0;"Luis Contreras";SI;"Cabaña 19";Providencia;360000;360000;transferencia;2025-08-10
;2025-12-05;"2025-12-05 10:00";"2025-12-05 11:00";cancelada;23491307-7;"Maria Gonzalez";NO;"Cancha Futbolito Techada";"Santiago Centro";35000;0;;
;2025-09-03;"2025-09-03 14:00";"2025-09-03 15:00";cancelada;14155657-6;"Pedro Rojas";SI;"Piscina 2";"Santiago Centro";20000;0;;
;2025-07-09;"2025-07-09 16:00";"2025-07-09 17:00";reservada;22287381-9;"Ana Silva";NO;"Cancha Futbolito Techada";Providencia;35000;0;;
;2025-03-20;"2025-03-20 00:00";"2025-03-24 23:59";cancelada;19727843-9;"Luis Contreras";SI;"Cabaña 20";"Santa Cruz";480000;0;;
;2025-01-14;"2025-01-14 15:00";"2025-01-14 16:00";cancelada;15338995-0;"Ana Silva";SI;"Restaurant 2";"Santiago Centro";30000;0;;
;2025-04-19;"2025-04-19 00:00";"2025-04-22 23:59";cancelada;18329134-3;"Pedro Rojas";SI;"Cabaña 3";"Santa Cruz";360000;0;;
;2025-12-07;"2025-12-07 18:00";"2025-12-07 19:00";ejecutada;23250659-8;"Maria Gonzalez";NO;"Cancha Futbolito Techada";"La Florida";35000;35000;tarjeta;2025-12-04
;2025-03-15;"2025-03-15 17:00";"2025-03-15 18:00";cancelada;6642396-4;"Maria Gonzalez";SI;"Cancha Tenis Aire Libre";"Santa Cruz";25000;0;;
;2025-11-12;"2025-11-12 19:00";"2025-11-12 20:00";ejecutada;24027614-3;"Luis Contreras";SI;"Piscina 2";"La Florida";20000;20000;tarjeta;2025-11-12
;2025-07-17;"2025-07-17 00:00";"2025-07-26 23:59";cancelada;6126625-9;"Maria Gonzalez";SI;"Cabaña 10";"Santa Cruz";1080000;0;;
;2025-12-16;"2025-12-16 00:00";"2025-12-17 23:59";cancelada;18242406-4;"Ana Silva";SI;"Cabaña 1";Providencia;120000;0;;
;2025-07-04;"2025-07-04 00:00";"2025-07-13 23:59";cancelada;24945636-5;"Ana Silva";NO;"Cabaña 2";"La Florida";1080000;0;;
;2025-09-02;"2025-09-02 00:00";"2025-09-10 23:59";cancelada;6988936-0;"Maria Gonzalez";SI;"Cabaña 7";"Santa Cruz";960000;0;;
;2025-02-05;"2025-02-05 00:00";"2025-02-09 23:59";cancelada;20112516-2;"Luis Contreras";SI;"Cabaña 12";Providencia;480000;0;;
;2025-07-17;"2025-07-17 17:00";"2025-07-17 18:00";reservada;24002475-6;"Luis Contreras";SI;"Restaurant 2";"Santa Cruz";30000;0;;
;2025-04-16;"2025-04-16 00:00";"2025-04-26 23:59";cancelada;7989270-K;"Maria Gonzalez";SI;"Cabaña 15";Providencia;1200000;0;;
;2025-07-01;"2025-07-01 00:00";"2025-07-02 23:59";ejecutada;9087517-5;"Pedro Rojas";NO;"Cabaña 15";Providencia;120000;120000;transferencia;2025-06-29
;2025-05-01;"2025-05-01 00:00";"2025-05-04 23:59";ejecutada;15807009-K;"Luis Contreras";NO;"Cabaña 20";"La Florida";360000;360000;transferencia;2025-04-26
;2025-03-05;"2025-03-05 00:00";"2025-03-09 23:59";reservada;20408365-7;"Maria Gonzalez";SI;"Cabaña 6";"Santa Cruz";480000;0;;
;2025-03-07;"2025-03-07 00:00";"2025-03-11 23:59";ejecutada;11316654-1;"Luis Contreras";NO;"Cabaña 19";"Santiago Centro";480000;480000;tarjeta;2025-03-02
;2025-07-12;"2025-07-12 12:00";"2025-07-12 13:00";cancelada;17505864-8;"Maria Gonzalez";NO;"Cancha Basquetbol Techada";"La Florida";35000;0;;
;2025-04-13;"2025-04-13 13:00";"2025-04-13 14:00";ejecutada;9203394-5;"Luis Contreras";SI;"Cancha Basquetbol Aire Libre";"Santiago Centro";25000;25000;transferencia;2025-04-09
;2025-02-09;"2025-02-09 08:00";"2025-02-09 09:00";ejecutada;22075434-0;"Ana Silva";NO;"Cancha Padel Aire Libre";"La Florida";25000;25000;efectivo;2025-02-09
;2025-04-06;"2025-04-06 00:00";"2025-04-12 23:59";cancelada;19052661-5;"Maria Gonzalez";SI;"Cabaña 4";"La Florida";720000;0;;
;2025-12-03;"2025-12-03 00:00";"2025-12-13 23:59";cancelada;17213598-6;"Pedro Rojas";SI;"Cabaña 17";Providencia;1200000;0;;
;2025-01-06;"2025-01-06 00:00";"2025-01-15 23:59";cancelada;22746919-6;"Maria Gonzalez";NO;"Cabaña 18";"Santiago Centro";1080000;0;;
;2025-06-04;"2025-06-04 10:00";"2025-06-04 11:00";cancelada;19727843-9;"Luis Contreras";NO;"Cancha Tenis Techada";"La Florida";35000;0;;
;2025-04-17;"2025-04-17 00:00";"2025-04-17 13:00";reservada;7130867-7;"Luis Contreras";SI;"Cancha Padel Aire Libre";"Santiago Centro";25000;0;;
;2025-12-13;"2025-12-13 17:00";"2025-12-13 18:00";reservada;11228399-4;"Pedro Rojas";SI;"Salon Eventos 2";"Santiago Centro";100000;0;;
;2025-05-05;"2025-05-05 00:00";"2025-05-09 23:59";cancelada;15120266-7;"Juan Perez";SI;"Cabaña 9";"Santa Cruz";480000;0;;
;2025-10-19;"2025-10-19 00:00";"2025-10-26 23:59";ejecutada;16304937-6;"Juan Perez";SI;"Cabaña 5";"Santiago Centro";840000;840000;transferencia;2025-10-17
;2025-12-09;"2025-12-09 00:00";"2025-12-16 23:59";cancelada;6491083-3;"Pedro Rojas";SI;"Cabaña 10";Providencia;840000;0;;
;2025-08-01;"2025-08-01 00:00";"2025-08-03 23:59";ejecutada;5137322-7;"Juan Perez";NO;"Cabaña 15";"Santa Cruz";240000;240000;transferencia;2025-07-27
;2025-02-13;"2025-02-13 00:00";"2025-02-15 23:59";ejecutada;9194484-7;"Ana Silva";SI;"Cabaña 4";"La Florida";240000;240000;tarjeta;2025-02-10
;2025-12-17;"2025-12-17 00:00";"2025-12-26 23:59";ejecutada;6491083-3;"Pedro Rojas";NO;"Cabaña 4";"La Florida";1080000;1080000;efectivo;2025-12-17
;2025-03-12;"2025-03-12 00:00";"2025-03-15 23:59";cancelada;17049622-1;"Pedro Rojas";SI;"Cabaña 19";"Santa Cruz";360000;0;;
;2025-02-03;"2025-02-03 15:00";"2025-02-03 16:00";reservada;23388767-6;"Juan Perez";NO;"Cancha Basquetbol Techada";"Santa Cruz";35000;0;;
;2025-07-08;"2025-07-08 00:00";"2025-07-10 23:59";cancelada;19208091-6;"Maria Gonzalez";SI;"Cabaña 13";"Santa Cruz";240000;0;;
;2025-12-16;"2025-12-16 00:00";"2025-12-18 23:59";reservada;23369020-1;"Ana Silva";SI;"Cabaña 17";"Santiago Centro";240000;0;;
;2025-11-16;"2025-11-16 00:00";"2025-11-25 23:59";cancelada;14254375-3;"Pedro Rojas";NO;"Cabaña 16";"Santiago Centro";1080000;0;;
;2025-08-19;"2025-08-19 16:00";"2025-08-19 17:00";ejecutada;23435811-1;"Pedro Rojas";NO;"Cancha Tenis Aire Libre";"La Florida";25000;25000;efectivo;2025-08-14
;2025-02-17;"2025-02-17 16:00";"2025-02-17 17:00";ejecutada;9381544-0;"Pedro Rojas";NO;"Cancha Padel Techada";Providencia;35000;35000;efectivo;2025-02-13
;2025-04-08;"2025-04-08 22:00";"2025-04-08 23:00";reservada;15530992-K;"Luis Contreras";SI;"Salon Eventos 1";"Santa Cruz";100000;0;;
;2025-03-08;"2025-03-08 17:00";"2025-03-08 18:00";cancelada;24876542-9;"Maria Gonzalez";NO;"Salon Eventos 3";"Santa Cruz";100000;0;;
;2025-07-02;"2025-07-02 00:00";"2025-07-09 23:59";cancelada;7451183-K;"Juan Perez";NO;"Cabaña 16";"Santa Cruz";840000;0;;
;2025-09-10;"2025-09-10 00:00";"2025-09-14 23:59";reservada;19344466-0;"Juan Perez";NO;"Cabaña 2";"Santa Cruz";480000;0;;
;2025-08-19;"2025-08-19 15:00";"2025-08-19 16:00";reservada;20720307-6;"Luis Contreras";NO;"Salon Eventos 4";"Santa Cruz";100000;0;;
;2025-08-04;"2025-08-04 00:00";"2025-08-13 23:59";cancelada;16972312-5;"Juan Perez";NO;"Cabaña 16";"Santiago Centro";1080000;0;;
;2025-11-06;"2025-11-06 22:00";"2025-11-06 23:00";cancelada;11012047-8;"Juan Perez";NO;"Restaurant 2";"La Florida";30000;0;;
;2025-09-10;"2025-09-10 00:00";"2025-09-12 23:59";reservada;17503226-6;"Juan Perez";SI;"Cabaña 8";"Santa Cruz";240000;0;;
;2025-09-14;"2025-09-14 20:00";"2025-09-14 21:00";reservada;22287381-9;"Ana Silva";NO;"Salon Eventos 2";"La Florida";100000;0;;
;2025-09-11;"2025-09-11 20:00";"2025-09-11 21:00";reservada;16953331-8;"Pedro Rojas";SI;"Cancha Futbolito Aire Libre";"La Florida";25000;0;;
;2025-08-13;"2025-08-13 00:00";"2025-08-16 23:59";ejecutada;22256719-K;"Ana Silva";NO;"Cabaña 13";"La Florida";360000;360000;transferencia;2025-08-10
;2025-07-05;"2025-07-05 18:00";"2025-07-05 19:00";reservada;13006129-K;"Pedro Rojas";SI;"Salon Eventos 2";"La Florida";100000;0;;
;2025-11-10;"2025-11-10 00:00";"2025-11-13 23:59";reservada;7715981-9;"Luis Contreras";SI;"Cabaña 19";"La Florida";360000;0;;
;2025-06-19;"2025-06-19 00:00";"2025-06-29 23:59";ejecutada;12891005-0;"Luis Contreras";SI;"Cabaña 4";"Santiago Centro";1200000;1200000;transferencia;2025-06-16
;2025-09-08;"2025-09-08 00:00";"2025-09-15 23:59";ejecutada;18776636-2;"Pedro Rojas";SI;"Cabaña 19";"La Florida";840000;840000;efectivo;2025-09-08
;2025-06-19;"2025-06-19 09:00";"2025-06-19 10:00";reservada;10837704-6;"Pedro Rojas";NO;"Cancha Futbolito Techada";"Santiago Centro";35000;0;;
;2025-05-17;"2025-05-17 11:00";"2025-05-17 12:00";ejecutada;8223654-6;"Ana Silva";SI;"Salon Eventos 2";"Santa Cruz";100000;100000;efectivo;2025-05-16
;2025-05-07;"2025-05-07 20:00";"2025-05-07 21:00";cancelada;21773123-2;"Luis Contreras";NO;"Cancha Basquetbol Techada";"Santa Cruz";35000;0;;
;2026-06-12;"2026-06-14 22:00";"2026-06-14 23:00";reservada;23503123-K;"Ana Silva";NO;"Cancha Padel Techada";"Santiago Centro";35000;0;;
;2025-12-20;"2025-12-20 19:00";"2025-12-20 20:00";ejecutada;21349217-9;"Luis Contreras";NO;"Cancha Basquetbol Aire Libre";"La Florida";25000;25000;efectivo;2025-12-16
;2025-06-03;"2025-06-03 10:00";"2025-06-03 11:00";reservada;11984768-0;"Luis Contreras";NO;"Cancha Futbolito Techada";"Santa Cruz";35000;0;;
;2025-08-20;"2025-08-20 00:00";"2025-08-27 23:59";ejecutada;8409701-2;"Pedro Rojas";NO;"Cabaña 1";Providencia;840000;840000;tarjeta;2025-08-18
;2025-09-01;"2025-09-01 20:00";"2025-09-01 21:00";ejecutada;9108775-8;"Ana Silva";SI;"Salon Eventos 3";"Santa Cruz";100000;100000;tarjeta;2025-08-30
;2025-11-09;"2025-11-09 00:00";"2025-11-14 23:59";cancelada;21452115-6;"Pedro Rojas";NO;"Cabaña 15";Providencia;600000;0;;
;2025-11-15;"2025-11-15 09:00";"2025-11-15 10:00";cancelada;18646254-8;"Pedro Rojas";SI;"Cancha Futbolito Techada";Providencia;35000;0;;
;2025-10-04;"2025-10-04 00:00";"2025-10-06 23:59";reservada;6085414-9;"Maria Gonzalez";NO;"Cabaña 11";Providencia;240000;0;;
;2025-06-02;"2025-06-02 09:00";"2025-06-02 10:00";reservada;19544570-2;"Maria Gonzalez";SI;"Piscina 1";Providencia;20000;0;;
;2025-12-12;"2025-12-12 18:00";"2025-12-12 19:00";ejecutada;18467664-8;"Pedro Rojas";NO;"Cancha Padel Techada";"Santiago Centro";35000;35000;transferencia;2025-12-07
;2025-09-07;"2025-09-07 21:00";"2025-09-07 22:00";reservada;20194778-2;"Ana Silva";SI;"Cancha Padel Techada";"Santiago Centro";35000;0;;
;2025-01-08;"2025-01-08 11:00";"2025-01-08 12:00";ejecutada;19211618-K;"Luis Contreras";SI;"Cancha Tenis Aire Libre";"Santiago Centro";25000;25000;transferencia;2025-01-07
;2025-05-19;"2025-05-19 00:00";"2025-05-20 23:59";ejecutada;12578522-0;"Ana Silva";SI;"Cabaña 10";"Santiago Centro";120000;120000;efectivo;2025-05-14
;2025-07-10;"2025-07-10 00:00";"2025-07-20 23:59";cancelada;7416582-6;"Pedro Rojas";NO;"Cabaña 6";"Santa Cruz";1200000;0;;
;2025-01-13;"2025-01-13 21:00";"2025-01-13 22:00";reservada;5137322-7;"Juan Perez";NO;"Cancha Tenis Aire Libre";"La Florida";25000;0;;
;2025-04-16;"2025-04-16 10:00";"2025-04-16 11:00";reservada;16253483-1;"Maria Gonzalez";NO;"Salon Eventos 3";Providencia;100000;0;;
;2025-09-08;"2025-09-08 18:00";"2025-09-08 19:00";cancelada;10949220-5;"Maria Gonzalez";NO;"Cancha Padel Techada";"Santa Cruz";35000;0;;
;2025-05-14;"2025-05-14 13:00";"2025-05-14 14:00";ejecutada;6642396-4;"Maria Gonzalez";NO;"Restaurant 1";Providencia;30000;30000;tarjeta;2025-05-13
;2025-10-06;"2025-10-06 00:00";"2025-10-07 23:59";cancelada;11521745-3;"Ana Silva";NO;"Cabaña 6";"Santiago Centro";120000;0;;
;2025-08-16;"2025-08-16 00:00";"2025-08-19 23:59";cancelada;12887828-9;"Maria Gonzalez";SI;"Cabaña 18";"Santiago Centro";360000;0;;
;2025-01-05;"2025-01-05 00:00";"2025-01-12 23:59";cancelada;20078438-3;"Ana Silva";SI;"Cabaña 12";"La Florida";840000;0;;
;2025-04-10;"2025-04-10 00:00";"2025-04-11 23:59";ejecutada;23503123-K;"Ana Silva";SI;"Cabaña 8";"La Florida";120000;120000;transferencia;2025-04-09
;2025-09-16;"2025-09-16 20:00";"2025-09-16 21:00";ejecutada;24945636-5;"Ana Silva";SI;"Salon Eventos 2";"La Florida";100000;100000;efectivo;2025-09-14
;2025-09-07;"2025-09-07 20:00";"2025-09-07 21:00";ejecutada;22078734-6;"Pedro Rojas";SI;"Salon Eventos 4";"Santa Cruz";100000;100000;efectivo;2025-09-04
;2025-03-04;"2025-03-04 22:00";"2025-03-04 23:00";cancelada;10145466-5;"Pedro Rojas";SI;"Piscina 2";Providencia;20000;0;;
;2025-03-04;"2025-03-04 13:00";"2025-03-04 14:00";cancelada;20997181-K;"Juan Perez";SI;"Restaurant 1";Providencia;30000;0;;
;2025-06-11;"2025-06-11 10:00";"2025-06-11 11:00";ejecutada;13914038-9;"Luis Contreras";SI;"Restaurant 2";"La Florida";30000;30000;efectivo;2025-06-06
;2025-02-04;"2025-02-04 13:00";"2025-02-04 14:00";cancelada;6988936-0;"Maria Gonzalez";SI;"Cancha Padel Aire Libre";"Santiago Centro";25000;0;;
;2025-10-07;"2025-10-07 12:00";"2025-10-07 13:00";reservada;15585247-K;"Pedro Rojas";SI;"Salon Eventos 2";"La Florida";100000;0;;
;2025-08-17;"2025-08-17 00:00";"2025-08-23 23:59";ejecutada;19727843-9;"Luis Contreras";NO;"Cabaña 8";"Santiago Centro";720000;720000;tarjeta;2025-08-17
;2025-08-15;"2025-08-15 20:00";"2025-08-15 21:00";reservada;23433621-5;"Maria Gonzalez";SI;"Cancha Tenis Aire Libre";"La Florida";25000;0;;
;2025-05-17;"2025-05-17 00:00";"2025-05-26 23:59";cancelada;16968310-7;"Luis Contreras";NO;"Cabaña 16";"Santiago Centro";1080000;0;;
;2025-07-12;"2025-07-12 00:00";"2025-07-14 23:59";reservada;19052661-5;"Maria Gonzalez";NO;"Cabaña 11";Providencia;240000;0;;
;2025-01-18;"2025-01-18 00:00";"2025-01-25 23:59";cancelada;15585247-K;"Pedro Rojas";NO;"Cabaña 14";"La Florida";840000;0;;
;2025-05-04;"2025-05-04 00:00";"2025-05-13 23:59";ejecutada;11414686-2;"Maria Gonzalez";SI;"Cabaña 13";"La Florida";1080000;1080000;efectivo;2025-05-01
;2025-11-01;"2025-11-01 00:00";"2025-11-03 23:59";ejecutada;8701823-7;"Luis Contreras";NO;"Cabaña 16";"La Florida";240000;240000;transferencia;2025-10-27
;2025-12-06;"2025-12-06 19:00";"2025-12-06 20:00";ejecutada;24635453-7;"Juan Perez";NO;"Salon Eventos 4";Providencia;100000;100000;transferencia;2025-12-04
;2025-12-15;"2025-12-15 19:00";"2025-12-15 20:00";ejecutada;21156024-K;"Maria Gonzalez";SI;"Restaurant 1";Providencia;30000;30000;tarjeta;2025-12-11
;2025-08-06;"2025-08-06 00:00";"2025-08-09 23:59";ejecutada;20112516-2;"Luis Contreras";NO;"Cabaña 15";Providencia;360000;360000;efectivo;2025-08-04
;2025-05-12;"2025-05-12 11:00";"2025-05-12 12:00";cancelada;6512346-0;"Maria Gonzalez";NO;"Cancha Futbolito Techada";Providencia;35000;0;;
;2025-11-10;"2025-11-10 00:00";"2025-11-17 23:59";cancelada;21351051-7;"Ana Silva";SI;"Cabaña 17";"La Florida";840000;0;;
;2025-07-05;"2025-07-05 11:00";"2025-07-05 12:00";reservada;6442121-2;"Pedro Rojas";SI;"Cancha Futbolito Aire Libre";Providencia;25000;0;;
;2025-06-01;"2025-06-01 09:00";"2025-06-01 10:00";cancelada;19544570-2;"Maria Gonzalez";NO;"Salon Eventos 1";"La Florida";100000;0;;
;2025-04-13;"2025-04-13 00:00";"2025-04-22 23:59";cancelada;11247006-9;"Luis Contreras";SI;"Cabaña 15";"La Florida";1080000;0;;
;2025-05-05;"2025-05-05 16:00";"2025-05-05 17:00";ejecutada;22256719-K;"Ana Silva";NO;"Cancha Tenis Aire Libre";"La Florida";25000;25000;efectivo;2025-05-01
;2025-11-08;"2025-11-08 00:00";"2025-11-16 23:59";ejecutada;10701066-1;"Maria Gonzalez";SI;"Cabaña 16";"Santa Cruz";960000;960000;transferencia;2025-11-05
;2025-10-05;"2025-10-05 00:00";"2025-10-08 23:59";ejecutada;12313678-0;"Juan Perez";NO;"Cabaña 1";"Santa Cruz";360000;360000;transferencia;2025-10-05
;2025-09-06;"2025-09-06 00:00";"2025-09-14 23:59";cancelada;17911506-9;"Pedro Rojas";SI;"Cabaña 3";"La Florida";960000;0;;
;2025-11-16;"2025-11-16 17:00";"2025-11-16 18:00";reservada;24795565-8;"Luis Contreras";NO;"Cancha Tenis Aire Libre";"La Florida";25000;0;;
;2025-01-14;"2025-01-14 16:00";"2025-01-14 17:00";ejecutada;15807009-K;"Luis Contreras";NO;"Cancha Tenis Aire Libre";"La Florida";25000;25000;tarjeta;2025-01-13
;2026-06-15;"2026-06-17 10:00";"2026-06-17 11:00";reservada;11984768-0;"Luis Contreras";SI;"Cancha Tenis Aire Libre X";"Santiago Centro";25000;0;;
;2025-12-15;"2025-12-15 00:00";"2025-12-16 23:59";cancelada;16253483-1;"Maria Gonzalez";NO;"Cabaña 18";"La Florida";120000;0;;
;2025-09-09;"2025-09-09 10:00";"2025-09-09 11:00";ejecutada;22075434-0;"Ana Silva";SI;"Cancha Futbolito Aire Libre";"Santa Cruz";25000;25000;tarjeta;2025-09-06
;2025-11-13;"2025-11-13 19:00";"2025-11-13 20:00";ejecutada;19484029-2;"Luis Contreras";NO;"Salon Eventos 2";"Santa Cruz";100000;100000;transferencia;2025-11-12
;2025-12-14;"2025-12-14 00:00";"2025-12-21 23:59";reservada;18876546-7;"Juan Perez";SI;"Cabaña 8";"Santiago Centro";840000;0;;
;2025-06-19;"2025-06-19 00:00";"2025-06-27 23:59";ejecutada;24949712-6;"Luis Contreras";NO;"Cabaña 18";"Santiago Centro";960000;960000;tarjeta;2025-06-14
;2025-11-06;"2025-11-06 00:00";"2025-11-10 23:59";cancelada;21783745-6;"Maria Gonzalez";SI;"Cabaña 8";"La Florida";480000;0;;
;2025-09-16;"2025-09-16 20:00";"2025-09-16 21:00";reservada;7479790-3;"Luis Contreras";SI;"Salon Eventos 2";"Santiago Centro";100000;0;;
;2025-07-19;"2025-07-19 18:00";"2025-07-19 19:00";reservada;20727566-2;"Juan Perez";SI;"Piscina 1";Providencia;20000;0;;
;2025-11-14;"2025-11-14 00:00";"2025-11-20 23:59";cancelada;16889614-K;"Pedro Rojas";SI;"Cabaña 8";Providencia;720000;0;;
;2025-01-10;"2025-01-10 11:00";"2025-01-10 12:00";reservada;23457711-5;"Luis Contreras";SI;"Piscina 2";"Santiago Centro";20000;0;;
;2025-10-04;"2025-10-04 08:00";"2025-10-04 09:00";reservada;12922397-9;"Maria Gonzalez";SI;"Restaurant 2";"Santiago Centro";30000;0;;
;2025-03-12;"2025-03-12 21:00";"2025-03-12 22:00";cancelada;11521745-3;"Ana Silva";SI;"Salon Eventos 1";Providencia;100000;0;;
;2025-02-04;"2025-02-04 00:00";"2025-02-12 23:59";cancelada;15941454-K;"Pedro Rojas";NO;"Cabaña 8";"Santiago Centro";960000;0;;
;2025-04-14;"2025-04-14 00:00";"2025-04-18 23:59";reservada;17470694-8;"Pedro Rojas";SI;"Cabaña 1";"La Florida";480000;0;;
;2025-08-08;"2025-08-08 10:00";"2025-08-08 11:00";reservada;17453904-9;"Ana Silva";SI;"Cancha Futbolito Techada";"La Florida";35000;0;;
;2025-02-04;"2025-02-04 00:00";"2025-02-04 12:00";reservada;16657576-1;"Luis Contreras";NO;"Cancha Basquetbol Aire Libre";"Santiago Centro";25000;0;;
;2025-05-19;"2025-05-19 08:00";"2025-05-19 09:00";ejecutada;12730200-6;"Maria Gonzalez";NO;"Salon Eventos 4";"Santiago Centro";100000;100000;efectivo;2025-05-16
;2025-06-15;"2025-06-15 09:00";"2025-06-15 10:00";ejecutada;13761426-K;"Maria Gonzalez";NO;"Piscina 2";"La Florida";20000;20000;efectivo;2025-06-11
;2025-08-18;"2025-08-18 00:00";"2025-08-23 23:59";ejecutada;5779517-4;"Luis Contreras";SI;"Cabaña 14";Providencia;600000;600000;tarjeta;2025-08-16
;2025-09-03;"2025-09-03 00:00";"2025-09-10 23:59";ejecutada;9813420-4;"Maria Gonzalez";NO;"Cabaña 8";"Santiago Centro";840000;840000;transferencia;2025-09-01
;2025-02-09;"2025-02-09 13:00";"2025-02-09 14:00";ejecutada;11541623-5;"Maria Gonzalez";NO;"Cancha Basquetbol Aire Libre";"Santiago Centro";25000;25000;transferencia;2025-02-08
;2025-03-16;"2025-03-16 00:00";"2025-03-24 23:59";reservada;16479158-0;"Pedro Rojas";NO;"Cabaña 16 X";"La Florida";960000;0;;
;2025-11-19;"2025-11-19 13:00";"2025-11-19 14:00";reservada;21554696-9;"Maria Gonzalez";SI;"Cancha Padel Aire Libre";"La Florida";25000;0;;
;2025-07-05;"2025-07-05 13:00";"2025-07-05 14:00";ejecutada;20928234-8;"Pedro Rojas";NO;"Salon Eventos 3";Providencia;100000;100000;tarjeta;2025-06-30
;2025-03-12;"2025-03-12 13:00";"2025-03-12 14:00";ejecutada;18154120-2;"Maria Gonzalez";SI;"Piscina 1";"Santiago Centro";20000;20000;tarjeta;2025-03-09
;2025-12-09;"2025-12-09 20:00";"2025-12-09 21:00";ejecutada;21156024-K;"Maria Gonzalez";SI;"Cancha Padel Techada";"La Florida";35000;35000;transferencia;2025-12-05
;2025-07-08;"2025-07-08 11:00";"2025-07-08 12:00";reservada;16253483-1;"Maria Gonzalez";NO;"Cancha Tenis Techada";"La Florida";35000;0;;
;2025-05-13;"2025-05-13 21:00";"2025-05-13 22:00";cancelada;10934689-6;"Pedro Rojas";SI;"Restaurant 2";Providencia;30000;0;;
;2025-06-06;"2025-06-06 00:00";"2025-06-13 23:59";reservada;15795747-3;"Ana Silva";SI;"Cabaña 16";"Santa Cruz";840000;0;;
;2025-11-19;"2025-11-19 20:00";"2025-11-19 21:00";reservada;5854603-8;"Luis Contreras";NO;"Cancha Basquetbol Aire Libre";"La Florida";25000;0;;
;2025-03-12;"2025-03-12 00:00";"2025-03-14 23:59";reservada;9571085-9;"Juan Perez";NO;"Cabaña 19";"La Florida";240000;0;;
;2025-07-05;"2025-07-05 00:00";"2025-07-06 23:59";ejecutada;16550967-6;"Ana Silva";SI;"Cabaña 5";Providencia;120000;120000;efectivo;2025-07-03
;2025-08-11;"2025-08-11 16:00";"2025-08-11 17:00";ejecutada;7106046-2;"Maria Gonzalez";SI;"Piscina 2 X";"Santa Cruz";20000;20000;transferencia;2025-08-08
;2025-09-10;"2025-09-10 00:00";"2025-09-17 23:59";ejecutada;9843733-9;"Maria Gonzalez";NO;"Cabaña 10";"Santiago Centro";840000;840000;efectivo;2025-09-10
;2025-06-13;"2025-06-13 09:00";"2025-06-13 10:00";ejecutada;12453493-3;"Juan Perez";NO;"Restaurant 1";Providencia;30000;30000;transferencia;2025-06-09
;2025-08-12;"2025-08-12 00:00";"2025-08-20 23:59";cancelada;15807009-K;"Luis Contreras";SI;"Cabaña 14";"Santa Cruz";960000;0;;
;2025-07-02;"2025-07-02 00:00";"2025-07-10 23:59";ejecutada;14756759-6;"Juan Perez";SI;"Cabaña 19";"La Florida";960000;960000;transferencia;2025-06-27
;2025-05-17;"2025-05-17 00:00";"2025-05-18 23:59";cancelada;13534305-6;"Juan Perez";NO;"Cabaña 10";"Santiago Centro";120000;0;;
;2025-06-03;"2025-06-03 16:00";"2025-06-03 17:00";cancelada;23849659-4;"Maria Gonzalez";SI;"Salon Eventos 1";"Santiago Centro";100000;0;;
;2025-05-06;"2025-05-06 00:00";"2025-05-08 23:59";ejecutada;22108526-4;"Ana Silva";NO;"Cabaña 4";"Santa Cruz";240000;240000;tarjeta;2025-05-04
;2025-02-15;"2025-02-15 22:00";"2025-02-15 23:00";reservada;8722237-3;"Juan Perez";NO;"Salon Eventos 1";"Santiago Centro";100000;0;;
;2025-12-16;"2025-12-16 00:00";"2025-12-22 23:59";reservada;18616868-2;"Luis Contreras";NO;"Cabaña 4";"La Florida";720000;0;;
;2025-12-05;"2025-12-05 00:00";"2025-12-11 23:59";cancelada;5137322-7;"Juan Perez";NO;"Cabaña 12";"Santiago Centro";720000;0;;
;2025-09-20;"2025-09-20 00:00";"2025-09-22 23:59";ejecutada;17931290-5;"Juan Perez";SI;"Cabaña 1";"Santa Cruz";240000;240000;transferencia;2025-09-15
;2025-12-11;"2025-12-11 18:00";"2025-12-11 19:00";cancelada;5645014-9;"Pedro Rojas";NO;"Cancha Futbolito Aire Libre";Providencia;25000;0;;
;2025-11-09;"2025-11-09 00:00";"2025-11-10 23:59";cancelada;5757659-6;"Pedro Rojas";SI;"Cabaña 17";"Santa Cruz";120000;0;;
;2025-12-18;"2025-12-18 00:00";"2025-12-28 23:59";ejecutada;18843742-7;"Pedro Rojas";SI;"Cabaña 20";"Santiago Centro";1200000;1200000;tarjeta;2025-12-18
;2025-01-13;"2025-01-13 00:00";"2025-01-13 09:00";ejecutada;12568147-6;"Ana Silva";NO;"Salon Eventos 2 X";"La Florida";100000;100000;tarjeta;2025-01-13
;2025-09-16;"2025-09-16 00:00";"2025-09-17 23:59";ejecutada;16276138-2;"Ana Silva";SI;"Cabaña 19";"Santa Cruz";120000;120000;efectivo;2025-09-15
;2025-02-17;"2025-02-17 00:00";"2025-02-17 16:00";reservada;10478754-1;"Pedro Rojas";SI;"Restaurant 1";Providencia;30000;0;;
;2025-05-02;"2025-05-02 00:00";"2025-05-08 23:59";reservada;20859114-2;"Luis Contreras";NO;"Cabaña 7";"La Florida";720000;0;;
;2025-03-19;"2025-03-19 00:00";"2025-03-23 23:59";reservada;23731597-9;"Juan Perez";SI;"Cabaña 11";Providencia;480000;0;;
;2025-11-10;"2025-11-10 00:00";"2025-11-19 23:59";ejecutada;10234889-3;"Pedro Rojas";SI;"Cabaña 10";"Santa Cruz";1080000;1080000;tarjeta;2025-11-08
;2025-12-07;"2025-12-07 00:00";"2025-12-12 23:59";reservada;17623443-1;"Maria Gonzalez";SI;"Cabaña 13";Providencia;600000;0;;
;2025-07-05;"2025-07-05 00:00";"2025-07-14 23:59";ejecutada;7781298-9;"Pedro Rojas";NO;"Cabaña 6";"Santiago Centro";1080000;1080000;tarjeta;2025-07-04
;2025-08-17;"2025-08-17 15:00";"2025-08-17 16:00";ejecutada;6559917-1;"Maria Gonzalez";NO;"Cancha Basquetbol Aire Libre";"Santiago Centro";25000;25000;efectivo;2025-08-16
;2025-12-20;"2025-12-20 00:00";"2025-12-22 23:59";reservada;12568147-6;"Ana Silva";NO;"Cabaña 20";"La Florida";240000;0;;
;2025-05-11;"2025-05-11 00:00";"2025-05-14 23:59";reservada;5779517-4;"Luis Contreras";SI;"Cabaña 14";Providencia;360000;0;;
;2025-04-16;"2025-04-16 00:00";"2025-04-23 23:59";reservada;10464361-2;"Luis Contreras";NO;"Cabaña 5";"La Florida";840000;0;;
;2025-01-17;"2025-01-17 00:00";"2025-01-19 23:59";reservada;6504014-K;"Luis Contreras";NO;"Cabaña 13";"La Florida";240000;0;;
;2025-08-01;"2025-08-01 00:00";"2025-08-07 23:59";ejecutada;6126593-7;"Juan Perez";NO;"Cabaña 18";Providencia;720000;720000;transferencia;2025-07-27
;2025-07-09;"2025-07-09 00:00";"2025-07-16 23:59";ejecutada;20394775-5;"Pedro Rojas";SI;"Cabaña 5";"La Florida";840000;840000;transferencia;2025-07-08
;2025-04-09;"2025-04-09 00:00";"2025-04-19 23:59";reservada;15293763-6;"Luis Contreras";SI;"Cabaña 4";Providencia;1200000;0;;
;2025-09-05;"2025-09-05 00:00";"2025-09-13 23:59";reservada;16949045-7;"Luis Contreras";SI;"Cabaña 18";Providencia;960000;0;;
;2025-06-03;"2025-06-03 00:00";"2025-06-05 23:59";ejecutada;24132013-8;"Pedro Rojas";NO;"Cabaña 19";"Santa Cruz";240000;240000;transferencia;2025-05-29
;2025-06-13;"2025-06-13 15:00";"2025-06-13 16:00";cancelada;22863706-8;"Luis Contreras";SI;"Salon Eventos 2";"La Florida";100000;0;;
;2025-11-13;"2025-11-13 00:00";"2025-11-21 23:59";reservada;22703981-7;"Juan Perez";NO;"Cabaña 17";"La Florida";960000;0;;
;2025-12-16;"2025-12-16 10:00";"2025-12-16 11:00";ejecutada;7106046-2;"Maria Gonzalez";SI;"Salon Eventos 1";"La Florida";100000;100000;tarjeta;2025-12-12
;2025-06-14;"2025-06-14 00:00";"2025-06-15 23:59";reservada;22512308-K;"Pedro Rojas";SI;"Cabaña 12";"Santiago Centro";120000;0;;
;2025-04-04;"2025-04-04 19:00";"2025-04-04 20:00";reservada;17674128-7;"Pedro Rojas";NO;"Salon Eventos 1";Providencia;100000;0;;
;2025-02-08;"2025-02-08 00:00";"2025-02-10 23:59";cancelada;16114575-0;"Luis Contreras";NO;"Cabaña 18";"Santiago Centro";240000;0;;
;2025-03-08;"2025-03-08 00:00";"2025-03-15 23:59";cancelada;18467664-8;"Pedro Rojas";SI;"Cabaña 11";Providencia;840000;0;;
;2025-04-10;"2025-04-10 20:00";"2025-04-10 21:00";reservada;19631766-K;"Maria Gonzalez";NO;"Cancha Padel Techada";"La Florida";35000;0;;
;2025-11-11;"2025-11-11 17:00";"2025-11-11 18:00";ejecutada;23302730-8;"Maria Gonzalez";NO;"Cancha Basquetbol Aire Libre";"La Florida";25000;25000;efectivo;2025-11-11
;2025-05-01;"2025-05-01 09:00";"2025-05-01 10:00";reservada;22966221-K;"Maria Gonzalez";NO;"Salon Eventos 4";Providencia;100000;0;;
;2025-09-08;"2025-09-08 20:00";"2025-09-08 21:00";reservada;7735551-0;"Ana Silva";SI;"Cancha Tenis Techada";"Santa Cruz";35000;0;;
;2025-05-20;"2025-05-20 00:00";"2025-05-23 23:59";reservada;16759872-2;"Ana Silva";SI;"Cabaña 15";Providencia;360000;0;;
;2025-05-09;"2025-05-09 11:00";"2025-05-09 12:00";reservada;9203394-5;"Luis Contreras";SI;"Cancha Basquetbol Aire Libre";"Santiago Centro";25000;0;;
;2025-08-02;"2025-08-02 00:00";"2025-08-12 23:59";reservada;17820790-3;"Juan Perez";NO;"Cabaña 15";"Santa Cruz";1200000;0;;
;2025-05-16;"2025-05-16 00:00";"2025-05-26 23:59";cancelada;13734270-7;"Luis Contreras";SI;"Cabaña 7";"Santiago Centro";1200000;0;;
;2025-06-03;"2025-06-03 00:00";"2025-06-12 23:59";reservada;10120385-9;"Maria Gonzalez";NO;"Cabaña 15";"Santiago Centro";1080000;0;;
;2025-11-18;"2025-11-18 00:00";"2025-11-18 16:00";cancelada;11218435-K;"Luis Contreras";SI;"Salon Eventos 4 X";"Santa Cruz";100000;0;;
;2025-12-08;"2025-12-08 00:00";"2025-12-10 23:59";cancelada;18647741-3;"Ana Silva";SI;"Cabaña 15";"Santa Cruz";240000;0;;
;2025-06-01;"2025-06-01 18:00";"2025-06-01 19:00";reservada;24795565-8;"Luis Contreras";SI;"Cancha Futbolito Techada";Providencia;35000;0;;
;2025-01-03;"2025-01-03 00:00";"2025-01-08 23:59";cancelada;10992904-2;"Luis Contreras";SI;"Cabaña 13";"Santa Cruz";600000;0;;
;2025-09-11;"2025-09-11 00:00";"2025-09-21 23:59";cancelada;11277963-9;"Juan Perez";NO;"Cabaña 3";"Santa Cruz";1200000;0;;
;2025-03-07;"2025-03-07 12:00";"2025-03-07 13:00";reservada;24945636-5;"Ana Silva";SI;"Restaurant 1";"La Florida";30000;0;;
;2025-05-20;"2025-05-20 00:00";"2025-05-27 23:59";ejecutada;21162735-2;"Juan Perez";NO;"Cabaña 18";Providencia;840000;840000;tarjeta;2025-05-16
;2025-08-13;"2025-08-13 00:00";"2025-08-20 23:59";ejecutada;22381571-5;"Juan Perez";NO;"Cabaña 16";"Santa Cruz";840000;840000;efectivo;2025-08-12
;2025-08-05;"2025-08-05 16:00";"2025-08-05 17:00";cancelada;13775714-1;"Luis Contreras";SI;"Cancha Tenis Techada";"Santa Cruz";35000;0;;
;2025-02-01;"2025-02-01 00:00";"2025-02-08 23:59";ejecutada;23939713-1;"Pedro Rojas";NO;"Cabaña 19";"Santa Cruz";840000;840000;efectivo;2025-01-30
;2025-08-01;"2025-08-01 00:00";"2025-08-07 23:59";cancelada;24765561-1;"Juan Perez";NO;"Cabaña 18";"Santiago Centro";720000;0;;
;2025-08-12;"2025-08-12 00:00";"2025-08-21 23:59";cancelada;21099442-4;"Luis Contreras";NO;"Cabaña 3";Providencia;1080000;0;;
;2025-02-12;"2025-02-12 00:00";"2025-02-17 23:59";ejecutada;5427877-2;"Juan Perez";NO;"Cabaña 4";"Santiago Centro";600000;600000;efectivo;2025-02-11
;2025-05-07;"2025-05-07 00:00";"2025-05-13 23:59";cancelada;13224751-K;"Luis Contreras";NO;"Cabaña 6";"Santa Cruz";720000;0;;
;2026-06-15;"2026-06-17 03:30";"2026-06-26 03:30";reservada;6858349-7;"Luis Contreras";SI;"Cabaña 1";"La Florida";1080000;0;;
;2025-02-16;"2025-02-16 00:00";"2025-02-24 23:59";cancelada;20928234-8;"Pedro Rojas";SI;"Cabaña 16";"Santiago Centro";960000;0;;
;2025-12-14;"2025-12-14 00:00";"2025-12-16 23:59";reservada;8356612-4;"Pedro Rojas";SI;"Cabaña 17 X";"La Florida";240000;0;;
;2025-10-07;"2025-10-07 00:00";"2025-10-16 23:59";cancelada;16170965-4;"Luis Contreras";NO;"Cabaña 1";"Santa Cruz";1080000;0;;
;2025-12-10;"2025-12-10 00:00";"2025-12-18 23:59";ejecutada;5427877-2;"Juan Perez";NO;"Cabaña 8";Providencia;960000;960000;efectivo;2025-12-07
;2025-11-01;"2025-11-01 16:00";"2025-11-01 17:00";cancelada;13203913-5;"Maria Gonzalez";NO;"Piscina 1";"Santiago Centro";20000;0;;
;2025-07-03;"2025-07-03 00:00";"2025-07-11 23:59";cancelada;5350796-4;"Luis Contreras";SI;"Cabaña 8";"Santa Cruz";960000;0;;
;2025-10-13;"2025-10-13 20:00";"2025-10-13 21:00";reservada;7812836-4;"Pedro Rojas";NO;"Cancha Futbolito Aire Libre";"Santiago Centro";25000;0;;
;2025-07-15;"2025-07-15 12:00";"2025-07-15 13:00";reservada;10145466-5;"Pedro Rojas";NO;"Salon Eventos 2";"La Florida";100000;0;;
;2025-06-18;"2025-06-18 00:00";"2025-06-23 23:59";cancelada;13006129-K;"Pedro Rojas";SI;"Cabaña 10";Providencia;600000;0;;
;2025-11-07;"2025-11-07 22:00";"2025-11-07 23:00";reservada;13534305-6;"Juan Perez";NO;"Salon Eventos 3";Providencia;100000;0;;
;2025-04-05;"2025-04-05 09:00";"2025-04-05 10:00";reservada;7544276-9;"Maria Gonzalez";SI;"Cancha Futbolito Techada";"Santa Cruz";35000;0;;
;2025-05-16;"2025-05-16 14:00";"2025-05-16 15:00";ejecutada;19652678-1;"Juan Perez";SI;"Restaurant 1";"La Florida";30000;30000;efectivo;2025-05-14
;2025-05-04;"2025-05-04 09:00";"2025-05-04 10:00";cancelada;21841410-9;"Juan Perez";SI;"Salon Eventos 3";"La Florida";100000;0;;
;2025-11-15;"2025-11-15 22:00";"2025-11-15 23:00";reservada;16848416-K;"Ana Silva";NO;"Piscina 1";"Santa Cruz";20000;0;;
;2025-01-17;"2025-01-17 10:00";"2025-01-17 11:00";ejecutada;5643136-5;"Juan Perez";SI;"Salon Eventos 3";"La Florida";100000;100000;tarjeta;2025-01-17
;2025-11-10;"2025-11-10 13:00";"2025-11-10 14:00";ejecutada;13288053-0;"Luis Contreras";SI;"Cancha Futbolito Aire Libre";"La Florida";25000;25000;transferencia;2025-11-05
;2025-05-06;"2025-05-06 13:00";"2025-05-06 14:00";cancelada;15345989-4;"Pedro Rojas";NO;"Cancha Padel Aire Libre";Providencia;25000;0;;
;2025-03-19;"2025-03-19 15:00";"2025-03-19 16:00";ejecutada;19484029-2;"Luis Contreras";SI;"Cancha Basquetbol Aire Libre";"Santa Cruz";25000;25000;transferencia;2025-03-14
;2025-06-14;"2025-06-14 11:00";"2025-06-14 12:00";cancelada;12353825-0;"Ana Silva";SI;"Restaurant 2";"La Florida";30000;0;;
;2025-11-17;"2025-11-17 00:00";"2025-11-22 23:59";cancelada;20997181-K;"Juan Perez";NO;"Cabaña 18";"Santiago Centro";600000;0;;
;2025-02-09;"2025-02-09 08:00";"2025-02-09 09:00";reservada;15505875-7;"Pedro Rojas";SI;"Cancha Basquetbol Aire Libre";"La Florida";25000;0;;
;2025-10-11;"2025-10-11 00:00";"2025-10-14 23:59";reservada;23804418-9;"Ana Silva";NO;"Cabaña 7";"La Florida";360000;0;;
;2025-08-14;"2025-08-14 00:00";"2025-08-23 23:59";ejecutada;15600733-1;"Luis Contreras";SI;"Cabaña 20";"Santa Cruz";1080000;1080000;tarjeta;2025-08-12
;2025-07-11;"2025-07-11 08:00";"2025-07-11 09:00";reservada;5135966-6;"Pedro Rojas";NO;"Restaurant 1";"La Florida";30000;0;;
;2025-06-20;"2025-06-20 00:00";"2025-06-30 23:59";ejecutada;24639890-9;"Luis Contreras";SI;"Cabaña 6 X";Providencia;1200000;1200000;transferencia;2025-06-20
;2025-09-16;"2025-09-16 09:00";"2025-09-16 10:00";ejecutada;21821683-8;"Maria Gonzalez";SI;"Restaurant 2";Providencia;30000;30000;efectivo;2025-09-13
;2025-04-16;"2025-04-16 00:00";"2025-04-25 23:59";ejecutada;13532015-3;"Luis Contreras";NO;"Cabaña 18";Providencia;1080000;1080000;transferencia;2025-04-13
;2025-11-15;"2025-11-15 00:00";"2025-11-19 23:59";cancelada;22078734-6;"Pedro Rojas";NO;"Cabaña 6";"La Florida";480000;0;;
;2025-12-16;"2025-12-16 00:00";"2025-12-26 23:59";ejecutada;24179315-K;"Luis Contreras";NO;"Cabaña 16";Providencia;1200000;1200000;tarjeta;2025-12-16
;2025-01-09;"2025-01-09 00:00";"2025-01-17 23:59";cancelada;20642956-9;"Ana Silva";SI;"Cabaña 11";"La Florida";960000;0;;
;2025-03-18;"2025-03-18 14:00";"2025-03-18 15:00";ejecutada;16741872-4;"Maria Gonzalez";SI;"Salon Eventos 3";"Santa Cruz";100000;100000;tarjeta;2025-03-15
;2025-12-06;"2025-12-06 00:00";"2025-12-12 23:59";reservada;9259413-0;"Luis Contreras";SI;"Cabaña 16";"Santa Cruz";720000;0;;
;2025-10-16;"2025-10-16 15:00";"2025-10-16 16:00";cancelada;15047491-4;"Ana Silva";SI;"Cancha Futbolito Techada";"Santiago Centro";35000;0;;
;2025-09-12;"2025-09-12 00:00";"2025-09-13 23:59";ejecutada;20548964-9;"Maria Gonzalez";NO;"Cabaña 8";"Santiago Centro";120000;120000;transferencia;2025-09-08
;2025-12-01;"2025-12-01 00:00";"2025-12-09 23:59";ejecutada;16949045-7;"Luis Contreras";SI;"Cabaña 15";"La Florida";960000;960000;efectivo;2025-11-26
;2025-09-12;"2025-09-12 00:00";"2025-09-18 23:59";cancelada;18750495-3;"Juan Perez";NO;"Cabaña 8";Providencia;720000;0;;
;2025-04-17;"2025-04-17 00:00";"2025-04-26 23:59";ejecutada;17877832-3;"Pedro Rojas";NO;"Cabaña 17";"Santa Cruz";1080000;1080000;tarjeta;2025-04-17
;2025-06-06;"2025-06-06 00:00";"2025-06-07 23:59";reservada;17263289-0;"Juan Perez";NO;"Cabaña 11";Providencia;120000;0;;
;2025-12-01;"2025-12-01 00:00";"2025-12-07 23:59";ejecutada;24859483-7;"Luis Contreras";NO;"Cabaña 17";"Santiago Centro";720000;720000;tarjeta;2025-11-29
;2025-09-19;"2025-09-19 00:00";"2025-09-20 23:59";cancelada;6626889-6;"Pedro Rojas";SI;"Cabaña 12";Providencia;120000;0;;
;2025-01-09;"2025-01-09 17:00";"2025-01-09 18:00";cancelada;23849659-4;"Maria Gonzalez";SI;"Cancha Tenis Aire Libre";"Santiago Centro";25000;0;;
;2025-12-02;"2025-12-02 00:00";"2025-12-04 23:59";cancelada;18881160-4;"Pedro Rojas";NO;"Cabaña 10";Providencia;240000;0;;
;2025-03-15;"2025-03-15 15:00";"2025-03-15 16:00";ejecutada;17275270-5;"Pedro Rojas";NO;"Cancha Padel Techada";"La Florida";35000;35000;transferencia;2025-03-14
;2025-01-09;"2025-01-09 00:00";"2025-01-13 23:59";ejecutada;17931290-5;"Juan Perez";SI;"Cabaña 6";Providencia;480000;480000;transferencia;2025-01-09
;2025-11-16;"2025-11-16 00:00";"2025-11-17 23:59";reservada;8282741-2;"Juan Perez";NO;"Cabaña 10";"Santiago Centro";120000;0;;
;2025-10-15;"2025-10-15 00:00";"2025-10-17 23:59";reservada;6389986-0;"Luis Contreras";NO;"Cabaña 12";"La Florida";240000;0;;
;2025-01-20;"2025-01-20 00:00";"2025-01-22 23:59";ejecutada;18065705-3;"Maria Gonzalez";NO;"Cabaña 5";"Santa Cruz";240000;240000;efectivo;2025-01-15
;2025-05-14;"2025-05-14 00:00";"2025-05-20 23:59";ejecutada;6512346-0;"Maria Gonzalez";SI;"Cabaña 12";"La Florida";720000;720000;transferencia;2025-05-09
;2025-11-18;"2025-11-18 17:00";"2025-11-18 18:00";reservada;15121060-0;"Ana Silva";SI;"Restaurant 1";"Santiago Centro";30000;0;;
;2025-01-13;"2025-01-13 16:00";"2025-01-13 17:00";reservada;23046980-6;"Luis Contreras";SI;"Salon Eventos 4";"Santa Cruz";100000;0;;
;2025-02-17;"2025-02-17 00:00";"2025-02-19 23:59";cancelada;6204457-8;"Luis Contreras";NO;"Cabaña 2";Providencia;240000;0;;
;2025-05-13;"2025-05-13 00:00";"2025-05-23 23:59";reservada;21934163-6;"Maria Gonzalez";SI;"Cabaña 18";"La Florida";1200000;0;;
;2025-04-14;"2025-04-14 00:00";"2025-04-22 23:59";cancelada;12578522-0;"Ana Silva";SI;"Cabaña 2";"La Florida";960000;0;;
;2025-01-08;"2025-01-08 12:00";"2025-01-08 13:00";cancelada;14150365-0;"Juan Perez";NO;"Cancha Futbolito Aire Libre";Providencia;25000;0;;
;2025-06-19;"2025-06-19 00:00";"2025-06-29 23:59";reservada;17213598-6;"Pedro Rojas";NO;"Cabaña 8";"Santa Cruz";1200000;0;;
;2025-01-08;"2025-01-08 00:00";"2025-01-14 23:59";cancelada;13083215-6;"Pedro Rojas";SI;"Cabaña 9";"Santa Cruz";720000;0;;
;2025-04-12;"2025-04-12 00:00";"2025-04-22 23:59";ejecutada;22078734-6;"Pedro Rojas";SI;"Cabaña 6";Providencia;1200000;1200000;transferencia;2025-04-12
;2025-05-12;"2025-05-12 11:00";"2025-05-12 12:00";reservada;19332680-3;"Ana Silva";SI;"Restaurant 2";"Santiago Centro";30000;0;;
;2025-10-06;"2025-10-06 18:00";"2025-10-06 19:00";reservada;24427724-1;"Maria Gonzalez";SI;"Cancha Futbolito Aire Libre";"Santiago Centro";25000;0;;
;2025-11-04;"2025-11-04 12:00";"2025-11-04 13:00";cancelada;7415624-K;"Juan Perez";NO;"Salon Eventos 1";"Santiago Centro";100000;0;;
;2025-11-07;"2025-11-07 00:00";"2025-11-11 23:59";ejecutada;10778324-5;"Luis Contreras";NO;"Cabaña 4";"La Florida";480000;480000;efectivo;2025-11-05
;2025-07-15;"2025-07-15 00:00";"2025-07-20 23:59";cancelada;24179315-K;"Luis Contreras";SI;"Cabaña 2";"Santiago Centro";600000;0;;
;2025-12-09;"2025-12-09 00:00";"2025-12-16 23:59";ejecutada;15562742-5;"Maria Gonzalez";NO;"Cabaña 13";"Santa Cruz";840000;840000;efectivo;2025-12-07
;2025-02-17;"2025-02-17 00:00";"2025-02-23 23:59";ejecutada;15838325-K;"Maria Gonzalez";SI;"Cabaña 3";"La Florida";720000;720000;transferencia;2025-02-14
;2025-02-02;"2025-02-02 00:00";"2025-02-06 23:59";reservada;22307110-4;"Luis Contreras";SI;"Cabaña 7";Providencia;480000;0;;
;2025-02-01;"2025-02-01 12:00";"2025-02-01 13:00";cancelada;9381544-0;"Pedro Rojas";NO;"Salon Eventos 4";Providencia;100000;0;;
;2025-06-01;"2025-06-01 00:00";"2025-06-06 23:59";ejecutada;18971062-3;"Juan Perez";NO;"Cabaña 5";"Santa Cruz";600000;600000;tarjeta;2025-05-31
;2025-06-13;"2025-06-13 00:00";"2025-06-22 23:59";ejecutada;7584304-6;"Ana Silva";SI;"Cabaña 15";"Santiago Centro";1080000;1080000;tarjeta;2025-06-12
;2025-06-16;"2025-06-16 19:00";"2025-06-16 20:00";cancelada;17263289-0;"Juan Perez";SI;"Salon Eventos 3";"La Florida";100000;0;;
;2025-08-17;"2025-08-17 00:00";"2025-08-19 23:59";reservada;12313678-0;"Juan Perez";NO;"Cabaña 18";Providencia;240000;0;;
;2025-01-07;"2025-01-07 19:00";"2025-01-07 20:00";cancelada;10981983-2;"Pedro Rojas";NO;"Salon Eventos 4";"Santa Cruz";100000;0;;
;2025-11-06;"2025-11-06 14:00";"2025-11-06 15:00";reservada;19208091-6;"Maria Gonzalez";NO;"Cancha Basquetbol Aire Libre";"La Florida";25000;0;;
;2025-04-11;"2025-04-11 00:00";"2025-04-16 23:59";cancelada;9430073-8;"Ana Silva";NO;"Cabaña 1";"Santa Cruz";600000;0;;
;2025-12-20;"2025-12-20 19:00";"2025-12-20 20:00";cancelada;19020373-5;"Juan Perez";NO;"Restaurant 1";"Santiago Centro";30000;0;;
;2025-06-16;"2025-06-16 09:00";"2025-06-16 10:00";cancelada;10527082-8;"Ana Silva";NO;"Salon Eventos 3";Providencia;100000;0;;
;2025-02-04;"2025-02-04 00:00";"2025-02-07 23:59";reservada;24639890-9;"Luis Contreras";SI;"Cabaña 12";"Santiago Centro";360000;0;;
;2025-01-01;"2025-01-01 00:00";"2025-01-01 18:00";ejecutada;12891005-0;"Luis Contreras";SI;"Restaurant 1";"La Florida";30000;30000;transferencia;2024-12-31
;2025-05-13;"2025-05-13 11:00";"2025-05-13 12:00";reservada;16408231-8;"Juan Perez";NO;"Cancha Futbolito Techada";"La Florida";35000;0;;
;2025-03-16;"2025-03-16 00:00";"2025-03-21 23:59";reservada;21773123-2;"Luis Contreras";SI;"Cabaña 19";"La Florida";600000;0;;
;2025-01-04;"2025-01-04 00:00";"2025-01-08 23:59";cancelada;9183641-6;"Maria Gonzalez";SI;"Cabaña 9";"Santa Cruz";480000;0;;
;2025-05-02;"2025-05-02 00:00";"2025-05-07 23:59";cancelada;24505775-K;"Maria Gonzalez";SI;"Cabaña 12";"Santiago Centro";600000;0;;
;2025-04-01;"2025-04-01 00:00";"2025-04-05 23:59";ejecutada;20928234-8;"Pedro Rojas";NO;"Cabaña 9";"Santiago Centro";480000;480000;efectivo;2025-03-29
;2025-08-10;"2025-08-10 00:00";"2025-08-18 23:59";reservada;21550158-2;"Luis Contreras";NO;"Cabaña 2";Providencia;960000;0;;
;2025-08-17;"2025-08-17 16:00";"2025-08-17 17:00";ejecutada;9571085-9;"Juan Perez";SI;"Restaurant 2";"Santa Cruz";30000;30000;efectivo;2025-08-12
;2025-06-01;"2025-06-01 00:00";"2025-06-06 23:59";ejecutada;6626889-6;"Pedro Rojas";SI;"Cabaña 16";Providencia;600000;600000;tarjeta;2025-05-30
;2025-05-13;"2025-05-13 00:00";"2025-05-13 21:00";ejecutada;6884770-2;"Luis Contreras";NO;"Restaurant 1";"Santa Cruz";30000;30000;transferencia;2025-05-08
;2025-06-02;"2025-06-02 08:00";"2025-06-02 09:00";reservada;12275678-5;"Juan Perez";NO;"Cancha Padel Techada";"La Florida";35000;0;;
;2025-02-19;"2025-02-19 00:00";"2025-02-22 23:59";cancelada;7962885-9;"Juan Perez";SI;"Cabaña 15";"Santa Cruz";360000;0;;
;2025-04-14;"2025-04-14 00:00";"2025-04-22 23:59";reservada;22388037-1;"Luis Contreras";SI;"Cabaña 2";"Santa Cruz";960000;0;;
;2025-12-13;"2025-12-13 08:00";"2025-12-13 09:00";reservada;18692916-0;"Ana Silva";SI;"Cancha Tenis Aire Libre";"La Florida";25000;0;;
;2025-01-03;"2025-01-03 20:00";"2025-01-03 21:00";reservada;8923088-8;"Pedro Rojas";SI;"Restaurant 2";"Santa Cruz";30000;0;;
;2025-02-11;"2025-02-11 12:00";"2025-02-11 13:00";ejecutada;8084042-K;"Maria Gonzalez";NO;"Piscina 1";"Santa Cruz";20000;20000;transferencia;2025-02-10
;2025-07-14;"2025-07-14 00:00";"2025-07-16 23:59";cancelada;14292034-4;"Luis Contreras";NO;"Cabaña 13";"Santa Cruz";240000;0;;
;2025-04-04;"2025-04-04 17:00";"2025-04-04 18:00";cancelada;5058687-1;"Ana Silva";SI;"Salon Eventos 1";"La Florida";100000;0;;
;2025-12-05;"2025-12-05 00:00";"2025-12-12 23:59";cancelada;5590602-5;"Juan Perez";NO;"Cabaña 16";"La Florida";840000;0;;
;2025-11-07;"2025-11-07 00:00";"2025-11-12 23:59";reservada;18754494-7;"Maria Gonzalez";NO;"Cabaña 8";"Santa Cruz";600000;0;;
;2025-06-18;"2025-06-18 00:00";"2025-06-27 23:59";ejecutada;8991172-9;"Juan Perez";SI;"Cabaña 5";"La Florida";1080000;1080000;efectivo;2025-06-15
;2025-02-13;"2025-02-13 00:00";"2025-02-16 23:59";ejecutada;10289799-4;"Maria Gonzalez";SI;"Cabaña 11";"Santa Cruz";360000;360000;efectivo;2025-02-08
;2025-06-11;"2025-06-11 15:00";"2025-06-11 16:00";reservada;6353165-0;"Ana Silva";SI;"Salon Eventos 3";"Santa Cruz";100000;0;;
;2025-10-09;"2025-10-09 00:00";"2025-10-10 23:59";cancelada;18754494-7;"Maria Gonzalez";SI;"Cabaña 8";"La Florida";120000;0;;
;2025-04-10;"2025-04-10 00:00";"2025-04-18 23:59";reservada;11247006-9;"Luis Contreras";SI;"Cabaña 6";"Santa Cruz";960000;0;;
;2025-05-16;"2025-05-16 00:00";"2025-05-20 23:59";reservada;23435811-1;"Pedro Rojas";SI;"Cabaña 5";Providencia;480000;0;;
;2025-12-05;"2025-12-05 00:00";"2025-12-05 23:00";cancelada;15878471-8;"Maria Gonzalez";NO;"Piscina 2";"La Florida";20000;0;;
;2025-09-06;"2025-09-06 00:00";"2025-09-14 23:59";cancelada;20112516-2;"Luis Contreras";SI;"Cabaña 5";"Santa Cruz";960000;0;;
;2025-10-07;"2025-10-07 00:00";"2025-10-17 23:59";ejecutada;5475559-7;"Luis Contreras";NO;"Cabaña 4";Providencia;1200000;1200000;tarjeta;2025-10-07
;2025-10-06;"2025-10-06 00:00";"2025-10-07 23:59";ejecutada;21793681-0;"Juan Perez";NO;"Cabaña 15";"Santa Cruz";120000;120000;tarjeta;2025-10-02
;2025-02-04;"2025-02-04 00:00";"2025-02-11 23:59";cancelada;22287381-9;"Ana Silva";NO;"Cabaña 13";"Santiago Centro";840000;0;;
;2025-10-19;"2025-10-19 00:00";"2025-10-23 23:59";cancelada;19407837-4;"Ana Silva";SI;"Cabaña 5";"Santiago Centro";480000;0;;
;2025-10-17;"2025-10-17 14:00";"2025-10-17 15:00";reservada;23491307-7;"Maria Gonzalez";NO;"Cancha Futbolito Aire Libre";"Santa Cruz";25000;0;;
;2025-05-16;"2025-05-16 10:00";"2025-05-16 11:00";ejecutada;21351051-7;"Ana Silva";NO;"Piscina 2";Providencia;20000;20000;transferencia;2025-05-15
;2025-04-14;"2025-04-14 00:00";"2025-04-23 23:59";reservada;22071602-3;"Pedro Rojas";NO;"Cabaña 2";"La Florida";1080000;0;;
;2025-12-10;"2025-12-10 00:00";"2025-12-18 23:59";cancelada;20720307-6;"Luis Contreras";SI;"Cabaña 7";"Santa Cruz";960000;0;;
;2025-12-06;"2025-12-06 14:00";"2025-12-06 15:00";cancelada;8482497-6;"Ana Silva";NO;"Cancha Basquetbol Techada";"La Florida";35000;0;;
;2025-01-01;"2025-01-01 00:00";"2025-01-08 23:59";ejecutada;12651989-3;"Luis Contreras";NO;"Cabaña 18 X";"Santa Cruz";840000;840000;transferencia;2024-12-29
;2025-07-01;"2025-07-01 22:00";"2025-07-01 23:00";cancelada;18776636-2;"Pedro Rojas";SI;"Piscina 2";"Santiago Centro";20000;0;;
;2025-07-14;"2025-07-14 10:00";"2025-07-14 11:00";ejecutada;16949644-7;"Pedro Rojas";NO;"Restaurant 2";"La Florida";30000;30000;transferencia;2025-07-12
;2025-06-14;"2025-06-14 00:00";"2025-06-15 23:59";ejecutada;12469531-7;"Pedro Rojas";NO;"Cabaña 2";"La Florida";120000;120000;transferencia;2025-06-10
;2025-12-12;"2025-12-12 00:00";"2025-12-18 23:59";reservada;16530236-2;"Pedro Rojas";NO;"Cabaña 17";"La Florida";720000;0;;
;2025-05-20;"2025-05-20 13:00";"2025-05-20 14:00";cancelada;12651989-3;"Luis Contreras";SI;"Cancha Tenis Aire Libre";"Santa Cruz";25000;0;;
;2025-10-11;"2025-10-11 15:00";"2025-10-11 16:00";reservada;19197001-2;"Ana Silva";SI;"Cancha Futbolito Aire Libre";Providencia;25000;0;;
;2025-08-10;"2025-08-10 00:00";"2025-08-16 23:59";ejecutada;24693299-9;"Pedro Rojas";SI;"Cabaña 11";"Santa Cruz";720000;720000;transferencia;2025-08-05
;2025-08-20;"2025-08-20 00:00";"2025-08-21 23:59";cancelada;10934689-6;"Pedro Rojas";NO;"Cabaña 9";"La Florida";120000;0;;
;2025-05-10;"2025-05-10 20:00";"2025-05-10 21:00";ejecutada;15944877-0;"Maria Gonzalez";SI;"Salon Eventos 2";Providencia;100000;100000;tarjeta;2025-05-09
;2025-12-20;"2025-12-20 00:00";"2025-12-27 23:59";cancelada;23503123-K;"Ana Silva";NO;"Cabaña 12";"La Florida";840000;0;;
;2025-12-05;"2025-12-05 00:00";"2025-12-11 23:59";reservada;12465454-8;"Pedro Rojas";SI;"Cabaña 6";"Santa Cruz";720000;0;;
;2025-12-08;"2025-12-08 21:00";"2025-12-08 22:00";cancelada;13098747-8;"Ana Silva";SI;"Restaurant 1";"Santiago Centro";30000;0;;
;2025-12-02;"2025-12-02 09:00";"2025-12-02 10:00";reservada;7500349-8;"Pedro Rojas";NO;"Restaurant 1";Providencia;30000;0;;
;2025-04-02;"2025-04-02 12:00";"2025-04-02 13:00";ejecutada;7884115-K;"Luis Contreras";SI;"Cancha Basquetbol Aire Libre";Providencia;25000;25000;efectivo;2025-03-30
;2025-04-05;"2025-04-05 00:00";"2025-04-05 14:00";ejecutada;16257735-2;"Maria Gonzalez";NO;"Cancha Basquetbol Techada";"La Florida";35000;35000;tarjeta;2025-04-05
;2025-03-05;"2025-03-05 00:00";"2025-03-13 23:59";reservada;7261443-7;"Ana Silva";SI;"Cabaña 6";Providencia;960000;0;;
;2025-01-02;"2025-01-02 19:00";"2025-01-02 20:00";cancelada;18468277-K;"Luis Contreras";SI;"Cancha Basquetbol Aire Libre";"La Florida";25000;0;;
;2025-01-19;"2025-01-19 12:00";"2025-01-19 13:00";cancelada;15807009-K;"Luis Contreras";SI;"Salon Eventos 3";"La Florida";100000;0;;
;2025-10-08;"2025-10-08 00:00";"2025-10-13 23:59";reservada;24471464-1;"Luis Contreras";NO;"Cabaña 19";Providencia;600000;0;;
;2025-08-08;"2025-08-08 21:00";"2025-08-08 22:00";reservada;5779517-4;"Luis Contreras";NO;"Restaurant 2";"La Florida";30000;0;;
;2025-04-14;"2025-04-14 00:00";"2025-04-18 23:59";reservada;15505908-7;"Ana Silva";NO;"Cabaña 20";"Santa Cruz";480000;0;;
;2025-01-10;"2025-01-10 00:00";"2025-01-14 23:59";ejecutada;5135966-6;"Pedro Rojas";SI;"Cabaña 1";"Santiago Centro";480000;480000;efectivo;2025-01-10
;2025-10-02;"2025-10-02 00:00";"2025-10-09 23:59";ejecutada;5633053-4;"Maria Gonzalez";NO;"Cabaña 8";"Santa Cruz";840000;840000;efectivo;2025-10-02
;2025-05-12;"2025-05-12 00:00";"2025-05-14 23:59";reservada;10776000-8;"Luis Contreras";SI;"Cabaña 6";Providencia;240000;0;;
;2025-07-04;"2025-07-04 09:00";"2025-07-04 10:00";ejecutada;16889614-K;"Pedro Rojas";NO;"Piscina 1";Providencia;20000;20000;transferencia;2025-06-30
;2025-06-03;"2025-06-03 09:00";"2025-06-03 10:00";cancelada;9392933-0;"Pedro Rojas";SI;"Restaurant 2";"Santa Cruz";30000;0;;
;2025-03-15;"2025-03-15 15:00";"2025-03-15 16:00";reservada;22381571-5;"Juan Perez";SI;"Salon Eventos 1";Providencia;100000;0;;
;2025-10-14;"2025-10-14 00:00";"2025-10-20 23:59";ejecutada;19544570-2;"Maria Gonzalez";NO;"Cabaña 8";"Santa Cruz";720000;720000;transferencia;2025-10-11
;2025-01-13;"2025-01-13 09:00";"2025-01-13 10:00";ejecutada;6440714-7;"Ana Silva";NO;"Cancha Tenis Aire Libre";Providencia;25000;25000;efectivo;2025-01-12
;2025-01-05;"2025-01-05 14:00";"2025-01-05 15:00";reservada;14294949-0;"Ana Silva";SI;"Salon Eventos 2";"Santiago Centro";100000;0;;
;2025-10-14;"2025-10-14 00:00";"2025-10-21 23:59";ejecutada;9183641-6;"Maria Gonzalez";SI;"Cabaña 17";Providencia;840000;840000;efectivo;2025-10-10
;2025-02-20;"2025-02-20 19:00";"2025-02-20 20:00";ejecutada;17230874-0;"Juan Perez";NO;"Salon Eventos 2";"Santa Cruz";100000;100000;transferencia;2025-02-18
;2025-03-07;"2025-03-07 12:00";"2025-03-07 13:00";ejecutada;16887747-1;"Luis Contreras";NO;"Cancha Tenis Aire Libre";"La Florida";25000;25000;tarjeta;2025-03-06
;2025-04-14;"2025-04-14 00:00";"2025-04-18 23:59";cancelada;20328291-5;"Juan Perez";SI;"Cabaña 8";"La Florida";480000;0;;
;2025-11-14;"2025-11-14 00:00";"2025-11-18 23:59";reservada;10120385-9;"Maria Gonzalez";SI;"Cabaña 11 X";Providencia;480000;0;;
;2025-11-07;"2025-11-07 00:00";"2025-11-13 23:59";ejecutada;19142269-4;"Pedro Rojas";NO;"Cabaña 18";"Santiago Centro";720000;720000;efectivo;2025-11-02
;2025-12-17;"2025-12-17 00:00";"2025-12-23 23:59";ejecutada;16288155-8;"Ana Silva";NO;"Cabaña 2";"Santiago Centro";720000;720000;efectivo;2025-12-12
;2025-05-05;"2025-05-05 00:00";"2025-05-11 23:59";cancelada;12027524-0;"Juan Perez";NO;"Cabaña 9";Providencia;720000;0;;
;2025-01-17;"2025-01-17 00:00";"2025-01-26 23:59";reservada;19211618-K;"Luis Contreras";NO;"Cabaña 3";"Santa Cruz";1080000;0;;
;2025-07-12;"2025-07-12 22:00";"2025-07-12 23:00";ejecutada;16889614-K;"Pedro Rojas";SI;"Salon Eventos 4";"La Florida";100000;100000;transferencia;2025-07-11
;2025-05-04;"2025-05-04 00:00";"2025-05-07 23:59";reservada;9418221-2;"Ana Silva";SI;"Cabaña 10";Providencia;360000;0;;
;2025-03-06;"2025-03-06 00:00";"2025-03-13 23:59";cancelada;9842967-0;"Luis Contreras";SI;"Cabaña 10";"La Florida";840000;0;;
;2025-11-09;"2025-11-09 00:00";"2025-11-13 23:59";reservada;18053720-1;"Ana Silva";NO;"Cabaña 3 X";"La Florida";480000;0;;
;2025-08-02;"2025-08-02 00:00";"2025-08-06 23:59";ejecutada;7295878-0;"Maria Gonzalez";NO;"Cabaña 14";"Santa Cruz";480000;480000;tarjeta;2025-07-30
;2025-02-13;"2025-02-13 00:00";"2025-02-20 23:59";reservada;18468277-K;"Luis Contreras";NO;"Cabaña 3";Providencia;840000;0;;
;2025-11-15;"2025-11-15 00:00";"2025-11-22 23:59";reservada;23388767-6;"Juan Perez";NO;"Cabaña 2";"La Florida";840000;0;;
;2025-10-04;"2025-10-04 00:00";"2025-10-10 23:59";ejecutada;11450455-6;"Luis Contreras";SI;"Cabaña 13";"Santa Cruz";720000;720000;efectivo;2025-09-30
;2025-02-14;"2025-02-14 00:00";"2025-02-16 23:59";ejecutada;11727551-5;"Maria Gonzalez";NO;"Cabaña 14";Providencia;240000;240000;transferencia;2025-02-10
;2025-08-01;"2025-08-01 00:00";"2025-08-09 23:59";reservada;22051085-9;"Ana Silva";SI;"Cabaña 9";"Santa Cruz";960000;0;;
;2025-01-08;"2025-01-08 00:00";"2025-01-15 23:59";reservada;22378728-2;"Maria Gonzalez";SI;"Cabaña 4";"Santiago Centro";840000;0;;
;2025-07-03;"2025-07-03 00:00";"2025-07-11 23:59";cancelada;5854603-8;"Luis Contreras";SI;"Cabaña 14";"Santiago Centro";960000;0;;
;2025-03-20;"2025-03-20 16:00";"2025-03-20 17:00";cancelada;10701066-1;"Maria Gonzalez";SI;"Restaurant 2";"Santiago Centro";30000;0;;
;2025-01-13;"2025-01-13 19:00";"2025-01-13 20:00";cancelada;24859483-7;"Luis Contreras";NO;"Cancha Tenis Aire Libre";"La Florida";25000;0;;
;2025-10-02;"2025-10-02 00:00";"2025-10-12 23:59";reservada;13734270-7;"Luis Contreras";SI;"Cabaña 6";"Santa Cruz";1200000;0;;
;2025-06-17;"2025-06-17 00:00";"2025-06-21 23:59";cancelada;19161282-5;"Luis Contreras";NO;"Cabaña 8";"Santa Cruz";480000;0;;
;2025-12-09;"2025-12-09 00:00";"2025-12-13 23:59";reservada;24179315-K;"Luis Contreras";SI;"Cabaña 20";"Santiago Centro";480000;0;;
;2025-06-20;"2025-06-20 00:00";"2025-06-23 23:59";reservada;5116250-1;"Pedro Rojas";SI;"Cabaña 11";"Santa Cruz";360000;0;;
;2025-08-13;"2025-08-13 00:00";"2025-08-19 23:59";reservada;19544570-2;"Maria Gonzalez";NO;"Cabaña 12";Providencia;720000;0;;
;2025-09-03;"2025-09-03 15:00";"2025-09-03 16:00";ejecutada;22075434-0;"Ana Silva";NO;"Salon Eventos 3";Providencia;100000;100000;efectivo;2025-08-30
;2025-02-10;"2025-02-10 00:00";"2025-02-17 23:59";cancelada;12875377-K;"Maria Gonzalez";NO;"Cabaña 1";Providencia;840000;0;;
;2025-02-04;"2025-02-04 00:00";"2025-02-11 23:59";cancelada;14254375-3;"Pedro Rojas";SI;"Cabaña 18";"Santa Cruz";840000;0;;
;2025-12-05;"2025-12-05 08:00";"2025-12-05 09:00";ejecutada;15694640-0;"Maria Gonzalez";NO;"Salon Eventos 3";"La Florida";100000;100000;tarjeta;2025-12-04
;2025-10-09;"2025-10-09 00:00";"2025-10-18 23:59";cancelada;7997541-9;"Ana Silva";NO;"Cabaña 16";"La Florida";1080000;0;;
;2025-11-10;"2025-11-10 11:00";"2025-11-10 12:00";ejecutada;12192627-K;"Pedro Rojas";SI;"Cancha Padel Aire Libre";Providencia;25000;25000;tarjeta;2025-11-07
;2025-12-04;"2025-12-04 00:00";"2025-12-13 23:59";cancelada;9183641-6;"Maria Gonzalez";SI;"Cabaña 5";"Santiago Centro";1080000;0;;
;2025-01-05;"2025-01-05 00:00";"2025-01-14 23:59";ejecutada;22423432-5;"Ana Silva";NO;"Cabaña 14";Providencia;1080000;1080000;transferencia;2025-01-02
;2025-03-01;"2025-03-01 12:00";"2025-03-01 13:00";reservada;13519552-9;"Juan Perez";SI;"Piscina 1";"Santa Cruz";20000;0;;
;2025-04-02;"2025-04-02 00:00";"2025-04-06 23:59";ejecutada;5983819-9;"Ana Silva";NO;"Cabaña 11";"Santiago Centro";480000;480000;tarjeta;2025-04-02
;2025-08-04;"2025-08-04 00:00";"2025-08-11 23:59";ejecutada;7130867-7;"Luis Contreras";NO;"Cabaña 20";"Santa Cruz";840000;840000;tarjeta;2025-08-02
;2025-05-19;"2025-05-19 00:00";"2025-05-25 23:59";ejecutada;19937737-K;"Luis Contreras";NO;"Cabaña 3";"Santa Cruz";720000;720000;transferencia;2025-05-19
;2025-04-17;"2025-04-17 16:00";"2025-04-17 17:00";cancelada;6614380-5;"Luis Contreras";NO;"Salon Eventos 3";"Santiago Centro";100000;0;;
;2025-04-09;"2025-04-09 00:00";"2025-04-12 23:59";ejecutada;17453904-9;"Ana Silva";NO;"Cabaña 14";"Santa Cruz";360000;360000;efectivo;2025-04-05
;2025-03-01;"2025-03-01 11:00";"2025-03-01 12:00";cancelada;21882154-5;"Maria Gonzalez";NO;"Cancha Basquetbol Techada";"Santa Cruz";35000;0;;
;2025-01-07;"2025-01-07 00:00";"2025-01-13 23:59";reservada;23451242-0;"Juan Perez";SI;"Cabaña 16";"Santiago Centro";720000;0;;
;2025-09-01;"2025-09-01 16:00";"2025-09-01 17:00";reservada;12592948-6;"Ana Silva";SI;"Restaurant 2";Providencia;30000;0;;
;2025-07-16;"2025-07-16 10:00";"2025-07-16 11:00";ejecutada;24256806-0;"Pedro Rojas";SI;"Cancha Basquetbol Aire Libre";"Santiago Centro";25000;25000;efectivo;2025-07-12
;2025-10-04;"2025-10-04 09:00";"2025-10-04 10:00";reservada;20609781-7;"Pedro Rojas";NO;"Restaurant 2";"La Florida";30000;0;;
;2025-10-15;"2025-10-15 00:00";"2025-10-20 23:59";reservada;21882154-5;"Maria Gonzalez";NO;"Cabaña 3";"La Florida";600000;0;;
;2025-05-01;"2025-05-01 00:00";"2025-05-07 23:59";cancelada;12353825-0;"Ana Silva";SI;"Cabaña 17";"Santiago Centro";720000;0;;
;2025-08-01;"2025-08-01 00:00";"2025-08-06 23:59";cancelada;20175120-9;"Maria Gonzalez";NO;"Cabaña 6";"Santa Cruz";600000;0;;
;2025-02-05;"2025-02-05 00:00";"2025-02-13 23:59";cancelada;13761426-K;"Maria Gonzalez";NO;"Cabaña 3";Providencia;960000;0;;
;2025-03-11;"2025-03-11 00:00";"2025-03-20 23:59";cancelada;23731597-9;"Juan Perez";NO;"Cabaña 20";"Santiago Centro";1080000;0;;
;2025-10-09;"2025-10-09 08:00";"2025-10-09 09:00";cancelada;22329198-8;"Luis Contreras";NO;"Salon Eventos 2";"La Florida";100000;0;;
;2025-11-19;"2025-11-19 00:00";"2025-11-26 23:59";reservada;8309406-0;"Luis Contreras";SI;"Cabaña 3";"La Florida";840000;0;;
;2025-01-09;"2025-01-09 00:00";"2025-01-10 23:59";reservada;5204506-1;"Ana Silva";SI;"Cabaña 18";"Santiago Centro";120000;0;;
;2025-03-02;"2025-03-02 16:00";"2025-03-02 17:00";reservada;15120266-7;"Juan Perez";SI;"Piscina 2";"Santa Cruz";20000;0;;
;2025-03-01;"2025-03-01 00:00";"2025-03-02 23:59";ejecutada;24795565-8;"Luis Contreras";NO;"Cabaña 20";"Santa Cruz";120000;120000;efectivo;2025-03-01
;2025-07-16;"2025-07-16 14:00";"2025-07-16 15:00";reservada;23369020-1;"Ana Silva";SI;"Cancha Basquetbol Aire Libre";"Santiago Centro";25000;0;;
;2025-09-09;"2025-09-09 00:00";"2025-09-16 23:59";ejecutada;24447412-8;"Juan Perez";SI;"Cabaña 10";"Santa Cruz";840000;840000;efectivo;2025-09-04
;2025-10-16;"2025-10-16 00:00";"2025-10-22 23:59";ejecutada;7777224-3;"Maria Gonzalez";NO;"Cabaña 9";"Santiago Centro";720000;720000;tarjeta;2025-10-14
;2025-12-09;"2025-12-09 00:00";"2025-12-10 23:59";ejecutada;15115625-8;"Juan Perez";NO;"Cabaña 2";"Santiago Centro";120000;120000;efectivo;2025-12-08
;2025-02-13;"2025-02-13 00:00";"2025-02-15 23:59";cancelada;9039992-6;"Ana Silva";NO;"Cabaña 14";"Santa Cruz";240000;0;;
;2025-09-20;"2025-09-20 00:00";"2025-09-27 23:59";reservada;18876546-7;"Juan Perez";SI;"Cabaña 15";"Santa Cruz";840000;0;;
;2025-03-03;"2025-03-03 15:00";"2025-03-03 16:00";ejecutada;21162735-2;"Juan Perez";SI;"Salon Eventos 1";"La Florida";100000;100000;tarjeta;2025-02-27
;2025-09-19;"2025-09-19 11:00";"2025-09-19 12:00";cancelada;13006129-K;"Pedro Rojas";NO;"Cancha Basquetbol Techada";Providencia;35000;0;;
;2025-08-09;"2025-08-09 00:00";"2025-08-19 23:59";reservada;23435811-1;"Pedro Rojas";NO;"Cabaña 17";"La Florida";1200000;0;;
;2025-06-11;"2025-06-11 08:00";"2025-06-11 09:00";cancelada;21178138-6;"Ana Silva";SI;"Cancha Padel Aire Libre";"La Florida";25000;0;;
;2025-11-17;"2025-11-17 00:00";"2025-11-25 23:59";ejecutada;15941454-K;"Pedro Rojas";SI;"Cabaña 9";Providencia;960000;960000;efectivo;2025-11-15
;2025-07-07;"2025-07-07 14:00";"2025-07-07 15:00";ejecutada;14394380-1;"Pedro Rojas";NO;"Cancha Tenis Techada";"La Florida";35000;35000;tarjeta;2025-07-06
;2025-11-16;"2025-11-16 17:00";"2025-11-16 18:00";reservada;13014055-6;"Maria Gonzalez";NO;"Salon Eventos 1";"Santiago Centro";100000;0;;
;2025-04-13;"2025-04-13 19:00";"2025-04-13 20:00";cancelada;23684083-2;"Pedro Rojas";SI;"Cancha Futbolito Aire Libre";Providencia;25000;0;;
;2025-01-04;"2025-01-04 00:00";"2025-01-09 23:59";ejecutada;14155657-6;"Pedro Rojas";SI;"Cabaña 19";Providencia;600000;600000;tarjeta;2025-01-04
;2025-03-20;"2025-03-20 00:00";"2025-03-29 23:59";reservada;10645717-4;"Pedro Rojas";SI;"Cabaña 8";Providencia;1080000;0;;
;2025-11-02;"2025-11-02 00:00";"2025-11-12 23:59";ejecutada;23302730-8;"Maria Gonzalez";SI;"Cabaña 20";"Santiago Centro";1200000;1200000;efectivo;2025-11-02
;2025-11-01;"2025-11-01 00:00";"2025-11-08 23:59";reservada;23835968-6;"Juan Perez";SI;"Cabaña 3";"Santa Cruz";840000;0;;
;2025-02-03;"2025-02-03 14:00";"2025-02-03 15:00";ejecutada;12341381-4;"Luis Contreras";SI;"Salon Eventos 3";Providencia;100000;100000;transferencia;2025-01-30
;2025-04-20;"2025-04-20 10:00";"2025-04-20 11:00";cancelada;17678051-7;"Juan Perez";SI;"Cancha Basquetbol Aire Libre";"Santa Cruz";25000;0;;
;2025-12-18;"2025-12-18 08:00";"2025-12-18 09:00";cancelada;8009585-6;"Luis Contreras";SI;"Cancha Tenis Aire Libre";Providencia;25000;0;;
;2025-04-03;"2025-04-03 21:00";"2025-04-03 22:00";reservada;20548964-9;"Maria Gonzalez";SI;"Restaurant 1";"Santa Cruz";30000;0;;
;2025-11-13;"2025-11-13 00:00";"2025-11-22 23:59";reservada;23939713-1;"Pedro Rojas";NO;"Cabaña 1";"La Florida";1080000;0;;
;2025-10-08;"2025-10-08 10:00";"2025-10-08 11:00";ejecutada;10679568-1;"Luis Contreras";SI;"Cancha Tenis Aire Libre";"Santiago Centro";25000;25000;transferencia;2025-10-06
;2025-05-12;"2025-05-12 00:00";"2025-05-16 23:59";ejecutada;8482497-6;"Ana Silva";NO;"Cabaña 7";"Santiago Centro";480000;480000;transferencia;2025-05-12
;2025-11-18;"2025-11-18 15:00";"2025-11-18 16:00";reservada;20666104-6;"Juan Perez";NO;"Restaurant 2";"Santiago Centro";30000;0;;
;2025-08-14;"2025-08-14 18:00";"2025-08-14 19:00";reservada;16530236-2;"Pedro Rojas";SI;"Salon Eventos 3";"Santa Cruz";100000;0;;
;2025-10-11;"2025-10-11 00:00";"2025-10-18 23:59";cancelada;24949712-6;"Luis Contreras";NO;"Cabaña 19";"Santa Cruz";840000;0;;
;2025-05-03;"2025-05-03 00:00";"2025-05-06 23:59";cancelada;22071602-3;"Pedro Rojas";SI;"Cabaña 12";"La Florida";360000;0;;
;2025-03-17;"2025-03-17 09:00";"2025-03-17 10:00";cancelada;16984924-2;"Pedro Rojas";SI;"Cancha Futbolito Techada";Providencia;35000;0;;
;2025-03-12;"2025-03-12 00:00";"2025-03-22 23:59";ejecutada;7864408-7;"Maria Gonzalez";NO;"Cabaña 6";"Santa Cruz";1200000;1200000;tarjeta;2025-03-12
;2025-07-13;"2025-07-13 00:00";"2025-07-16 23:59";reservada;5135966-6;"Pedro Rojas";NO;"Cabaña 4";"La Florida";360000;0;;
;2025-07-20;"2025-07-20 22:00";"2025-07-20 23:00";cancelada;21525938-2;"Ana Silva";NO;"Cancha Padel Aire Libre";"La Florida";25000;0;;
;2025-03-03;"2025-03-03 21:00";"2025-03-03 22:00";cancelada;6126625-9;"Maria Gonzalez";SI;"Salon Eventos 3";"Santiago Centro";100000;0;;
;2025-08-02;"2025-08-02 19:00";"2025-08-02 20:00";cancelada;20394775-5;"Pedro Rojas";SI;"Piscina 2";"La Florida";20000;0;;
;2025-03-19;"2025-03-19 00:00";"2025-03-24 23:59";cancelada;7500349-8;"Pedro Rojas";SI;"Cabaña 17";"La Florida";600000;0;;
;2025-08-02;"2025-08-02 18:00";"2025-08-02 19:00";ejecutada;6436217-8;"Pedro Rojas";SI;"Restaurant 2";"La Florida";30000;30000;efectivo;2025-08-02
;2025-10-06;"2025-10-06 00:00";"2025-10-06 12:00";cancelada;12275678-5;"Juan Perez";SI;"Cancha Tenis Aire Libre X";"Santa Cruz";25000;0;;
;2025-08-02;"2025-08-02 14:00";"2025-08-02 15:00";reservada;17213598-6;"Pedro Rojas";SI;"Cancha Basquetbol Techada";Providencia;35000;0;;
;2025-03-11;"2025-03-11 00:00";"2025-03-20 23:59";cancelada;8119421-1;"Pedro Rojas";NO;"Cabaña 9";Providencia;1080000;0;;
;2025-10-08;"2025-10-08 00:00";"2025-10-09 23:59";ejecutada;14379495-4;"Luis Contreras";NO;"Cabaña 12";Providencia;120000;120000;efectivo;2025-10-04
;2025-09-06;"2025-09-06 00:00";"2025-09-15 23:59";cancelada;13775714-1;"Luis Contreras";SI;"Cabaña 15 X";"Santa Cruz";1080000;0;;
;2025-02-03;"2025-02-03 00:00";"2025-02-08 23:59";cancelada;17186404-6;"Ana Silva";NO;"Cabaña 17";Providencia;600000;0;;
;2025-03-08;"2025-03-08 00:00";"2025-03-14 23:59";cancelada;16012079-7;"Ana Silva";NO;"Cabaña 9";"Santiago Centro";720000;0;;
;2025-06-03;"2025-06-03 00:00";"2025-06-12 23:59";ejecutada;19443419-7;"Pedro Rojas";SI;"Cabaña 5";"Santa Cruz";1080000;1080000;tarjeta;2025-05-31
;2025-06-06;"2025-06-06 00:00";"2025-06-07 23:59";cancelada;18647741-3;"Ana Silva";NO;"Cabaña 13";Providencia;120000;0;;
;2025-09-07;"2025-09-07 00:00";"2025-09-11 23:59";ejecutada;6807678-1;"Pedro Rojas";NO;"Cabaña 6";"Santiago Centro";480000;480000;efectivo;2025-09-07
;2025-08-04;"2025-08-04 11:00";"2025-08-04 12:00";reservada;13761426-K;"Maria Gonzalez";SI;"Cancha Basquetbol Aire Libre";"La Florida";25000;0;;
;2025-10-17;"2025-10-17 00:00";"2025-10-23 23:59";cancelada;14254375-3;"Pedro Rojas";SI;"Cabaña 13";Providencia;720000;0;;
;2025-03-16;"2025-03-16 00:00";"2025-03-21 23:59";ejecutada;7101185-2;"Pedro Rojas";SI;"Cabaña 3";"La Florida";600000;600000;efectivo;2025-03-13
;2025-07-15;"2025-07-15 00:00";"2025-07-21 23:59";ejecutada;21178138-6;"Ana Silva";NO;"Cabaña 10";"La Florida";720000;720000;transferencia;2025-07-15
;2026-07-14;"2026-07-16 14:30";"2026-07-16 15:30";reservada;9680719-8;"Ana Silva";NO;"Salon Eventos 4";"La Florida";100000;0;;
;2025-12-18;"2025-12-18 00:00";"2025-12-26 23:59";ejecutada;16889614-K;"Pedro Rojas";NO;"Cabaña 10";"La Florida";960000;960000;efectivo;2025-12-16
;2026-07-14;"2026-07-16 19:30";"2026-07-26 19:30";reservada;11483413-0;"Ana Silva";NO;"Cabaña 17";"Santiago Centro";1200000;0;;
;2025-04-07;"2025-04-07 00:00";"2025-04-11 23:59";reservada;16054257-8;"Luis Contreras";NO;"Cabaña 17";"La Florida";480000;0;;
;2025-05-10;"2025-05-10 11:00";"2025-05-10 12:00";ejecutada;21452115-6;"Pedro Rojas";NO;"Cancha Padel Techada";Providencia;35000;35000;transferencia;2025-05-06
;2025-11-12;"2025-11-12 16:00";"2025-11-12 17:00";ejecutada;24639890-9;"Luis Contreras";NO;"Cancha Futbolito Aire Libre";Providencia;25000;25000;efectivo;2025-11-12
;2025-06-16;"2025-06-16 20:00";"2025-06-16 21:00";cancelada;17786278-9;"Juan Perez";NO;"Cancha Basquetbol Aire Libre";"La Florida";25000;0;;
;2025-12-12;"2025-12-12 00:00";"2025-12-12 14:00";ejecutada;22071602-3;"Pedro Rojas";NO;"Cancha Basquetbol Techada X";"La Florida";35000;35000;efectivo;2025-12-12
;2025-09-02;"2025-09-02 00:00";"2025-09-10 23:59";cancelada;17623443-1;"Maria Gonzalez";SI;"Cabaña 20";"La Florida";960000;0;;
;2025-02-13;"2025-02-13 00:00";"2025-02-23 23:59";ejecutada;24090729-1;"Pedro Rojas";SI;"Cabaña 13";"Santiago Centro";1200000;1200000;tarjeta;2025-02-08
;2025-05-06;"2025-05-06 00:00";"2025-05-07 23:59";ejecutada;11483413-0;"Ana Silva";NO;"Cabaña 7";Providencia;120000;120000;transferencia;2025-05-01
;2025-12-16;"2025-12-16 00:00";"2025-12-23 23:59";cancelada;24826693-7;"Luis Contreras";SI;"Cabaña 16";"La Florida";840000;0;;
;2025-02-14;"2025-02-14 00:00";"2025-02-18 23:59";reservada;14582283-1;"Luis Contreras";NO;"Cabaña 4";Providencia;480000;0;;
;2025-12-10;"2025-12-10 00:00";"2025-12-14 23:59";cancelada;20548964-9;"Maria Gonzalez";SI;"Cabaña 1";"Santa Cruz";480000;0;;
;2025-04-03;"2025-04-03 20:00";"2025-04-03 21:00";cancelada;5633053-4;"Maria Gonzalez";NO;"Cancha Padel Aire Libre";"Santiago Centro";25000;0;;
;2025-10-01;"2025-10-01 00:00";"2025-10-11 23:59";ejecutada;8309406-0;"Luis Contreras";NO;"Cabaña 16";Providencia;1200000;1200000;tarjeta;2025-09-28
;2025-02-06;"2025-02-06 19:00";"2025-02-06 20:00";reservada;9179703-8;"Maria Gonzalez";NO;"Salon Eventos 2";"Santa Cruz";100000;0;;
;2025-04-01;"2025-04-01 00:00";"2025-04-09 23:59";cancelada;16094679-2;"Ana Silva";SI;"Cabaña 4";"Santa Cruz";960000;0;;
;2025-06-17;"2025-06-17 00:00";"2025-06-26 23:59";ejecutada;12809545-4;"Juan Perez";SI;"Cabaña 5";"Santa Cruz";1080000;1080000;tarjeta;2025-06-13
;2025-10-13;"2025-10-13 00:00";"2025-10-23 23:59";cancelada;17096666-K;"Juan Perez";SI;"Cabaña 7";"La Florida";1200000;0;;
;2025-11-10;"2025-11-10 00:00";"2025-11-14 23:59";reservada;15594513-3;"Pedro Rojas";SI;"Cabaña 9";"Santa Cruz";480000;0;;
;2025-03-15;"2025-03-15 18:00";"2025-03-15 19:00";reservada;5590602-5;"Juan Perez";NO;"Cancha Basquetbol Techada";"Santa Cruz";35000;0;;
;2025-05-11;"2025-05-11 00:00";"2025-05-17 23:59";cancelada;18467664-8;"Pedro Rojas";SI;"Cabaña 17";"Santiago Centro";720000;0;;
;2025-05-03;"2025-05-03 10:00";"2025-05-03 11:00";ejecutada;16054257-8;"Luis Contreras";SI;"Restaurant 2";"Santa Cruz";30000;30000;transferencia;2025-05-02
;2025-12-11;"2025-12-11 00:00";"2025-12-13 23:59";ejecutada;19132405-6;"Luis Contreras";SI;"Cabaña 18";"La Florida";240000;240000;efectivo;2025-12-11
;2025-08-13;"2025-08-13 10:00";"2025-08-13 11:00";ejecutada;6126625-9;"Maria Gonzalez";NO;"Salon Eventos 4";"Santa Cruz";100000;100000;tarjeta;2025-08-10
;2025-06-03;"2025-06-03 00:00";"2025-06-06 23:59";reservada;10238227-7;"Ana Silva";SI;"Cabaña 9";"Santa Cruz";360000;0;;
;2025-10-07;"2025-10-07 13:00";"2025-10-07 14:00";cancelada;17186404-6;"Ana Silva";NO;"Cancha Tenis Aire Libre";"Santiago Centro";25000;0;;
;2025-07-19;"2025-07-19 00:00";"2025-07-26 23:59";cancelada;20713143-1;"Luis Contreras";NO;"Cabaña 3";Providencia;840000;0;;
;2025-10-18;"2025-10-18 00:00";"2025-10-18 09:00";reservada;11414686-2;"Maria Gonzalez";NO;"Cancha Tenis Aire Libre";"Santiago Centro";25000;0;;
;2025-10-11;"2025-10-11 19:00";"2025-10-11 20:00";reservada;12385234-6;"Maria Gonzalez";NO;"Salon Eventos 2";"La Florida";100000;0;;
;2025-05-16;"2025-05-16 22:00";"2025-05-16 23:00";ejecutada;21178138-6;"Ana Silva";SI;"Piscina 1";"Santa Cruz";20000;20000;tarjeta;2025-05-11
;2025-11-14;"2025-11-14 10:00";"2025-11-14 11:00";reservada;11219981-0;"Pedro Rojas";SI;"Piscina 2";"La Florida";20000;0;;
;2025-05-15;"2025-05-15 00:00";"2025-05-23 23:59";cancelada;7500349-8;"Pedro Rojas";NO;"Cabaña 17";"Santiago Centro";960000;0;;
;2025-03-02;"2025-03-02 00:00";"2025-03-03 23:59";cancelada;24949712-6;"Luis Contreras";SI;"Cabaña 11";"Santa Cruz";120000;0;;
;2026-04-29;"2026-05-01 02:30";"2026-05-11 02:30";reservada;22852757-2;"Ana Silva";NO;"Cabaña 20";Providencia;1200000;0;;
;2025-10-10;"2025-10-10 15:00";"2025-10-10 16:00";reservada;5149595-0;"Maria Gonzalez";NO;"Cancha Padel Techada";"Santiago Centro";35000;0;;
;2025-03-14;"2025-03-14 00:00";"2025-03-18 23:59";cancelada;24693299-9;"Pedro Rojas";NO;"Cabaña 19";"Santa Cruz";480000;0;;
;2025-07-12;"2025-07-12 00:00";"2025-07-18 23:59";reservada;11885348-2;"Pedro Rojas";NO;"Cabaña 20";Providencia;720000;0;;
;2025-05-13;"2025-05-13 00:00";"2025-05-16 23:59";cancelada;10464361-2;"Luis Contreras";NO;"Cabaña 12";"La Florida";360000;0;;
;2025-03-17;"2025-03-17 00:00";"2025-03-26 23:59";ejecutada;16550967-6;"Ana Silva";NO;"Cabaña 4";Providencia;1080000;1080000;tarjeta;2025-03-16
;2025-02-18;"2025-02-18 00:00";"2025-02-23 23:59";cancelada;22367120-9;"Pedro Rojas";NO;"Cabaña 9";Providencia;600000;0;;
;2025-01-12;"2025-01-12 15:00";"2025-01-12 16:00";reservada;14586066-0;"Ana Silva";SI;"Cancha Tenis Techada";"Santiago Centro";35000;0;;
;2025-04-07;"2025-04-07 00:00";"2025-04-11 23:59";cancelada;13650113-5;"Pedro Rojas";NO;"Cabaña 10";"Santiago Centro";480000;0;;
;2025-07-20;"2025-07-20 12:00";"2025-07-20 13:00";cancelada;21156024-K;"Maria Gonzalez";SI;"Salon Eventos 4";"Santiago Centro";100000;0;;
;2025-01-03;"2025-01-03 00:00";"2025-01-07 23:59";reservada;11450455-6;"Luis Contreras";SI;"Cabaña 8";"Santiago Centro";480000;0;;
;2025-07-16;"2025-07-16 00:00";"2025-07-17 23:59";ejecutada;21217431-9;"Juan Perez";NO;"Cabaña 7";Providencia;120000;120000;efectivo;2025-07-14
;2025-09-05;"2025-09-05 00:00";"2025-09-13 23:59";cancelada;22329198-8;"Luis Contreras";NO;"Cabaña 20";"La Florida";960000;0;;
;2025-03-18;"2025-03-18 00:00";"2025-03-28 23:59";ejecutada;9978267-6;"Pedro Rojas";NO;"Cabaña 18";"La Florida";1200000;1200000;tarjeta;2025-03-14
;2025-03-16;"2025-03-16 15:00";"2025-03-16 16:00";reservada;7826282-6;"Maria Gonzalez";NO;"Cancha Tenis Techada";"Santiago Centro";35000;0;;
;2025-05-15;"2025-05-15 00:00";"2025-05-19 23:59";cancelada;23021174-4;"Maria Gonzalez";SI;"Cabaña 2";Providencia;480000;0;;
;2025-06-01;"2025-06-01 00:00";"2025-06-08 23:59";ejecutada;16987649-5;"Maria Gonzalez";SI;"Cabaña 7";"La Florida";840000;840000;transferencia;2025-06-01
;2026-05-10;"2026-05-12 13:00";"2026-05-19 13:00";reservada;16253483-1;"Maria Gonzalez";SI;"Cabaña 8";"Santiago Centro";840000;0;;
;2025-11-01;"2025-11-01 09:00";"2025-11-01 10:00";reservada;16953331-8;"Pedro Rojas";SI;"Restaurant 1";"La Florida";30000;0;;
;2025-12-08;"2025-12-08 00:00";"2025-12-11 23:59";ejecutada;22156789-7;"Luis Contreras";NO;"Cabaña 6";"Santiago Centro";360000;360000;tarjeta;2025-12-04
;2025-09-12;"2025-09-12 00:00";"2025-09-18 23:59";cancelada;11885348-2;"Pedro Rojas";SI;"Cabaña 14";"La Florida";720000;0;;
;2025-08-01;"2025-08-01 00:00";"2025-08-03 23:59";reservada;16460920-0;"Maria Gonzalez";SI;"Cabaña 9";"La Florida";240000;0;;
;2025-10-04;"2025-10-04 00:00";"2025-10-14 23:59";reservada;15804334-3;"Luis Contreras";NO;"Cabaña 11";"Santa Cruz";1200000;0;;
;2025-12-17;"2025-12-17 00:00";"2025-12-25 23:59";ejecutada;22287381-9;"Ana Silva";SI;"Cabaña 18";"Santa Cruz";960000;960000;efectivo;2025-12-17
;2025-11-10;"2025-11-10 00:00";"2025-11-20 23:59";cancelada;15562742-5;"Maria Gonzalez";NO;"Cabaña 20";"Santa Cruz";1200000;0;;
;2025-03-12;"2025-03-12 00:00";"2025-03-19 23:59";cancelada;17503226-6;"Juan Perez";NO;"Cabaña 13";"Santa Cruz";840000;0;;
;2025-02-05;"2025-02-05 00:00";"2025-02-13 23:59";reservada;19895777-1;"Juan Perez";SI;"Cabaña 8";"Santa Cruz";960000;0;;
;2025-02-11;"2025-02-11 00:00";"2025-02-15 23:59";reservada;5033421-K;"Maria Gonzalez";NO;"Cabaña 5";"La Florida";480000;0;;
;2025-01-08;"2025-01-08 16:00";"2025-01-08 17:00";reservada;13015768-8;"Pedro Rojas";SI;"Cancha Tenis Techada";"La Florida";35000;0;;
;2025-02-02;"2025-02-02 16:00";"2025-02-02 17:00";reservada;12275678-5;"Juan Perez";NO;"Cancha Basquetbol Aire Libre";"Santiago Centro";25000;0;;
;2025-07-14;"2025-07-14 18:00";"2025-07-14 19:00";ejecutada;7584304-6;"Ana Silva";NO;"Piscina 1";"La Florida";20000;20000;transferencia;2025-07-12
;2025-04-13;"2025-04-13 18:00";"2025-04-13 19:00";cancelada;17877832-3;"Pedro Rojas";SI;"Salon Eventos 4";"Santa Cruz";100000;0;;
;2025-06-12;"2025-06-12 00:00";"2025-06-13 23:59";reservada;13775714-1;"Luis Contreras";SI;"Cabaña 4";"La Florida";120000;0;;
;2025-06-08;"2025-06-08 00:00";"2025-06-12 23:59";ejecutada;19161282-5;"Luis Contreras";NO;"Cabaña 17";Providencia;480000;480000;transferencia;2025-06-06
;2025-09-10;"2025-09-10 00:00";"2025-09-12 23:59";ejecutada;5137322-7;"Juan Perez";NO;"Cabaña 15";"La Florida";240000;240000;transferencia;2025-09-09
;2025-07-04;"2025-07-04 00:00";"2025-07-09 23:59";cancelada;16170965-4;"Luis Contreras";NO;"Cabaña 7";Providencia;600000;0;;
;2025-02-11;"2025-02-11 00:00";"2025-02-14 23:59";cancelada;19195488-2;"Pedro Rojas";NO;"Cabaña 15";Providencia;360000;0;;
;2025-02-03;"2025-02-03 00:00";"2025-02-13 23:59";ejecutada;18692916-0;"Ana Silva";SI;"Cabaña 6";Providencia;1200000;1200000;tarjeta;2025-02-01
;2025-11-15;"2025-11-15 00:00";"2025-11-23 23:59";cancelada;19937737-K;"Luis Contreras";NO;"Cabaña 19";"Santa Cruz";960000;0;;
;2025-04-04;"2025-04-04 00:00";"2025-04-07 23:59";cancelada;20672079-4;"Juan Perez";SI;"Cabaña 18";"Santa Cruz";360000;0;;
;2025-02-03;"2025-02-03 00:00";"2025-02-05 23:59";cancelada;15819975-0;"Pedro Rojas";SI;"Cabaña 15";"Santa Cruz";240000;0;;
;2025-12-04;"2025-12-04 09:00";"2025-12-04 10:00";reservada;10698937-0;"Pedro Rojas";NO;"Cancha Basquetbol Aire Libre";Providencia;25000;0;;
;2025-10-10;"2025-10-10 00:00";"2025-10-14 23:59";reservada;15088563-9;"Pedro Rojas";NO;"Cabaña 9";"Santa Cruz";480000;0;;
;2025-05-07;"2025-05-07 00:00";"2025-05-11 23:59";reservada;15790934-7;"Maria Gonzalez";NO;"Cabaña 1";Providencia;480000;0;;
;2025-03-09;"2025-03-09 00:00";"2025-03-10 23:59";cancelada;20086756-4;"Maria Gonzalez";NO;"Cabaña 7";Providencia;120000;0;;
;2025-06-05;"2025-06-05 00:00";"2025-06-12 23:59";ejecutada;6884770-2;"Luis Contreras";SI;"Cabaña 20";"Santiago Centro";840000;840000;efectivo;2025-06-04
;2025-10-02;"2025-10-02 08:00";"2025-10-02 09:00";reservada;10698937-0;"Pedro Rojas";NO;"Salon Eventos 3";"Santa Cruz";100000;0;;
;2025-02-04;"2025-02-04 00:00";"2025-02-11 23:59";cancelada;14756759-6;"Juan Perez";NO;"Cabaña 10";"La Florida";840000;0;;
;2025-04-04;"2025-04-04 00:00";"2025-04-06 23:59";reservada;7416582-6;"Pedro Rojas";NO;"Cabaña 14";Providencia;240000;0;;
;2025-06-10;"2025-06-10 00:00";"2025-06-15 23:59";ejecutada;13014055-6;"Maria Gonzalez";NO;"Cabaña 1";"Santa Cruz";600000;600000;efectivo;2025-06-09
;2025-08-03;"2025-08-03 13:00";"2025-08-03 14:00";reservada;13792450-1;"Juan Perez";NO;"Salon Eventos 1";"La Florida";100000;0;;
;2025-09-10;"2025-09-10 00:00";"2025-09-16 23:59";reservada;22287381-9;"Ana Silva";SI;"Cabaña 13";"La Florida";720000;0;;
;2025-03-18;"2025-03-18 00:00";"2025-03-23 23:59";cancelada;10289799-4;"Maria Gonzalez";NO;"Cabaña 20 X";Providencia;600000;0;;
;2025-08-16;"2025-08-16 19:00";"2025-08-16 20:00";reservada;16990297-6;"Ana Silva";SI;"Cancha Padel Techada";"Santa Cruz";35000;0;;
;2025-09-20;"2025-09-20 00:00";"2025-09-26 23:59";cancelada;6436217-8;"Pedro Rojas";NO;"Cabaña 9";"Santiago Centro";720000;0;;
;2025-01-20;"2025-01-20 00:00";"2025-01-24 23:59";ejecutada;13650113-5;"Pedro Rojas";NO;"Cabaña 11";"La Florida";480000;480000;efectivo;2025-01-20
;2026-06-22;"2026-06-24 07:00";"2026-06-25 07:00";reservada;17503226-6;"Juan Perez";SI;"Cabaña 18";"La Florida";120000;0;;
;2025-02-11;"2025-02-11 11:00";"2025-02-11 12:00";ejecutada;21821683-8;"Maria Gonzalez";NO;"Cancha Padel Techada";"Santiago Centro";35000;35000;efectivo;2025-02-11
;2025-12-06;"2025-12-06 10:00";"2025-12-06 11:00";ejecutada;14952228-K;"Juan Perez";SI;"Cancha Tenis Techada";"Santiago Centro";35000;35000;efectivo;2025-12-04
;2025-08-01;"2025-08-01 00:00";"2025-08-10 23:59";ejecutada;6126593-7;"Juan Perez";SI;"Cabaña 5";"Santiago Centro";1080000;1080000;tarjeta;2025-07-31
;2025-08-13;"2025-08-13 00:00";"2025-08-22 23:59";ejecutada;15826885-K;"Juan Perez";NO;"Cabaña 12";"Santiago Centro";1080000;1080000;efectivo;2025-08-09
;2026-06-29;"2026-07-01 12:30";"2026-07-05 12:30";reservada;21162735-2;"Juan Perez";NO;"Cabaña 17";Providencia;480000;0;;
;2025-11-11;"2025-11-11 08:00";"2025-11-11 09:00";cancelada;16054257-8;"Luis Contreras";NO;"Salon Eventos 2";"Santiago Centro";100000;0;;
;2025-01-05;"2025-01-05 00:00";"2025-01-13 23:59";reservada;13014055-6;"Maria Gonzalez";NO;"Cabaña 6";"La Florida";960000;0;;
;2025-03-07;"2025-03-07 00:00";"2025-03-11 23:59";cancelada;5427877-2;"Juan Perez";SI;"Cabaña 4";"La Florida";480000;0;;
;2025-12-03;"2025-12-03 00:00";"2025-12-05 23:59";reservada;21349217-9;"Luis Contreras";NO;"Cabaña 2";"La Florida";240000;0;;
;2025-01-11;"2025-01-11 20:00";"2025-01-11 21:00";ejecutada;12651989-3;"Luis Contreras";NO;"Cancha Padel Techada";Providencia;35000;35000;efectivo;2025-01-09
;2025-04-18;"2025-04-18 00:00";"2025-04-18 21:00";ejecutada;15338995-0;"Ana Silva";SI;"Salon Eventos 3";"Santiago Centro";100000;100000;transferencia;2025-04-15
;2025-09-18;"2025-09-18 00:00";"2025-09-22 23:59";cancelada;20859114-2;"Luis Contreras";SI;"Cabaña 15";"Santiago Centro";480000;0;;
;2025-06-18;"2025-06-18 00:00";"2025-06-22 23:59";cancelada;9354610-5;"Luis Contreras";SI;"Cabaña 10";"La Florida";480000;0;;
;2025-06-13;"2025-06-13 16:00";"2025-06-13 17:00";reservada;5373421-9;"Luis Contreras";NO;"Piscina 1";"Santa Cruz";20000;0;;
;2025-05-11;"2025-05-11 12:00";"2025-05-11 13:00";reservada;13006129-K;"Pedro Rojas";NO;"Restaurant 2";"Santa Cruz";30000;0;;
;2025-06-11;"2025-06-11 21:00";"2025-06-11 22:00";cancelada;6126625-9;"Maria Gonzalez";NO;"Cancha Padel Aire Libre";"La Florida";25000;0;;
;2025-01-18;"2025-01-18 18:00";"2025-01-18 19:00";ejecutada;20194778-2;"Ana Silva";NO;"Cancha Padel Aire Libre";"Santa Cruz";25000;25000;tarjeta;2025-01-13
;2025-05-07;"2025-05-07 00:00";"2025-05-11 23:59";cancelada;24090729-1;"Pedro Rojas";SI;"Cabaña 19";"Santa Cruz";480000;0;;
;2025-07-18;"2025-07-18 00:00";"2025-07-23 23:59";ejecutada;24945636-5;"Ana Silva";SI;"Cabaña 14";"La Florida";600000;600000;efectivo;2025-07-17
;2025-07-08;"2025-07-08 00:00";"2025-07-18 23:59";cancelada;7416582-6;"Pedro Rojas";NO;"Cabaña 17";"Santiago Centro";1200000;0;;
;2025-05-01;"2025-05-01 00:00";"2025-05-04 23:59";reservada;18646254-8;"Pedro Rojas";SI;"Cabaña 5";"La Florida";360000;0;;
;2025-01-03;"2025-01-03 00:00";"2025-01-11 23:59";reservada;13014055-6;"Maria Gonzalez";NO;"Cabaña 18";"Santiago Centro";960000;0;;
;2025-06-12;"2025-06-12 08:00";"2025-06-12 09:00";cancelada;20128868-1;"Ana Silva";SI;"Salon Eventos 2";"Santiago Centro";100000;0;;
;2025-02-09;"2025-02-09 00:00";"2025-02-16 23:59";reservada;21178138-6;"Ana Silva";SI;"Cabaña 20";"Santa Cruz";840000;0;;
;2025-11-05;"2025-11-05 00:00";"2025-11-13 23:59";reservada;21454415-6;"Maria Gonzalez";NO;"Cabaña 18";"La Florida";960000;0;;
;2025-03-12;"2025-03-12 22:00";"2025-03-12 23:00";cancelada;10698937-0;"Pedro Rojas";NO;"Cancha Padel Techada";"La Florida";35000;0;;
;2025-08-08;"2025-08-08 19:00";"2025-08-08 20:00";cancelada;11627877-4;"Pedro Rojas";NO;"Restaurant 2";"La Florida";30000;0;;
;2025-06-06;"2025-06-06 14:00";"2025-06-06 15:00";reservada;22108526-4;"Ana Silva";NO;"Salon Eventos 4 X";"La Florida";100000;0;;
;2025-09-01;"2025-09-01 12:00";"2025-09-01 13:00";ejecutada;16972312-5;"Juan Perez";NO;"Piscina 1";"Santiago Centro";20000;20000;transferencia;2025-08-27
;2025-02-18;"2025-02-18 00:00";"2025-02-26 23:59";cancelada;6807678-1;"Pedro Rojas";NO;"Cabaña 19";Providencia;960000;0;;
;2025-03-09;"2025-03-09 22:00";"2025-03-09 23:00";ejecutada;8160344-8;"Luis Contreras";NO;"Salon Eventos 3";"Santa Cruz";100000;100000;tarjeta;2025-03-04
;2025-03-11;"2025-03-11 00:00";"2025-03-16 23:59";reservada;7607462-3;"Pedro Rojas";SI;"Cabaña 20";"Santa Cruz";600000;0;;
;2025-08-19;"2025-08-19 00:00";"2025-08-21 23:59";cancelada;16012079-7;"Ana Silva";SI;"Cabaña 1";Providencia;240000;0;;
;2025-06-17;"2025-06-17 18:00";"2025-06-17 19:00";cancelada;18647741-3;"Ana Silva";NO;"Cancha Futbolito Techada";"La Florida";35000;0;;
;2025-02-01;"2025-02-01 10:00";"2025-02-01 11:00";cancelada;15505875-7;"Pedro Rojas";NO;"Piscina 1";"Santiago Centro";20000;0;;
;2025-10-16;"2025-10-16 16:00";"2025-10-16 17:00";ejecutada;16336276-7;"Pedro Rojas";NO;"Cancha Tenis Techada";"Santa Cruz";35000;35000;transferencia;2025-10-11
;2025-11-19;"2025-11-19 00:00";"2025-11-28 23:59";reservada;14254375-3;"Pedro Rojas";SI;"Cabaña 7";"Santa Cruz";1080000;0;;
;2025-11-18;"2025-11-18 00:00";"2025-11-20 23:59";reservada;16887747-1;"Luis Contreras";SI;"Cabaña 14";Providencia;240000;0;;
;2025-04-01;"2025-04-01 00:00";"2025-04-07 23:59";reservada;14565689-3;"Pedro Rojas";NO;"Cabaña 18";Providencia;720000;0;;
;2025-11-13;"2025-11-13 00:00";"2025-11-19 23:59";ejecutada;19715915-4;"Luis Contreras";NO;"Cabaña 13";"Santiago Centro";720000;720000;tarjeta;2025-11-13
;2025-09-10;"2025-09-10 08:00";"2025-09-10 09:00";reservada;12578522-0;"Ana Silva";NO;"Piscina 1";Providencia;20000;0;;
;2025-10-10;"2025-10-10 00:00";"2025-10-11 23:59";cancelada;18193118-3;"Luis Contreras";SI;"Cabaña 19";Providencia;120000;0;;
;2025-01-11;"2025-01-11 00:00";"2025-01-13 23:59";cancelada;19052661-5;"Maria Gonzalez";NO;"Cabaña 14";Providencia;240000;0;;
;2025-07-16;"2025-07-16 00:00";"2025-07-19 23:59";cancelada;18053720-1;"Ana Silva";SI;"Cabaña 20";Providencia;360000;0;;
;2025-07-04;"2025-07-04 00:00";"2025-07-08 23:59";ejecutada;20086756-4;"Maria Gonzalez";NO;"Cabaña 9";"Santa Cruz";480000;480000;transferencia;2025-07-01
;2025-03-15;"2025-03-15 00:00";"2025-03-16 23:59";reservada;15083988-2;"Juan Perez";NO;"Cabaña 19";"Santiago Centro";120000;0;;
;2025-07-20;"2025-07-20 19:00";"2025-07-20 20:00";reservada;13650113-5;"Pedro Rojas";NO;"Salon Eventos 1";"La Florida";100000;0;;
;2025-06-20;"2025-06-20 20:00";"2025-06-20 21:00";reservada;17654518-6;"Luis Contreras";SI;"Cancha Basquetbol Techada";"Santa Cruz";35000;0;;
;2025-01-17;"2025-01-17 00:00";"2025-01-23 23:59";ejecutada;6512346-0;"Maria Gonzalez";SI;"Cabaña 4";"Santa Cruz";720000;720000;transferencia;2025-01-13
;2025-10-19;"2025-10-19 00:00";"2025-10-23 23:59";cancelada;14651959-8;"Maria Gonzalez";NO;"Cabaña 16";"Santa Cruz";480000;0;;
;2025-02-11;"2025-02-11 12:00";"2025-02-11 13:00";ejecutada;10934689-6;"Pedro Rojas";NO;"Salon Eventos 3";"La Florida";100000;100000;tarjeta;2025-02-11
;2026-05-13;"2026-05-15 15:30";"2026-05-15 16:30";reservada;13015768-8;"Pedro Rojas";SI;"Restaurant 1";Providencia;30000;0;;
;2025-05-03;"2025-05-03 00:00";"2025-05-12 23:59";ejecutada;19599688-1;"Juan Perez";SI;"Cabaña 5";Providencia;1080000;1080000;transferencia;2025-05-03
;2025-03-05;"2025-03-05 00:00";"2025-03-06 23:59";ejecutada;7715981-9;"Luis Contreras";SI;"Cabaña 18";"La Florida";120000;120000;transferencia;2025-03-03
;2025-12-03;"2025-12-03 00:00";"2025-12-07 23:59";ejecutada;14952228-K;"Juan Perez";SI;"Cabaña 7";"La Florida";480000;480000;efectivo;2025-11-28
;2025-06-09;"2025-06-09 00:00";"2025-06-10 23:59";reservada;23811418-7;"Maria Gonzalez";NO;"Cabaña 13";"Santa Cruz";120000;0;;
;2025-11-13;"2025-11-13 00:00";"2025-11-15 23:59";ejecutada;16012079-7;"Ana Silva";NO;"Cabaña 7";Providencia;240000;240000;transferencia;2025-11-11
;2025-10-05;"2025-10-05 00:00";"2025-10-06 23:59";reservada;20997181-K;"Juan Perez";NO;"Cabaña 20";"Santiago Centro";120000;0;;
;2025-03-19;"2025-03-19 19:00";"2025-03-19 20:00";reservada;5204506-1;"Ana Silva";NO;"Piscina 1";Providencia;20000;0;;
;2025-06-06;"2025-06-06 11:00";"2025-06-06 12:00";cancelada;13203913-5;"Maria Gonzalez";SI;"Restaurant 1";"La Florida";30000;0;;
;2026-07-27;"2026-07-29 12:30";"2026-08-08 12:30";reservada;12469531-7;"Pedro Rojas";SI;"Cabaña 6";Providencia;1200000;0;;
;2025-04-14;"2025-04-14 09:00";"2025-04-14 10:00";cancelada;15040048-1;"Juan Perez";NO;"Cancha Padel Aire Libre";"Santa Cruz";25000;0;;
;2025-07-02;"2025-07-02 00:00";"2025-07-08 23:59";ejecutada;20470612-3;"Ana Silva";NO;"Cabaña 1";"Santiago Centro";720000;720000;tarjeta;2025-07-02
;2025-06-17;"2025-06-17 00:00";"2025-06-19 23:59";reservada;15762862-3;"Pedro Rojas";SI;"Cabaña 15";"Santiago Centro";240000;0;;
;2025-06-12;"2025-06-12 21:00";"2025-06-12 22:00";reservada;19489863-0;"Ana Silva";NO;"Salon Eventos 4";"La Florida";100000;0;;
;2025-11-06;"2025-11-06 00:00";"2025-11-15 23:59";cancelada;11862631-1;"Ana Silva";NO;"Cabaña 7";"Santa Cruz";1080000;0;;
;2025-03-04;"2025-03-04 00:00";"2025-03-13 23:59";ejecutada;17275270-5;"Pedro Rojas";SI;"Cabaña 16";"Santa Cruz";1080000;1080000;transferencia;2025-03-04
;2025-11-14;"2025-11-14 18:00";"2025-11-14 19:00";cancelada;22885927-3;"Luis Contreras";SI;"Piscina 2";"La Florida";20000;0;;
;2025-01-19;"2025-01-19 00:00";"2025-01-24 23:59";reservada;10464361-2;"Luis Contreras";SI;"Cabaña 12";"Santiago Centro";600000;0;;
;2025-03-14;"2025-03-14 00:00";"2025-03-19 23:59";cancelada;15677425-1;"Luis Contreras";NO;"Cabaña 20";Providencia;600000;0;;
;2025-03-05;"2025-03-05 00:00";"2025-03-09 23:59";cancelada;11640203-3;"Luis Contreras";SI;"Cabaña 7";"Santiago Centro";480000;0;;
;2025-05-16;"2025-05-16 00:00";"2025-05-20 23:59";cancelada;21743846-2;"Pedro Rojas";SI;"Cabaña 5";"Santa Cruz";480000;0;;
;2025-02-04;"2025-02-04 00:00";"2025-02-05 23:59";ejecutada;14379507-1;"Juan Perez";SI;"Cabaña 9";"Santiago Centro";120000;120000;efectivo;2025-01-30
;2025-06-11;"2025-06-11 00:00";"2025-06-20 23:59";reservada;6858349-7;"Luis Contreras";NO;"Cabaña 3";"Santa Cruz";1080000;0;;
;2025-03-01;"2025-03-01 09:00";"2025-03-01 10:00";reservada;15878471-8;"Maria Gonzalez";NO;"Cancha Tenis Aire Libre";"Santa Cruz";25000;0;;
;2025-12-12;"2025-12-12 18:00";"2025-12-12 19:00";cancelada;13083215-6;"Pedro Rojas";NO;"Cancha Futbolito Aire Libre";"Santiago Centro";25000;0;;
;2025-10-05;"2025-10-05 19:00";"2025-10-05 20:00";cancelada;22110547-8;"Maria Gonzalez";SI;"Cancha Padel Aire Libre";"Santiago Centro";25000;0;;
;2025-08-19;"2025-08-19 13:00";"2025-08-19 14:00";cancelada;9203394-5;"Luis Contreras";SI;"Cancha Basquetbol Techada";Providencia;35000;0;;
;2025-09-09;"2025-09-09 18:00";"2025-09-09 19:00";reservada;12578522-0;"Ana Silva";NO;"Salon Eventos 4";Providencia;100000;0;;
;2025-09-18;"2025-09-18 00:00";"2025-09-28 23:59";cancelada;24635453-7;"Juan Perez";SI;"Cabaña 14";"La Florida";1200000;0;;
;2025-02-19;"2025-02-19 12:00";"2025-02-19 13:00";reservada;23939824-3;"Juan Perez";NO;"Salon Eventos 2";"Santa Cruz";100000;0;;
;2025-02-20;"2025-02-20 00:00";"2025-02-21 23:59";reservada;7130867-7;"Luis Contreras";NO;"Cabaña 1";Providencia;120000;0;;
;2025-03-09;"2025-03-09 20:00";"2025-03-09 21:00";ejecutada;10578107-5;"Luis Contreras";SI;"Cancha Padel Techada";"Santiago Centro";35000;35000;transferencia;2025-03-08
;2025-03-20;"2025-03-20 00:00";"2025-03-27 23:59";cancelada;21231316-5;"Maria Gonzalez";NO;"Cabaña 5";Providencia;840000;0;;
;2025-11-09;"2025-11-09 20:00";"2025-11-09 21:00";cancelada;22075434-0;"Ana Silva";SI;"Cancha Futbolito Techada";Providencia;35000;0;;
;2025-07-18;"2025-07-18 15:00";"2025-07-18 16:00";reservada;19652678-1;"Juan Perez";NO;"Cancha Tenis Aire Libre";"Santiago Centro";25000;0;;
;2025-09-16;"2025-09-16 00:00";"2025-09-17 23:59";cancelada;21882154-5;"Maria Gonzalez";NO;"Cabaña 3";"La Florida";120000;0;;
;2025-02-08;"2025-02-08 00:00";"2025-02-17 23:59";ejecutada;24826693-7;"Luis Contreras";NO;"Cabaña 10";"La Florida";1080000;1080000;efectivo;2025-02-04
;2025-09-11;"2025-09-11 10:00";"2025-09-11 11:00";cancelada;19484029-2;"Luis Contreras";SI;"Cancha Tenis Aire Libre";Providencia;25000;0;;
;2025-06-18;"2025-06-18 09:00";"2025-06-18 10:00";ejecutada;19484029-2;"Luis Contreras";SI;"Cancha Basquetbol Aire Libre";"La Florida";25000;25000;transferencia;2025-06-15
;2025-04-02;"2025-04-02 00:00";"2025-04-10 23:59";reservada;9203394-5;"Luis Contreras";SI;"Cabaña 18";"La Florida";960000;0;;
;2025-09-17;"2025-09-17 20:00";"2025-09-17 21:00";cancelada;24765561-1;"Juan Perez";NO;"Salon Eventos 4";Providencia;100000;0;;
;2025-07-18;"2025-07-18 00:00";"2025-07-27 23:59";reservada;15440317-5;"Ana Silva";SI;"Cabaña 3";Providencia;1080000;0;;
;2025-02-05;"2025-02-05 00:00";"2025-02-14 23:59";reservada;11727551-5;"Maria Gonzalez";SI;"Cabaña 16";"La Florida";1080000;0;;
;2025-08-03;"2025-08-03 00:00";"2025-08-10 23:59";reservada;20928234-8;"Pedro Rojas";SI;"Cabaña 19";"Santa Cruz";840000;0;;
;2025-04-15;"2025-04-15 00:00";"2025-04-24 23:59";ejecutada;13604604-7;"Juan Perez";NO;"Cabaña 19";"Santiago Centro";1080000;1080000;tarjeta;2025-04-13
;2025-09-10;"2025-09-10 10:00";"2025-09-10 11:00";ejecutada;21454860-7;"Ana Silva";SI;"Cancha Tenis Aire Libre";"Santa Cruz";25000;25000;efectivo;2025-09-07
;2025-12-12;"2025-12-12 00:00";"2025-12-14 23:59";reservada;16759872-2;"Ana Silva";SI;"Cabaña 13";Providencia;240000;0;;
;2025-06-12;"2025-06-12 14:00";"2025-06-12 15:00";reservada;22512308-K;"Pedro Rojas";SI;"Cancha Tenis Techada";"La Florida";35000;0;;
;2025-04-14;"2025-04-14 21:00";"2025-04-14 22:00";ejecutada;20408365-7;"Maria Gonzalez";SI;"Salon Eventos 4";"La Florida";100000;100000;tarjeta;2025-04-10
;2025-05-03;"2025-05-03 20:00";"2025-05-03 21:00";reservada;12891005-0;"Luis Contreras";SI;"Salon Eventos 3";"Santa Cruz";100000;0;;
;2025-08-16;"2025-08-16 20:00";"2025-08-16 21:00";ejecutada;12730200-6;"Maria Gonzalez";NO;"Cancha Tenis Techada";Providencia;35000;35000;tarjeta;2025-08-16
;2025-07-05;"2025-07-05 00:00";"2025-07-06 23:59";cancelada;15120266-7;"Juan Perez";SI;"Cabaña 4";Providencia;120000;0;;
;2025-12-11;"2025-12-11 16:00";"2025-12-11 17:00";cancelada;11984768-0;"Luis Contreras";SI;"Restaurant 2";"La Florida";30000;0;;
;2025-02-20;"2025-02-20 00:00";"2025-02-24 23:59";reservada;17049622-1;"Pedro Rojas";NO;"Cabaña 14";"Santa Cruz";480000;0;;
;2025-08-10;"2025-08-10 00:00";"2025-08-14 23:59";cancelada;11263892-K;"Luis Contreras";NO;"Cabaña 19";Providencia;480000;0;;
;2025-06-18;"2025-06-18 12:00";"2025-06-18 13:00";cancelada;16170965-4;"Luis Contreras";SI;"Cancha Basquetbol Aire Libre";"Santiago Centro";25000;0;;
;2025-08-14;"2025-08-14 00:00";"2025-08-20 23:59";cancelada;18971062-3;"Juan Perez";NO;"Cabaña 20";"La Florida";720000;0;;
;2025-01-19;"2025-01-19 20:00";"2025-01-19 21:00";reservada;18329134-3;"Pedro Rojas";NO;"Cancha Padel Aire Libre";"Santiago Centro";25000;0;;
;2025-01-08;"2025-01-08 15:00";"2025-01-08 16:00";reservada;16276138-2;"Ana Silva";SI;"Piscina 1";"La Florida";20000;0;;
;2025-07-01;"2025-07-01 00:00";"2025-07-08 23:59";reservada;18193118-3;"Luis Contreras";NO;"Cabaña 16";"Santa Cruz";840000;0;;
;2025-11-05;"2025-11-05 17:00";"2025-11-05 18:00";ejecutada;13953163-9;"Juan Perez";NO;"Cancha Basquetbol Techada";Providencia;35000;35000;efectivo;2025-11-04
;2025-09-12;"2025-09-12 00:00";"2025-09-20 23:59";ejecutada;7686256-7;"Luis Contreras";SI;"Cabaña 17";"Santiago Centro";960000;960000;efectivo;2025-09-11
;2025-08-04;"2025-08-04 00:00";"2025-08-12 23:59";ejecutada;24826693-7;"Luis Contreras";NO;"Cabaña 9";"Santiago Centro";960000;960000;efectivo;2025-07-31
;2025-09-19;"2025-09-19 10:00";"2025-09-19 11:00";cancelada;22381571-5;"Juan Perez";SI;"Restaurant 2";"La Florida";30000;0;;
;2025-06-14;"2025-06-14 00:00";"2025-06-22 23:59";cancelada;16487089-8;"Ana Silva";SI;"Cabaña 8";"Santiago Centro";960000;0;;
;2025-09-07;"2025-09-07 00:00";"2025-09-15 23:59";ejecutada;10578107-5;"Luis Contreras";NO;"Cabaña 19";"Santa Cruz";960000;960000;efectivo;2025-09-06
;2025-03-06;"2025-03-06 00:00";"2025-03-16 23:59";reservada;16564154-K;"Juan Perez";SI;"Cabaña 16";"La Florida";1200000;0;;
;2025-05-01;"2025-05-01 00:00";"2025-05-08 23:59";ejecutada;10949220-5;"Maria Gonzalez";SI;"Cabaña 9";Providencia;840000;840000;transferencia;2025-04-29
;2025-08-16;"2025-08-16 10:00";"2025-08-16 11:00";ejecutada;11247006-9;"Luis Contreras";NO;"Cancha Tenis Aire Libre";"La Florida";25000;25000;efectivo;2025-08-13
;2025-11-18;"2025-11-18 00:00";"2025-11-25 23:59";ejecutada;24693299-9;"Pedro Rojas";SI;"Cabaña 1";"Santa Cruz";840000;840000;tarjeta;2025-11-18
;2025-09-20;"2025-09-20 00:00";"2025-09-26 23:59";ejecutada;20548964-9;"Maria Gonzalez";SI;"Cabaña 14";Providencia;720000;720000;transferencia;2025-09-20
;2025-06-05;"2025-06-05 00:00";"2025-06-15 23:59";cancelada;9226402-5;"Ana Silva";SI;"Cabaña 13";"La Florida";1200000;0;;
;2025-06-20;"2025-06-20 00:00";"2025-06-22 23:59";cancelada;24639890-9;"Luis Contreras";NO;"Cabaña 2";"Santa Cruz";240000;0;;
;2025-09-12;"2025-09-12 00:00";"2025-09-22 23:59";cancelada;12674136-7;"Pedro Rojas";SI;"Cabaña 12";"Santa Cruz";1200000;0;;
;2025-04-17;"2025-04-17 00:00";"2025-04-27 23:59";ejecutada;6884770-2;"Luis Contreras";SI;"Cabaña 4";"Santiago Centro";1200000;1200000;efectivo;2025-04-15
;2025-12-02;"2025-12-02 00:00";"2025-12-07 23:59";cancelada;16987649-5;"Maria Gonzalez";SI;"Cabaña 4";"Santiago Centro";600000;0;;
;2025-03-09;"2025-03-09 00:00";"2025-03-19 23:59";cancelada;12353825-0;"Ana Silva";NO;"Cabaña 13";"Santa Cruz";1200000;0;;
;2025-02-20;"2025-02-20 16:00";"2025-02-20 17:00";cancelada;7206185-3;"Luis Contreras";NO;"Cancha Basquetbol Techada";Providencia;35000;0;;
;2025-09-15;"2025-09-15 22:00";"2025-09-15 23:00";reservada;19489863-0;"Ana Silva";SI;"Cancha Futbolito Techada";"La Florida";35000;0;;
;2025-07-20;"2025-07-20 00:00";"2025-07-30 23:59";cancelada;24402541-2;"Luis Contreras";SI;"Cabaña 18";Providencia;1200000;0;;
;2025-01-11;"2025-01-11 00:00";"2025-01-13 23:59";ejecutada;13065663-3;"Luis Contreras";SI;"Cabaña 6";"La Florida";240000;240000;efectivo;2025-01-10
;2025-09-03;"2025-09-03 00:00";"2025-09-09 23:59";ejecutada;22981153-3;"Maria Gonzalez";SI;"Cabaña 14";"Santa Cruz";720000;720000;transferencia;2025-09-03
;2025-01-11;"2025-01-11 08:00";"2025-01-11 09:00";ejecutada;18154120-2;"Maria Gonzalez";NO;"Piscina 2";"Santiago Centro";20000;20000;transferencia;2025-01-08
;2025-10-03;"2025-10-03 09:00";"2025-10-03 10:00";cancelada;7101185-2;"Pedro Rojas";SI;"Cancha Basquetbol Aire Libre";Providencia;25000;0;;
;2025-09-08;"2025-09-08 00:00";"2025-09-17 23:59";ejecutada;7997541-9;"Ana Silva";NO;"Cabaña 3";"La Florida";1080000;1080000;transferencia;2025-09-05
;2025-03-15;"2025-03-15 00:00";"2025-03-18 23:59";reservada;20470612-3;"Ana Silva";NO;"Cabaña 6";"Santiago Centro";360000;0;;
;2025-10-08;"2025-10-08 14:00";"2025-10-08 15:00";cancelada;18467664-8;"Pedro Rojas";NO;"Cancha Tenis Aire Libre";Providencia;25000;0;;
;2025-06-11;"2025-06-11 00:00";"2025-06-17 23:59";ejecutada;5590602-5;"Juan Perez";SI;"Cabaña 6";Providencia;720000;720000;tarjeta;2025-06-07
;2025-09-05;"2025-09-05 00:00";"2025-09-10 23:59";ejecutada;14150365-0;"Juan Perez";NO;"Cabaña 13";Providencia;600000;600000;tarjeta;2025-09-01
;2025-09-05;"2025-09-05 12:00";"2025-09-05 13:00";ejecutada;13006129-K;"Pedro Rojas";SI;"Restaurant 1";"La Florida";30000;30000;tarjeta;2025-09-01
;2025-01-09;"2025-01-09 20:00";"2025-01-09 21:00";reservada;16012079-7;"Ana Silva";NO;"Cancha Padel Aire Libre";Providencia;25000;0;;
;2025-12-11;"2025-12-11 00:00";"2025-12-16 23:59";reservada;24795565-8;"Luis Contreras";NO;"Cabaña 12";Providencia;600000;0;;
;2025-08-07;"2025-08-07 00:00";"2025-08-16 23:59";reservada;13537633-7;"Maria Gonzalez";NO;"Cabaña 10";"La Florida";1080000;0;;
;2025-10-14;"2025-10-14 21:00";"2025-10-14 22:00";ejecutada;10427547-8;"Ana Silva";NO;"Restaurant 1";Providencia;30000;30000;transferencia;2025-10-11
;2025-11-05;"2025-11-05 09:00";"2025-11-05 10:00";reservada;20408365-7;"Maria Gonzalez";NO;"Piscina 2";"Santa Cruz";20000;0;;
;2025-09-05;"2025-09-05 12:00";"2025-09-05 13:00";cancelada;18568061-4;"Ana Silva";NO;"Cancha Futbolito Techada";Providencia;35000;0;;
;2025-08-04;"2025-08-04 00:00";"2025-08-10 23:59";cancelada;20666104-6;"Juan Perez";SI;"Cabaña 5";"Santa Cruz";720000;0;;
;2025-11-03;"2025-11-03 11:00";"2025-11-03 12:00";reservada;17505864-8;"Maria Gonzalez";SI;"Restaurant 2";Providencia;30000;0;;
;2025-01-06;"2025-01-06 00:00";"2025-01-16 23:59";ejecutada;24693299-9;"Pedro Rojas";NO;"Cabaña 4";"Santiago Centro";1200000;1200000;tarjeta;2025-01-04
;2025-10-10;"2025-10-10 00:00";"2025-10-16 23:59";reservada;7130867-7;"Luis Contreras";SI;"Cabaña 19";"Santa Cruz";720000;0;;
;2025-04-20;"2025-04-20 16:00";"2025-04-20 17:00";ejecutada;22078734-6;"Pedro Rojas";NO;"Restaurant 2";"Santa Cruz";30000;30000;efectivo;2025-04-15
;2025-04-10;"2025-04-10 14:00";"2025-04-10 15:00";reservada;11177094-8;"Maria Gonzalez";NO;"Cancha Tenis Techada";Providencia;35000;0;;
;2025-02-05;"2025-02-05 00:00";"2025-02-06 23:59";ejecutada;17820790-3;"Juan Perez";NO;"Cabaña 20";"La Florida";120000;120000;transferencia;2025-02-03
;2025-01-10;"2025-01-10 00:00";"2025-01-19 23:59";cancelada;13953163-9;"Juan Perez";NO;"Cabaña 15";Providencia;1080000;0;;
;2025-07-11;"2025-07-11 00:00";"2025-07-21 23:59";ejecutada;22256719-K;"Ana Silva";NO;"Cabaña 13";"Santiago Centro";1200000;1200000;transferencia;2025-07-06
;2025-04-03;"2025-04-03 00:00";"2025-04-04 23:59";ejecutada;6126625-9;"Maria Gonzalez";SI;"Cabaña 1";"La Florida";120000;120000;efectivo;2025-03-30
;2025-06-03;"2025-06-03 10:00";"2025-06-03 11:00";reservada;9039992-6;"Ana Silva";NO;"Cancha Basquetbol Techada";"Santiago Centro";35000;0;;
;2025-09-10;"2025-09-10 00:00";"2025-09-13 23:59";reservada;18154120-2;"Maria Gonzalez";SI;"Cabaña 10";Providencia;360000;0;;
;2025-08-09;"2025-08-09 21:00";"2025-08-09 22:00";cancelada;10527082-8;"Ana Silva";SI;"Salon Eventos 2";"Santa Cruz";100000;0;;
;2025-04-02;"2025-04-02 00:00";"2025-04-04 23:59";cancelada;17623443-1;"Maria Gonzalez";SI;"Cabaña 12";"Santiago Centro";240000;0;;
;2025-02-17;"2025-02-17 00:00";"2025-02-21 23:59";cancelada;21912374-4;"Pedro Rojas";SI;"Cabaña 6";"La Florida";480000;0;;
;2025-05-13;"2025-05-13 16:00";"2025-05-13 17:00";cancelada;14252158-K;"Luis Contreras";NO;"Cancha Padel Techada";Providencia;35000;0;;
;2025-05-12;"2025-05-12 00:00";"2025-05-14 23:59";cancelada;10645717-4;"Pedro Rojas";NO;"Cabaña 4";Providencia;240000;0;;
;2025-02-17;"2025-02-17 11:00";"2025-02-17 12:00";ejecutada;5373421-9;"Luis Contreras";NO;"Salon Eventos 4";"Santa Cruz";100000;100000;transferencia;2025-02-16
;2025-12-10;"2025-12-10 00:00";"2025-12-17 23:59";cancelada;15677425-1;"Luis Contreras";NO;"Cabaña 8";"Santa Cruz";840000;0;;
;2025-08-18;"2025-08-18 10:00";"2025-08-18 11:00";cancelada;13734270-7;"Luis Contreras";SI;"Salon Eventos 3";"Santa Cruz";100000;0;;
;2025-05-20;"2025-05-20 13:00";"2025-05-20 14:00";reservada;19937737-K;"Luis Contreras";NO;"Salon Eventos 3";"Santa Cruz";100000;0;;
;2025-04-05;"2025-04-05 22:00";"2025-04-05 23:00";cancelada;16972312-5;"Juan Perez";NO;"Salon Eventos 1 X";"Santiago Centro";100000;0;;
;2025-06-16;"2025-06-16 00:00";"2025-06-24 23:59";ejecutada;21525938-2;"Ana Silva";NO;"Cabaña 10";"Santa Cruz";960000;960000;transferencia;2025-06-11
;2025-02-03;"2025-02-03 00:00";"2025-02-13 23:59";cancelada;7544276-9;"Maria Gonzalez";SI;"Cabaña 8";"Santa Cruz";1200000;0;;
;2025-09-19;"2025-09-19 00:00";"2025-09-22 23:59";reservada;8488042-6;"Juan Perez";NO;"Cabaña 9";"La Florida";360000;0;;
;2025-06-18;"2025-06-18 13:00";"2025-06-18 14:00";cancelada;23876696-6;"Luis Contreras";NO;"Cancha Padel Aire Libre";"La Florida";25000;0;;
;2025-07-11;"2025-07-11 15:00";"2025-07-11 16:00";reservada;13897062-0;"Maria Gonzalez";NO;"Piscina 1";"La Florida";20000;0;;
;2025-09-10;"2025-09-10 00:00";"2025-09-19 23:59";reservada;17506787-6;"Pedro Rojas";NO;"Cabaña 7";"Santiago Centro";1080000;0;;
;2025-10-01;"2025-10-01 11:00";"2025-10-01 12:00";cancelada;14756759-6;"Juan Perez";NO;"Salon Eventos 1";"Santa Cruz";100000;0;;
;2025-04-15;"2025-04-15 17:00";"2025-04-15 18:00";reservada;24967582-2;"Maria Gonzalez";SI;"Cancha Padel Aire Libre";Providencia;25000;0;;
;2025-11-19;"2025-11-19 22:00";"2025-11-19 23:00";reservada;22329198-8;"Luis Contreras";NO;"Piscina 1";"Santiago Centro";20000;0;;
;2025-12-05;"2025-12-05 13:00";"2025-12-05 14:00";cancelada;23369020-1;"Ana Silva";NO;"Salon Eventos 3";Providencia;100000;0;;
;2025-02-12;"2025-02-12 00:00";"2025-02-17 23:59";cancelada;22746919-6;"Maria Gonzalez";SI;"Cabaña 1";"Santiago Centro";600000;0;;
;2025-05-03;"2025-05-03 00:00";"2025-05-07 23:59";reservada;14379495-4;"Luis Contreras";NO;"Cabaña 10";"Santa Cruz";480000;0;;
;2025-08-15;"2025-08-15 13:00";"2025-08-15 14:00";reservada;24967582-2;"Maria Gonzalez";SI;"Restaurant 1";"La Florida";30000;0;;
;2025-01-04;"2025-01-04 00:00";"2025-01-09 23:59";ejecutada;13006208-3;"Luis Contreras";SI;"Cabaña 1";Providencia;600000;600000;efectivo;2025-01-04
;2025-11-09;"2025-11-09 10:00";"2025-11-09 11:00";cancelada;18616868-2;"Luis Contreras";SI;"Cancha Padel Techada";"La Florida";35000;0;;
;2025-11-11;"2025-11-11 00:00";"2025-11-19 23:59";ejecutada;15120266-7;"Juan Perez";SI;"Cabaña 13";Providencia;960000;960000;transferencia;2025-11-06
;2025-03-16;"2025-03-16 17:00";"2025-03-16 18:00";ejecutada;21863652-7;"Luis Contreras";NO;"Cancha Basquetbol Techada";"La Florida";35000;35000;tarjeta;2025-03-13
;2025-02-01;"2025-02-01 00:00";"2025-02-05 23:59";reservada;8084042-K;"Maria Gonzalez";SI;"Cabaña 9";"Santa Cruz";480000;0;;
;2025-07-05;"2025-07-05 22:00";"2025-07-05 23:00";reservada;9269949-8;"Ana Silva";NO;"Salon Eventos 4";"Santa Cruz";100000;0;;
;2025-12-07;"2025-12-07 00:00";"2025-12-13 23:59";ejecutada;19142269-4;"Pedro Rojas";SI;"Cabaña 20";"Santiago Centro";720000;720000;efectivo;2025-12-04
;2025-01-10;"2025-01-10 00:00";"2025-01-18 23:59";ejecutada;5350796-4;"Luis Contreras";SI;"Cabaña 5";"Santiago Centro";960000;960000;transferencia;2025-01-07
;2025-11-04;"2025-11-04 00:00";"2025-11-07 23:59";ejecutada;19048151-4;"Ana Silva";NO;"Cabaña 17";"Santiago Centro";360000;360000;transferencia;2025-11-04
;2025-08-02;"2025-08-02 20:00";"2025-08-02 21:00";ejecutada;15115625-8;"Juan Perez";SI;"Cancha Basquetbol Aire Libre";"Santiago Centro";25000;25000;transferencia;2025-07-31
;2025-12-05;"2025-12-05 00:00";"2025-12-12 23:59";reservada;12756727-1;"Luis Contreras";SI;"Cabaña 10";"Santiago Centro";840000;0;;
;2025-09-10;"2025-09-10 10:00";"2025-09-10 11:00";ejecutada;17213598-6;"Pedro Rojas";SI;"Salon Eventos 4";"Santa Cruz";100000;100000;transferencia;2025-09-07
;2025-11-09;"2025-11-09 00:00";"2025-11-15 23:59";ejecutada;10578107-5;"Luis Contreras";NO;"Cabaña 10";"La Florida";720000;720000;transferencia;2025-11-07
;2025-09-05;"2025-09-05 14:00";"2025-09-05 15:00";cancelada;19576306-2;"Luis Contreras";NO;"Cancha Tenis Techada";"Santa Cruz";35000;0;;
;2025-06-06;"2025-06-06 00:00";"2025-06-15 23:59";cancelada;16114575-0;"Luis Contreras";SI;"Cabaña 14";Providencia;1080000;0;;
;2025-03-06;"2025-03-06 00:00";"2025-03-06 09:00";ejecutada;19484029-2;"Luis Contreras";SI;"Restaurant 1";"Santa Cruz";30000;30000;transferencia;2025-03-05
;2025-07-20;"2025-07-20 19:00";"2025-07-20 20:00";ejecutada;19104958-6;"Pedro Rojas";SI;"Cancha Padel Techada";Providencia;35000;35000;efectivo;2025-07-20
;2025-08-10;"2025-08-10 00:00";"2025-08-15 23:59";ejecutada;15790934-7;"Maria Gonzalez";SI;"Cabaña 14";"Santiago Centro";600000;600000;transferencia;2025-08-10
;2025-02-14;"2025-02-14 22:00";"2025-02-14 23:00";cancelada;14252158-K;"Luis Contreras";SI;"Cancha Padel Aire Libre";"Santa Cruz";25000;0;;
;2025-05-11;"2025-05-11 22:00";"2025-05-11 23:00";reservada;16657576-1;"Luis Contreras";NO;"Cancha Basquetbol Techada";"Santiago Centro";35000;0;;
;2025-12-14;"2025-12-14 00:00";"2025-12-24 23:59";cancelada;23451242-0;"Juan Perez";NO;"Cabaña 17";"La Florida";1200000;0;;
;2025-11-17;"2025-11-17 16:00";"2025-11-17 17:00";cancelada;13203913-5;"Maria Gonzalez";SI;"Salon Eventos 1";"Santa Cruz";100000;0;;
;2025-07-18;"2025-07-18 10:00";"2025-07-18 11:00";cancelada;16949045-7;"Luis Contreras";NO;"Cancha Basquetbol Techada";"Santiago Centro";35000;0;;
;2025-09-19;"2025-09-19 00:00";"2025-09-27 23:59";ejecutada;6858349-7;"Luis Contreras";NO;"Cabaña 6";"La Florida";960000;960000;tarjeta;2025-09-14
;2025-02-15;"2025-02-15 13:00";"2025-02-15 14:00";cancelada;21852963-1;"Luis Contreras";SI;"Restaurant 2";"Santa Cruz";30000;0;;
;2025-07-12;"2025-07-12 16:00";"2025-07-12 17:00";reservada;16759872-2;"Ana Silva";SI;"Salon Eventos 2";Providencia;100000;0;;
;2025-01-08;"2025-01-08 08:00";"2025-01-08 09:00";ejecutada;14379507-1;"Juan Perez";NO;"Salon Eventos 3";"Santa Cruz";100000;100000;tarjeta;2025-01-03
;2025-08-16;"2025-08-16 09:00";"2025-08-16 10:00";cancelada;17786278-9;"Juan Perez";NO;"Salon Eventos 1";"Santiago Centro";100000;0;;
;2025-06-07;"2025-06-07 00:00";"2025-06-11 23:59";ejecutada;7884115-K;"Luis Contreras";NO;"Cabaña 7";Providencia;480000;480000;transferencia;2025-06-06
;2025-04-06;"2025-04-06 21:00";"2025-04-06 22:00";ejecutada;22378728-2;"Maria Gonzalez";SI;"Cancha Futbolito Aire Libre";"Santa Cruz";25000;25000;tarjeta;2025-04-06
;2025-09-20;"2025-09-20 00:00";"2025-09-24 23:59";reservada;15083988-2;"Juan Perez";NO;"Cabaña 14";"Santiago Centro";480000;0;;
;2025-08-14;"2025-08-14 21:00";"2025-08-14 22:00";cancelada;19048151-4;"Ana Silva";SI;"Piscina 2";"La Florida";20000;0;;
;2025-01-05;"2025-01-05 00:00";"2025-01-12 23:59";ejecutada;11374837-0;"Maria Gonzalez";SI;"Cabaña 18";"La Florida";840000;840000;tarjeta;2025-01-05
;2025-02-05;"2025-02-05 09:00";"2025-02-05 10:00";ejecutada;7544276-9;"Maria Gonzalez";NO;"Salon Eventos 2";"La Florida";100000;100000;tarjeta;2025-02-05
;2025-09-04;"2025-09-04 00:00";"2025-09-08 23:59";reservada;18692916-0;"Ana Silva";SI;"Cabaña 12";"Santiago Centro";480000;0;;
;2025-05-14;"2025-05-14 17:00";"2025-05-14 18:00";cancelada;13147810-0;"Pedro Rojas";NO;"Salon Eventos 1";"Santiago Centro";100000;0;;
;2025-02-01;"2025-02-01 00:00";"2025-02-02 23:59";cancelada;6807678-1;"Pedro Rojas";SI;"Cabaña 15";"Santa Cruz";120000;0;;
;2025-03-16;"2025-03-16 00:00";"2025-03-23 23:59";reservada;8282741-2;"Juan Perez";NO;"Cabaña 18";"Santa Cruz";840000;0;;
;2025-09-14;"2025-09-14 00:00";"2025-09-19 23:59";cancelada;11316654-1;"Luis Contreras";NO;"Cabaña 19";"Santiago Centro";600000;0;;
;2025-05-11;"2025-05-11 00:00";"2025-05-17 23:59";cancelada;13397853-4;"Juan Perez";NO;"Cabaña 7";"Santa Cruz";720000;0;;
;2025-06-08;"2025-06-08 17:00";"2025-06-08 18:00";ejecutada;22156789-7;"Luis Contreras";SI;"Cancha Basquetbol Techada";"Santa Cruz";35000;35000;transferencia;2025-06-08
;2025-09-18;"2025-09-18 20:00";"2025-09-18 21:00";ejecutada;5149595-0;"Maria Gonzalez";SI;"Cancha Basquetbol Aire Libre X";"La Florida";25000;25000;transferencia;2025-09-14
;2025-10-14;"2025-10-14 00:00";"2025-10-17 23:59";reservada;13650113-5;"Pedro Rojas";NO;"Cabaña 3";Providencia;360000;0;;
;2025-08-12;"2025-08-12 00:00";"2025-08-22 23:59";reservada;24826693-7;"Luis Contreras";SI;"Cabaña 20";Providencia;1200000;0;;
;2025-06-12;"2025-06-12 08:00";"2025-06-12 09:00";ejecutada;14379495-4;"Luis Contreras";SI;"Cancha Futbolito Aire Libre";"Santa Cruz";25000;25000;efectivo;2025-06-08
;2025-12-09;"2025-12-09 12:00";"2025-12-09 13:00";reservada;24402541-2;"Luis Contreras";NO;"Cancha Padel Techada";"La Florida";35000;0;;
;2025-07-19;"2025-07-19 14:00";"2025-07-19 15:00";ejecutada;21525938-2;"Ana Silva";SI;"Cancha Padel Aire Libre";"Santiago Centro";25000;25000;efectivo;2025-07-18
;2025-10-02;"2025-10-02 00:00";"2025-10-09 23:59";ejecutada;19197001-2;"Ana Silva";SI;"Cabaña 20";"Santa Cruz";840000;840000;transferencia;2025-10-01
;2025-06-05;"2025-06-05 16:00";"2025-06-05 17:00";reservada;19211618-K;"Luis Contreras";SI;"Piscina 2";"La Florida";20000;0;;
;2025-04-12;"2025-04-12 00:00";"2025-04-15 23:59";ejecutada;17186404-6;"Ana Silva";NO;"Cabaña 7";"Santa Cruz";360000;360000;efectivo;2025-04-09
;2025-06-11;"2025-06-11 13:00";"2025-06-11 14:00";cancelada;12651989-3;"Luis Contreras";NO;"Salon Eventos 4";Providencia;100000;0;;
;2025-07-12;"2025-07-12 00:00";"2025-07-19 23:59";reservada;20713143-1;"Luis Contreras";NO;"Cabaña 2";"Santiago Centro";840000;0;;
;2025-01-14;"2025-01-14 19:00";"2025-01-14 20:00";cancelada;24256806-0;"Pedro Rojas";NO;"Cancha Basquetbol Aire Libre";"Santa Cruz";25000;0;;
;2025-03-17;"2025-03-17 00:00";"2025-03-25 23:59";cancelada;22361904-5;"Maria Gonzalez";NO;"Cabaña 13";"Santiago Centro";960000;0;;
;2025-08-07;"2025-08-07 00:00";"2025-08-09 23:59";reservada;17606228-2;"Juan Perez";NO;"Cabaña 5";"Santa Cruz";240000;0;;
;2025-05-13;"2025-05-13 15:00";"2025-05-13 16:00";cancelada;24138079-3;"Juan Perez";NO;"Cancha Futbolito Aire Libre";"Santa Cruz";25000;0;;
;2025-11-10;"2025-11-10 21:00";"2025-11-10 22:00";ejecutada;21554696-9;"Maria Gonzalez";SI;"Restaurant 2";"Santa Cruz";30000;30000;tarjeta;2025-11-07
;2025-04-05;"2025-04-05 15:00";"2025-04-05 16:00";cancelada;10613264-K;"Ana Silva";SI;"Piscina 2";"Santa Cruz";20000;0;;
;2025-05-09;"2025-05-09 00:00";"2025-05-14 23:59";cancelada;15115625-8;"Juan Perez";NO;"Cabaña 14";"Santiago Centro";600000;0;;
;2025-05-20;"2025-05-20 14:00";"2025-05-20 15:00";cancelada;23457711-5;"Luis Contreras";NO;"Cancha Tenis Aire Libre";"Santiago Centro";25000;0;;
;2025-08-09;"2025-08-09 15:00";"2025-08-09 16:00";ejecutada;24693299-9;"Pedro Rojas";NO;"Cancha Futbolito Techada";"Santiago Centro";35000;35000;efectivo;2025-08-04
;2025-09-07;"2025-09-07 14:00";"2025-09-07 15:00";reservada;16107528-0;"Juan Perez";NO;"Salon Eventos 1 X";"La Florida";100000;0;;
;2025-04-14;"2025-04-14 00:00";"2025-04-17 23:59";ejecutada;9980250-2;"Luis Contreras";SI;"Cabaña 17 X";Providencia;360000;360000;tarjeta;2025-04-13
;2025-01-02;"2025-01-02 00:00";"2025-01-06 23:59";cancelada;16968310-7;"Luis Contreras";NO;"Cabaña 15";"La Florida";480000;0;;
;2025-11-02;"2025-11-02 00:00";"2025-11-09 23:59";cancelada;15338995-0;"Ana Silva";NO;"Cabaña 5";Providencia;840000;0;;
;2025-04-06;"2025-04-06 19:00";"2025-04-06 20:00";ejecutada;23731597-9;"Juan Perez";SI;"Restaurant 1";"Santiago Centro";30000;30000;efectivo;2025-04-04
;2025-02-12;"2025-02-12 00:00";"2025-02-19 23:59";reservada;18565989-5;"Luis Contreras";NO;"Cabaña 11";Providencia;840000;0;;
;2025-12-14;"2025-12-14 00:00";"2025-12-15 23:59";reservada;22078734-6;"Pedro Rojas";NO;"Cabaña 13";"La Florida";120000;0;;
;2025-05-14;"2025-05-14 19:00";"2025-05-14 20:00";reservada;11086191-5;"Ana Silva";SI;"Cancha Basquetbol Aire Libre";Providencia;25000;0;;
;2025-12-19;"2025-12-19 00:00";"2025-12-22 23:59";cancelada;7130867-7;"Luis Contreras";NO;"Cabaña 18";"La Florida";360000;0;;
;2025-03-20;"2025-03-20 00:00";"2025-03-24 23:59";reservada;7735551-0;"Ana Silva";SI;"Cabaña 8";"La Florida";480000;0;;
;2025-01-12;"2025-01-12 00:00";"2025-01-21 23:59";ejecutada;23811418-7;"Maria Gonzalez";SI;"Cabaña 5";"Santiago Centro";1080000;1080000;transferencia;2025-01-07
;2025-08-10;"2025-08-10 17:00";"2025-08-10 18:00";ejecutada;16987649-5;"Maria Gonzalez";NO;"Cancha Padel Aire Libre";Providencia;25000;25000;efectivo;2025-08-08
;2025-06-19;"2025-06-19 09:00";"2025-06-19 10:00";cancelada;15804334-3;"Luis Contreras";SI;"Cancha Padel Techada";"Santiago Centro";35000;0;;
;2025-07-17;"2025-07-17 18:00";"2025-07-17 19:00";reservada;15562742-5;"Maria Gonzalez";SI;"Salon Eventos 4";Providencia;100000;0;;
;2025-02-07;"2025-02-07 13:00";"2025-02-07 14:00";reservada;22885927-3;"Luis Contreras";SI;"Restaurant 2 X";"La Florida";30000;0;;
;2025-10-06;"2025-10-06 12:00";"2025-10-06 13:00";reservada;8459998-0;"Maria Gonzalez";SI;"Cancha Tenis Aire Libre";"Santa Cruz";25000;0;;
;2025-04-07;"2025-04-07 09:00";"2025-04-07 10:00";cancelada;23457711-5;"Luis Contreras";SI;"Restaurant 2";"Santiago Centro";30000;0;;
;2025-09-06;"2025-09-06 13:00";"2025-09-06 14:00";cancelada;15530992-K;"Luis Contreras";SI;"Cancha Tenis Techada";"Santiago Centro";35000;0;;
;2025-12-19;"2025-12-19 00:00";"2025-12-29 23:59";cancelada;17470694-8;"Pedro Rojas";SI;"Cabaña 13";"La Florida";1200000;0;;
;2025-09-12;"2025-09-12 00:00";"2025-09-20 23:59";reservada;15838325-K;"Maria Gonzalez";SI;"Cabaña 10";"Santa Cruz";960000;0;;
;2025-02-07;"2025-02-07 00:00";"2025-02-08 23:59";reservada;7884115-K;"Luis Contreras";NO;"Cabaña 14";Providencia;120000;0;;
;2025-09-05;"2025-09-05 12:00";"2025-09-05 13:00";ejecutada;12080481-2;"Maria Gonzalez";SI;"Cancha Padel Aire Libre";Providencia;25000;25000;transferencia;2025-09-04
;2025-02-16;"2025-02-16 19:00";"2025-02-16 20:00";ejecutada;22329198-8;"Luis Contreras";NO;"Cancha Futbolito Techada";"La Florida";35000;35000;efectivo;2025-02-13
;2025-06-18;"2025-06-18 09:00";"2025-06-18 10:00";ejecutada;18565989-5;"Luis Contreras";SI;"Cancha Padel Aire Libre";Providencia;25000;25000;efectivo;2025-06-13
;2025-11-10;"2025-11-10 00:00";"2025-11-16 23:59";ejecutada;16288155-8;"Ana Silva";SI;"Cabaña 5";"Santiago Centro";720000;720000;transferencia;2025-11-05
;2025-11-18;"2025-11-18 11:00";"2025-11-18 12:00";ejecutada;9392933-0;"Pedro Rojas";SI;"Salon Eventos 4";"La Florida";100000;100000;transferencia;2025-11-16
;2025-09-20;"2025-09-20 12:00";"2025-09-20 13:00";cancelada;13554594-5;"Pedro Rojas";NO;"Restaurant 2";Providencia;30000;0;;
;2025-09-04;"2025-09-04 17:00";"2025-09-04 18:00";cancelada;10613264-K;"Ana Silva";SI;"Cancha Futbolito Aire Libre";"Santiago Centro";25000;0;;
;2025-10-12;"2025-10-12 00:00";"2025-10-14 23:59";reservada;16336276-7;"Pedro Rojas";SI;"Cabaña 10";"La Florida";240000;0;;
;2025-08-04;"2025-08-04 00:00";"2025-08-11 23:59";ejecutada;13537633-7;"Maria Gonzalez";SI;"Cabaña 17 X";"Santiago Centro";840000;840000;efectivo;2025-08-03
;2025-07-11;"2025-07-11 00:00";"2025-07-14 23:59";cancelada;11521745-3;"Ana Silva";SI;"Cabaña 20";"Santa Cruz";360000;0;;
;2025-02-09;"2025-02-09 00:00";"2025-02-15 23:59";cancelada;16759872-2;"Ana Silva";SI;"Cabaña 9";"Santa Cruz";720000;0;;
;2025-11-16;"2025-11-16 00:00";"2025-11-19 23:59";ejecutada;19104958-6;"Pedro Rojas";SI;"Cabaña 9";"La Florida";360000;360000;efectivo;2025-11-11
;2025-01-07;"2025-01-07 00:00";"2025-01-14 23:59";reservada;20914133-7;"Juan Perez";NO;"Cabaña 7";"La Florida";840000;0;;
;2025-06-05;"2025-06-05 00:00";"2025-06-14 23:59";cancelada;15148285-6;"Luis Contreras";NO;"Cabaña 11";"Santa Cruz";1080000;0;;
;2025-01-14;"2025-01-14 13:00";"2025-01-14 14:00";cancelada;15585247-K;"Pedro Rojas";NO;"Cancha Padel Aire Libre";"La Florida";25000;0;;
;2025-07-03;"2025-07-03 15:00";"2025-07-03 16:00";ejecutada;17133976-6;"Juan Perez";NO;"Restaurant 2";"Santa Cruz";30000;30000;tarjeta;2025-07-02
;2025-11-01;"2025-11-01 00:00";"2025-11-03 23:59";ejecutada;18933016-2;"Juan Perez";NO;"Cabaña 3";"Santiago Centro";240000;240000;tarjeta;2025-10-31
;2025-03-09;"2025-03-09 00:00";"2025-03-16 23:59";reservada;7962885-9;"Juan Perez";NO;"Cabaña 12";Providencia;840000;0;;
;2025-05-19;"2025-05-19 00:00";"2025-05-20 23:59";reservada;15807009-K;"Luis Contreras";SI;"Cabaña 1";"La Florida";120000;0;;
;2025-10-18;"2025-10-18 00:00";"2025-10-26 23:59";reservada;13153945-2;"Maria Gonzalez";SI;"Cabaña 14";"Santa Cruz";960000;0;;
;2025-05-08;"2025-05-08 00:00";"2025-05-12 23:59";reservada;12730200-6;"Maria Gonzalez";SI;"Cabaña 3";Providencia;480000;0;;
;2025-10-05;"2025-10-05 00:00";"2025-10-11 23:59";ejecutada;9226402-5;"Ana Silva";SI;"Cabaña 18";"Santiago Centro";720000;720000;tarjeta;2025-10-02
;2025-12-19;"2025-12-19 00:00";"2025-12-24 23:59";reservada;18646254-8;"Pedro Rojas";SI;"Cabaña 7";Providencia;600000;0;;
;2025-09-12;"2025-09-12 17:00";"2025-09-12 18:00";cancelada;12080481-2;"Maria Gonzalez";SI;"Cancha Padel Techada";"Santa Cruz";35000;0;;
;2025-10-13;"2025-10-13 00:00";"2025-10-22 23:59";cancelada;15505875-7;"Pedro Rojas";SI;"Cabaña 19";"La Florida";1080000;0;;
;2025-12-19;"2025-12-19 11:00";"2025-12-19 12:00";ejecutada;6491083-3;"Pedro Rojas";SI;"Cancha Padel Aire Libre";"Santa Cruz";25000;25000;tarjeta;2025-12-16
;2025-11-06;"2025-11-06 22:00";"2025-11-06 23:00";reservada;7607462-3;"Pedro Rojas";NO;"Cancha Tenis Techada";"La Florida";35000;0;;
;2025-07-13;"2025-07-13 18:00";"2025-07-13 19:00";reservada;19895777-1;"Juan Perez";SI;"Cancha Tenis Aire Libre";Providencia;25000;0;;
;2025-04-08;"2025-04-08 00:00";"2025-04-11 23:59";reservada;7415624-K;"Juan Perez";SI;"Cabaña 5 X";Providencia;360000;0;;
;2025-04-04;"2025-04-04 00:00";"2025-04-09 23:59";cancelada;24876542-9;"Maria Gonzalez";NO;"Cabaña 3";Providencia;600000;0;;
;2025-08-12;"2025-08-12 00:00";"2025-08-16 23:59";ejecutada;15807009-K;"Luis Contreras";SI;"Cabaña 1";Providencia;480000;480000;transferencia;2025-08-07
;2025-12-20;"2025-12-20 00:00";"2025-12-25 23:59";cancelada;20672079-4;"Juan Perez";SI;"Cabaña 12";"La Florida";600000;0;;
;2025-07-13;"2025-07-13 18:00";"2025-07-13 19:00";cancelada;16214968-7;"Luis Contreras";SI;"Cancha Tenis Aire Libre";"La Florida";25000;0;;
;2025-08-08;"2025-08-08 11:00";"2025-08-08 12:00";cancelada;11862631-1;"Ana Silva";SI;"Cancha Tenis Techada";Providencia;35000;0;;
;2025-02-10;"2025-02-10 00:00";"2025-02-19 23:59";ejecutada;8160344-8;"Luis Contreras";NO;"Cabaña 2";Providencia;1080000;1080000;transferencia;2025-02-09
;2025-06-17;"2025-06-17 00:00";"2025-06-19 23:59";reservada;6835621-0;"Luis Contreras";SI;"Cabaña 9";Providencia;240000;0;;
;2025-01-20;"2025-01-20 15:00";"2025-01-20 16:00";ejecutada;9087517-5;"Pedro Rojas";SI;"Salon Eventos 2";"Santiago Centro";100000;100000;transferencia;2025-01-15
;2025-08-12;"2025-08-12 18:00";"2025-08-12 19:00";cancelada;19895777-1;"Juan Perez";SI;"Cancha Padel Aire Libre";"La Florida";25000;0;;
;2025-02-03;"2025-02-03 13:00";"2025-02-03 14:00";cancelada;7812836-4;"Pedro Rojas";SI;"Cancha Futbolito Techada";"Santiago Centro";35000;0;;
;2025-06-14;"2025-06-14 00:00";"2025-06-20 23:59";ejecutada;20672079-4;"Juan Perez";NO;"Cabaña 12";Providencia;720000;720000;transferencia;2025-06-10
;2025-02-11;"2025-02-11 13:00";"2025-02-11 14:00";ejecutada;15505875-7;"Pedro Rojas";NO;"Salon Eventos 3";"La Florida";100000;100000;transferencia;2025-02-06
;2025-04-08;"2025-04-08 16:00";"2025-04-08 17:00";ejecutada;15040048-1;"Juan Perez";NO;"Cancha Padel Techada";"Santa Cruz";35000;35000;transferencia;2025-04-05
;2025-03-12;"2025-03-12 20:00";"2025-03-12 21:00";cancelada;14254375-3;"Pedro Rojas";NO;"Restaurant 1";Providencia;30000;0;;
;2025-09-13;"2025-09-13 18:00";"2025-09-13 19:00";ejecutada;15694640-0;"Maria Gonzalez";SI;"Salon Eventos 1 X";Providencia;100000;100000;tarjeta;2025-09-10
;2025-04-16;"2025-04-16 10:00";"2025-04-16 11:00";ejecutada;24002475-6;"Luis Contreras";SI;"Cancha Futbolito Aire Libre";"Santiago Centro";25000;25000;efectivo;2025-04-13
;2025-02-16;"2025-02-16 16:00";"2025-02-16 17:00";cancelada;12080481-2;"Maria Gonzalez";SI;"Piscina 2";"La Florida";20000;0;;
;2025-07-06;"2025-07-06 22:00";"2025-07-06 23:00";cancelada;24765561-1;"Juan Perez";NO;"Salon Eventos 4";Providencia;100000;0;;
;2025-11-01;"2025-11-01 00:00";"2025-11-11 23:59";cancelada;10905503-4;"Pedro Rojas";NO;"Cabaña 11";"La Florida";1200000;0;;
;2025-04-05;"2025-04-05 15:00";"2025-04-05 16:00";ejecutada;5149595-0;"Maria Gonzalez";NO;"Cancha Basquetbol Techada";"La Florida";35000;35000;transferencia;2025-04-04
;2025-04-13;"2025-04-13 09:00";"2025-04-13 10:00";reservada;18728677-8;"Juan Perez";SI;"Piscina 2";"Santiago Centro";20000;0;;
;2025-08-06;"2025-08-06 09:00";"2025-08-06 10:00";reservada;6946141-7;"Ana Silva";SI;"Salon Eventos 1";"Santa Cruz";100000;0;;
;2025-05-20;"2025-05-20 00:00";"2025-05-25 23:59";cancelada;15121060-0;"Ana Silva";NO;"Cabaña 10";Providencia;600000;0;;
;2025-11-13;"2025-11-13 16:00";"2025-11-13 17:00";cancelada;6353165-0;"Ana Silva";NO;"Cancha Basquetbol Aire Libre";Providencia;25000;0;;
;2025-04-13;"2025-04-13 00:00";"2025-04-16 23:59";ejecutada;11727551-5;"Maria Gonzalez";NO;"Cabaña 5";Providencia;360000;360000;tarjeta;2025-04-08
;2025-02-15;"2025-02-15 00:00";"2025-02-22 23:59";cancelada;13953163-9;"Juan Perez";SI;"Cabaña 16";"Santiago Centro";840000;0;;
;2025-08-06;"2025-08-06 00:00";"2025-08-08 23:59";ejecutada;17213598-6;"Pedro Rojas";SI;"Cabaña 7";Providencia;240000;240000;tarjeta;2025-08-03
;2025-11-14;"2025-11-14 00:00";"2025-11-21 23:59";reservada;20078438-3;"Ana Silva";NO;"Cabaña 9";"Santa Cruz";840000;0;;
;2025-10-12;"2025-10-12 13:00";"2025-10-12 14:00";ejecutada;16094679-2;"Ana Silva";NO;"Salon Eventos 1";Providencia;100000;100000;efectivo;2025-10-09
;2025-06-01;"2025-06-01 00:00";"2025-06-05 23:59";ejecutada;5645014-9;"Pedro Rojas";SI;"Cabaña 15";"La Florida";480000;480000;transferencia;2025-06-01
;2025-08-09;"2025-08-09 00:00";"2025-08-15 23:59";ejecutada;9039992-6;"Ana Silva";NO;"Cabaña 20";"Santiago Centro";720000;720000;efectivo;2025-08-09
;2025-02-03;"2025-02-03 22:00";"2025-02-03 23:00";reservada;15293763-6;"Luis Contreras";SI;"Cancha Tenis Techada";"La Florida";35000;0;;
;2025-05-11;"2025-05-11 00:00";"2025-05-18 23:59";reservada;10289799-4;"Maria Gonzalez";SI;"Cabaña 16";"Santa Cruz";840000;0;;
;2025-04-01;"2025-04-01 20:00";"2025-04-01 21:00";cancelada;10837704-6;"Pedro Rojas";SI;"Salon Eventos 1";Providencia;100000;0;;
;2025-03-06;"2025-03-06 14:00";"2025-03-06 15:00";ejecutada;12192627-K;"Pedro Rojas";SI;"Cancha Padel Techada";"La Florida";35000;35000;efectivo;2025-03-02
;2025-04-14;"2025-04-14 00:00";"2025-04-14 15:00";cancelada;9087517-5;"Pedro Rojas";NO;"Cancha Basquetbol Aire Libre";"La Florida";25000;0;;
;2025-10-12;"2025-10-12 15:00";"2025-10-12 16:00";ejecutada;15345989-4;"Pedro Rojas";NO;"Cancha Padel Techada";"Santiago Centro";35000;35000;tarjeta;2025-10-08
;2025-03-05;"2025-03-05 00:00";"2025-03-05 16:00";reservada;17647891-8;"Maria Gonzalez";SI;"Cancha Tenis Techada";"La Florida";35000;0;;
;2025-09-08;"2025-09-08 00:00";"2025-09-08 20:00";ejecutada;11219981-0;"Pedro Rojas";NO;"Cancha Padel Techada";"Santiago Centro";35000;35000;transferencia;2025-09-04
;2025-04-01;"2025-04-01 00:00";"2025-04-05 23:59";ejecutada;14504614-9;"Juan Perez";SI;"Cabaña 19";Providencia;480000;480000;tarjeta;2025-03-30
;2025-11-17;"2025-11-17 00:00";"2025-11-25 23:59";reservada;6614380-5;"Luis Contreras";SI;"Cabaña 11";Providencia;960000;0;;
;2025-11-14;"2025-11-14 19:00";"2025-11-14 20:00";reservada;20086756-4;"Maria Gonzalez";NO;"Salon Eventos 1";"Santiago Centro";100000;0;;
;2025-09-14;"2025-09-14 19:00";"2025-09-14 20:00";ejecutada;13014055-6;"Maria Gonzalez";SI;"Cancha Padel Techada";"Santiago Centro";35000;35000;transferencia;2025-09-11
;2025-10-12;"2025-10-12 11:00";"2025-10-12 12:00";ejecutada;17931290-5;"Juan Perez";NO;"Cancha Tenis Techada";"Santiago Centro";35000;35000;tarjeta;2025-10-12
;2025-04-19;"2025-04-19 00:00";"2025-04-19 17:00";reservada;10238227-7;"Ana Silva";SI;"Cancha Basquetbol Aire Libre";Providencia;25000;0;;
;2025-06-04;"2025-06-04 00:00";"2025-06-14 23:59";cancelada;17553993-K;"Ana Silva";NO;"Cabaña 12";"La Florida";1200000;0;;
;2025-03-09;"2025-03-09 00:00";"2025-03-10 23:59";ejecutada;5204506-1;"Ana Silva";SI;"Cabaña 14 X";"La Florida";120000;120000;transferencia;2025-03-08
;2025-10-14;"2025-10-14 00:00";"2025-10-16 23:59";cancelada;11862631-1;"Ana Silva";NO;"Cabaña 1";Providencia;240000;0;;
;2025-01-06;"2025-01-06 00:00";"2025-01-06 15:00";cancelada;22361904-5;"Maria Gonzalez";NO;"Salon Eventos 3 X";"Santiago Centro";100000;0;;
;2025-08-19;"2025-08-19 00:00";"2025-08-20 23:59";reservada;20086756-4;"Maria Gonzalez";SI;"Cabaña 16";"La Florida";120000;0;;
;2025-07-17;"2025-07-17 00:00";"2025-07-25 23:59";ejecutada;8722237-3;"Juan Perez";SI;"Cabaña 11";"Santa Cruz";960000;960000;transferencia;2025-07-13
;2025-09-01;"2025-09-01 00:00";"2025-09-08 23:59";cancelada;24795565-8;"Luis Contreras";NO;"Cabaña 4";"Santa Cruz";840000;0;;
;2025-12-18;"2025-12-18 13:00";"2025-12-18 14:00";cancelada;7130867-7;"Luis Contreras";SI;"Cancha Padel Aire Libre";"Santiago Centro";25000;0;;
;2025-12-13;"2025-12-13 00:00";"2025-12-20 23:59";reservada;9712455-8;"Pedro Rojas";SI;"Cabaña 18";"La Florida";840000;0;;
;2025-11-18;"2025-11-18 00:00";"2025-11-27 23:59";reservada;9842967-0;"Luis Contreras";SI;"Cabaña 3";Providencia;1080000;0;;
;2025-10-17;"2025-10-17 00:00";"2025-10-25 23:59";reservada;15916589-2;"Luis Contreras";SI;"Cabaña 5";"Santa Cruz";960000;0;;
;2025-09-12;"2025-09-12 19:00";"2025-09-12 20:00";reservada;5983819-9;"Ana Silva";NO;"Cancha Tenis Techada";Providencia;35000;0;;
;2025-11-10;"2025-11-10 00:00";"2025-11-18 23:59";ejecutada;23498184-6;"Juan Perez";SI;"Cabaña 14";"Santa Cruz";960000;960000;tarjeta;2025-11-08
;2025-05-09;"2025-05-09 00:00";"2025-05-11 23:59";reservada;16487089-8;"Ana Silva";SI;"Cabaña 18";Providencia;240000;0;;
;2025-02-14;"2025-02-14 13:00";"2025-02-14 14:00";cancelada;11277963-9;"Juan Perez";NO;"Piscina 2";"Santiago Centro";20000;0;;
;2025-12-16;"2025-12-16 00:00";"2025-12-19 23:59";cancelada;24967582-2;"Maria Gonzalez";NO;"Cabaña 2";"La Florida";360000;0;;
;2025-04-15;"2025-04-15 00:00";"2025-04-23 23:59";ejecutada;18910856-7;"Maria Gonzalez";NO;"Cabaña 5";"La Florida";960000;960000;tarjeta;2025-04-15
;2025-06-15;"2025-06-15 00:00";"2025-06-16 23:59";ejecutada;7500349-8;"Pedro Rojas";SI;"Cabaña 1";"La Florida";120000;120000;transferencia;2025-06-13
;2025-08-08;"2025-08-08 00:00";"2025-08-09 23:59";cancelada;7781298-9;"Pedro Rojas";NO;"Cabaña 13";Providencia;120000;0;;
;2025-04-17;"2025-04-17 00:00";"2025-04-18 23:59";ejecutada;9108775-8;"Ana Silva";SI;"Cabaña 14";"Santiago Centro";120000;120000;efectivo;2025-04-13
;2025-06-15;"2025-06-15 00:00";"2025-06-16 23:59";reservada;8309406-0;"Luis Contreras";SI;"Cabaña 8";Providencia;120000;0;;
;2025-09-10;"2025-09-10 00:00";"2025-09-20 23:59";cancelada;17674128-7;"Pedro Rojas";NO;"Cabaña 20";Providencia;1200000;0;;
;2025-11-09;"2025-11-09 14:00";"2025-11-09 15:00";ejecutada;21773123-2;"Luis Contreras";NO;"Cancha Basquetbol Techada";"Santiago Centro";35000;35000;efectivo;2025-11-09
;2025-07-03;"2025-07-03 22:00";"2025-07-03 23:00";cancelada;7584304-6;"Ana Silva";SI;"Piscina 1";"Santa Cruz";20000;0;;
;2025-07-16;"2025-07-16 00:00";"2025-07-26 23:59";ejecutada;8488042-6;"Juan Perez";SI;"Cabaña 7";"La Florida";1200000;1200000;tarjeta;2025-07-16
;2025-03-17;"2025-03-17 15:00";"2025-03-17 16:00";reservada;21287925-8;"Ana Silva";NO;"Cancha Futbolito Aire Libre";"Santa Cruz";25000;0;;
;2025-07-11;"2025-07-11 00:00";"2025-07-19 23:59";ejecutada;18086493-8;"Maria Gonzalez";NO;"Cabaña 7";"La Florida";960000;960000;tarjeta;2025-07-10
;2025-01-01;"2025-01-01 00:00";"2025-01-02 23:59";ejecutada;19407837-4;"Ana Silva";SI;"Cabaña 16";Providencia;120000;120000;efectivo;2024-12-28
;2025-07-16;"2025-07-16 18:00";"2025-07-16 19:00";ejecutada;18065705-3;"Maria Gonzalez";NO;"Salon Eventos 3";"La Florida";100000;100000;efectivo;2025-07-14
;2025-05-14;"2025-05-14 20:00";"2025-05-14 21:00";ejecutada;8482497-6;"Ana Silva";SI;"Salon Eventos 3";"La Florida";100000;100000;transferencia;2025-05-11
;2025-01-11;"2025-01-11 15:00";"2025-01-11 16:00";cancelada;10645717-4;"Pedro Rojas";NO;"Cancha Tenis Techada";"La Florida";35000;0;;
;2025-03-11;"2025-03-11 00:00";"2025-03-19 23:59";ejecutada;21821683-8;"Maria Gonzalez";SI;"Cabaña 3";"Santa Cruz";960000;960000;transferencia;2025-03-10
;2025-11-16;"2025-11-16 00:00";"2025-11-25 23:59";reservada;15120266-7;"Juan Perez";NO;"Cabaña 19";Providencia;1080000;0;;
;2025-10-15;"2025-10-15 00:00";"2025-10-25 23:59";cancelada;5475559-7;"Luis Contreras";NO;"Cabaña 7";"Santiago Centro";1200000;0;;
;2025-02-01;"2025-02-01 12:00";"2025-02-01 13:00";reservada;7812836-4;"Pedro Rojas";SI;"Salon Eventos 2";Providencia;100000;0;;
;2025-09-20;"2025-09-20 00:00";"2025-09-23 23:59";cancelada;6261507-9;"Luis Contreras";SI;"Cabaña 1";"Santiago Centro";360000;0;;
;2025-02-06;"2025-02-06 00:00";"2025-02-09 23:59";cancelada;16114575-0;"Luis Contreras";NO;"Cabaña 11";"Santa Cruz";360000;0;;
;2025-04-07;"2025-04-07 00:00";"2025-04-09 23:59";cancelada;20844789-0;"Juan Perez";NO;"Cabaña 19";"Santiago Centro";240000;0;;
;2025-05-08;"2025-05-08 19:00";"2025-05-08 20:00";cancelada;13554594-5;"Pedro Rojas";NO;"Cancha Padel Techada";"La Florida";35000;0;;
;2025-05-14;"2025-05-14 19:00";"2025-05-14 20:00";ejecutada;7781298-9;"Pedro Rojas";NO;"Piscina 1";"Santa Cruz";20000;20000;tarjeta;2025-05-13
;2025-01-17;"2025-01-17 00:00";"2025-01-19 23:59";reservada;16953331-8;"Pedro Rojas";NO;"Cabaña 8";"Santa Cruz";240000;0;;
;2025-08-09;"2025-08-09 10:00";"2025-08-09 11:00";cancelada;12887828-9;"Maria Gonzalez";SI;"Cancha Padel Aire Libre";Providencia;25000;0;;
;2025-03-09;"2025-03-09 00:00";"2025-03-16 23:59";cancelada;22287381-9;"Ana Silva";NO;"Cabaña 19";Providencia;840000;0;;
;2025-09-18;"2025-09-18 21:00";"2025-09-18 22:00";ejecutada;10934689-6;"Pedro Rojas";SI;"Piscina 2";"Santiago Centro";20000;20000;efectivo;2025-09-18
;2025-07-15;"2025-07-15 00:00";"2025-07-22 23:59";reservada;23811418-7;"Maria Gonzalez";NO;"Cabaña 7";"La Florida";840000;0;;
;2025-12-10;"2025-12-10 00:00";"2025-12-12 23:59";reservada;21296743-2;"Pedro Rojas";SI;"Cabaña 14";"Santa Cruz";240000;0;;
;2025-06-11;"2025-06-11 16:00";"2025-06-11 17:00";cancelada;8954537-4;"Luis Contreras";SI;"Cancha Padel Aire Libre";Providencia;25000;0;;
;2025-06-02;"2025-06-02 20:00";"2025-06-02 21:00";ejecutada;10905503-4;"Pedro Rojas";SI;"Piscina 2";"La Florida";20000;20000;efectivo;2025-05-30
;2025-02-06;"2025-02-06 00:00";"2025-02-08 23:59";ejecutada;8805000-2;"Maria Gonzalez";SI;"Cabaña 18";"Santa Cruz";240000;240000;tarjeta;2025-02-03
;2025-05-07;"2025-05-07 00:00";"2025-05-11 23:59";reservada;8223654-6;"Ana Silva";NO;"Cabaña 8";"Santiago Centro";480000;0;;
;2025-01-01;"2025-01-01 00:00";"2025-01-04 23:59";ejecutada;18565989-5;"Luis Contreras";SI;"Cabaña 17";"Santa Cruz";360000;360000;transferencia;2024-12-27
;2025-10-01;"2025-10-01 00:00";"2025-10-02 23:59";reservada;16564154-K;"Juan Perez";SI;"Cabaña 3 X";"Santa Cruz";120000;0;;
;2025-08-05;"2025-08-05 00:00";"2025-08-05 11:00";cancelada;11738535-3;"Maria Gonzalez";NO;"Salon Eventos 1 X";"Santiago Centro";100000;0;;
;2025-01-07;"2025-01-07 00:00";"2025-01-08 23:59";reservada;6126625-9;"Maria Gonzalez";NO;"Cabaña 5";Providencia;120000;0;;
;2025-01-10;"2025-01-10 09:00";"2025-01-10 10:00";reservada;7660832-6;"Pedro Rojas";NO;"Piscina 1";"Santa Cruz";20000;0;;
;2025-02-16;"2025-02-16 00:00";"2025-02-19 23:59";reservada;9104379-3;"Luis Contreras";NO;"Cabaña 2";"Santiago Centro";360000;0;;
;2025-01-01;"2025-01-01 14:00";"2025-01-01 15:00";cancelada;10934689-6;"Pedro Rojas";NO;"Salon Eventos 1";"Santiago Centro";100000;0;;
;2025-09-17;"2025-09-17 19:00";"2025-09-17 20:00";reservada;15293763-6;"Luis Contreras";NO;"Cancha Basquetbol Aire Libre";"La Florida";25000;0;;
;2025-04-08;"2025-04-08 00:00";"2025-04-10 23:59";reservada;14427366-4;"Luis Contreras";NO;"Cabaña 12";"La Florida";240000;0;;
;2025-02-05;"2025-02-05 08:00";"2025-02-05 09:00";cancelada;18965892-3;"Juan Perez";NO;"Cancha Futbolito Aire Libre";Providencia;25000;0;;
;2025-10-04;"2025-10-04 17:00";"2025-10-04 18:00";reservada;18426969-4;"Pedro Rojas";SI;"Salon Eventos 1";"La Florida";100000;0;;
;2025-06-13;"2025-06-13 00:00";"2025-06-17 23:59";cancelada;9226402-5;"Ana Silva";SI;"Cabaña 15";Providencia;480000;0;;
;2025-01-11;"2025-01-11 00:00";"2025-01-17 23:59";reservada;21554696-9;"Maria Gonzalez";NO;"Cabaña 9";"Santiago Centro";720000;0;;
;2025-07-04;"2025-07-04 00:00";"2025-07-12 23:59";reservada;20928234-8;"Pedro Rojas";NO;"Cabaña 15";Providencia;960000;0;;
;2025-05-05;"2025-05-05 00:00";"2025-05-09 23:59";reservada;10701917-0;"Pedro Rojas";NO;"Cabaña 12";"Santa Cruz";480000;0;;
;2025-01-03;"2025-01-03 00:00";"2025-01-08 23:59";cancelada;17911506-9;"Pedro Rojas";NO;"Cabaña 13";"Santiago Centro";600000;0;;
;2025-10-17;"2025-10-17 00:00";"2025-10-23 23:59";ejecutada;17294352-7;"Ana Silva";NO;"Cabaña 17";"Santa Cruz";720000;720000;transferencia;2025-10-13
