linea;archivo;identificador;accion
2;sucursales_lugares.csv;"Santiago Centro";"tipo_precio tiene valor no permitido mesa_hora, se deja nulo."
2;sucursales_lugares.csv;"Santiago Centro";"fecha_inicio_vigencia reparada de 10-04-24 a 2024-04-10"
2;sucursales_lugares.csv;"Santiago Centro";"fecha_fin_vigencia reparada de 24-04-24 a 2024-04-24"
2;sucursales_lugares.csv;"Santiago Centro";"Fila enviada a ERR: precio es obligatorio y viene nulo."
3;sucursales_lugares.csv;"Santiago Centro";"tipo_precio tiene valor no permitido mesa_hora, se deja nulo."
3;sucursales_lugares.csv;"Santiago Centro";"fecha_inicio_vigencia reparada de 18-10-24 a 2024-10-18"
3;sucursales_lugares.csv;"Santiago Centro";"fecha_fin_vigencia reparada de 01-11-24 a 2024-11-01"
3;sucursales_lugares.csv;"Santiago Centro";"Fila enviada a ERR: precio es obligatorio y viene nulo."
4;sucursales_lugares.csv;"Santiago Centro";"tipo_precio tiene valor no permitido mesa_hora, se deja nulo."
4;sucursales_lugares.csv;"Santiago Centro";"fecha_inicio_vigencia reparada de 30-01-25 a 2025-01-30"
4;sucursales_lugares.csv;"Santiago Centro";"fecha_fin_vigencia reparada de 01-03-25 a 2025-03-01"
4;sucursales_lugares.csv;"Santiago Centro";"Fila enviada a ERR: precio debe ser un numero."
5;sucursales_lugares.csv;"Santiago Centro";"tipo_precio tiene valor no permitido mesa_hora, se deja nulo."
5;sucursales_lugares.csv;"Santiago Centro";"fecha_inicio_vigencia con formato incompleto o que no se pudo reparar, se reemplaza por nulo"
5;sucursales_lugares.csv;"Santiago Centro";"fecha_fin_vigencia reparada de 06-08-24 a 2024-08-06"
5;sucursales_lugares.csv;"Santiago Centro";"Fila enviada a ERR: precio es obligatorio y viene nulo."
6;sucursales_lugares.csv;"Santiago Centro";"tipo_precio tiene valor no permitido mesa_hora, se deja nulo."
6;sucursales_lugares.csv;"Santiago Centro";"fecha_inicio_vigencia reparada de 24-09-24 a 2024-09-24"
6;sucursales_lugares.csv;"Santiago Centro";"fecha_fin_vigencia reparada de 01-10-24 a 2024-10-01"
6;sucursales_lugares.csv;"Santiago Centro";"Fila enviada a ERR: precio es obligatorio y viene nulo."
7;sucursales_lugares.csv;"Santiago Centro";"tipo_precio tiene valor no permitido mesa_hora, se deja nulo."
7;sucursales_lugares.csv;"Santiago Centro";"fecha_inicio_vigencia reparada de 25-04-25 a 2025-04-25"
7;sucursales_lugares.csv;"Santiago Centro";"fecha_fin_vigencia reparada de 24-07-25 a 2025-07-24"
7;sucursales_lugares.csv;"Santiago Centro";"Fila enviada a ERR: precio es obligatorio y viene nulo."
8;sucursales_lugares.csv;"Santiago Centro";"tipo_precio tiene valor no permitido mesa_hora, se deja nulo."
8;sucursales_lugares.csv;"Santiago Centro";"fecha_inicio_vigencia reparada de 12-08-25 a 2025-08-12"
8;sucursales_lugares.csv;"Santiago Centro";"fecha_fin_vigencia reparada de 26-08-25 a 2025-08-26"
8;sucursales_lugares.csv;"Santiago Centro";"Fila enviada a ERR: precio es obligatorio y viene nulo."
9;sucursales_lugares.csv;"Santiago Centro";"tipo_precio tiene valor no permitido mesa_hora, se deja nulo."
9;sucursales_lugares.csv;"Santiago Centro";"fecha_inicio_vigencia reparada de 05-05-25 a 2025-05-05"
9;sucursales_lugares.csv;"Santiago Centro";"fecha_fin_vigencia reparada de 19-05-25 a 2025-05-19"
9;sucursales_lugares.csv;"Santiago Centro";"Fila enviada a ERR: precio es obligatorio y viene nulo."
10;sucursales_lugares.csv;"Santiago Centro";"tipo_precio tiene valor no permitido mesa_hora, se deja nulo."
10;sucursales_lugares.csv;"Santiago Centro";"fecha_inicio_vigencia reparada de 11-01-24 a 2024-01-11"
10;sucursales_lugares.csv;"Santiago Centro";"fecha_fin_vigencia reparada de 10-04-24 a 2024-04-10"
10;sucursales_lugares.csv;"Santiago Centro";"Fila enviada a ERR: precio es obligatorio y viene nulo."
11;sucursales_lugares.csv;"Santiago Centro";"tipo_precio tiene valor no permitido mesa_hora, se deja nulo."
11;sucursales_lugares.csv;"Santiago Centro";"fecha_inicio_vigencia reparada de 21-06-24 a 2024-06-21"
11;sucursales_lugares.csv;"Santiago Centro";"fecha_fin_vigencia reparada de 20-08-24 a 2024-08-20"
11;sucursales_lugares.csv;"Santiago Centro";"Fila enviada a ERR: precio es obligatorio y viene nulo."
12;sucursales_lugares.csv;"Santiago Centro";"tipo_precio tiene valor no permitido mesa_hora, se deja nulo."
12;sucursales_lugares.csv;"Santiago Centro";"fecha_inicio_vigencia reparada de 20-09-24 a 2024-09-20"
12;sucursales_lugares.csv;"Santiago Centro";"fecha_fin_vigencia reparada de 19-11-24 a 2024-11-19"
12;sucursales_lugares.csv;"Santiago Centro";"Fila enviada a ERR: precio es obligatorio y viene nulo."
13;sucursales_lugares.csv;"Santiago Centro";"tipo_precio tiene valor no permitido mesa_hora, se deja nulo."
13;sucursales_lugares.csv;"Santiago Centro";"fecha_inicio_vigencia reparada de 30-01-24 a 2024-01-30"
13;sucursales_lugares.csv;"Santiago Centro";"fecha_fin_vigencia reparada de 06-02-24 a 2024-02-06"
13;sucursales_lugares.csv;"Santiago Centro";"Fila enviada a ERR: precio es obligatorio y viene nulo."
14;sucursales_lugares.csv;"Santiago Centro";"tipo_precio tiene valor no permitido mesa_hora, se deja nulo."
14;sucursales_lugares.csv;"Santiago Centro";"fecha_inicio_vigencia reparada de 09-06-25 a 2025-06-09"
14;sucursales_lugares.csv;"Santiago Centro";"fecha_fin_vigencia reparada de 23-06-25 a 2025-06-23"
14;sucursales_lugares.csv;"Santiago Centro";"Fila enviada a ERR: precio es obligatorio y viene nulo."
15;sucursales_lugares.csv;"Santiago Centro";"tipo_precio tiene valor no permitido mesa_hora, se deja nulo."
15;sucursales_lugares.csv;"Santiago Centro";"fecha_inicio_vigencia reparada de 25-01-25 a 2025-01-25"
15;sucursales_lugares.csv;"Santiago Centro";"fecha_fin_vigencia reparada de 25-04-25 a 2025-04-25"
15;sucursales_lugares.csv;"Santiago Centro";"Fila enviada a ERR: precio es obligatorio y viene nulo."
16;sucursales_lugares.csv;"Santiago Centro";"tipo_precio tiene valor no permitido mesa_hora, se deja nulo."
16;sucursales_lugares.csv;"Santiago Centro";"fecha_inicio_vigencia reparada de 30-05-24 a 2024-05-30"
16;sucursales_lugares.csv;"Santiago Centro";"fecha_fin_vigencia reparada de 28-08-24 a 2024-08-28"
16;sucursales_lugares.csv;"Santiago Centro";"Fila enviada a ERR: precio es obligatorio y viene nulo."
17;sucursales_lugares.csv;"Santiago Centro";"tipo_precio tiene valor no permitido mesa_hora, se deja nulo."
17;sucursales_lugares.csv;"Santiago Centro";"fecha_inicio_vigencia reparada de 25-08-25 a 2025-08-25"
17;sucursales_lugares.csv;"Santiago Centro";"fecha_fin_vigencia reparada de 01-09-25 a 2025-09-01"
17;sucursales_lugares.csv;"Santiago Centro";"Fila enviada a ERR: precio es obligatorio y viene nulo."
18;sucursales_lugares.csv;"Santiago Centro";"tipo_precio tiene valor no permitido linea_hora, se deja nulo."
18;sucursales_lugares.csv;"Santiago Centro";"fecha_inicio_vigencia reparada de 19-11-25 a 2025-11-19"
18;sucursales_lugares.csv;"Santiago Centro";"fecha_fin_vigencia reparada de 26-11-25 a 2025-11-26"
19;sucursales_lugares.csv;"Santiago Centro";"tipo_precio tiene valor no permitido linea_hora, se deja nulo."
19;sucursales_lugares.csv;"Santiago Centro";"fecha_inicio_vigencia con formato incompleto o que no se pudo reparar, se reemplaza por nulo"
19;sucursales_lugares.csv;"Santiago Centro";"fecha_fin_vigencia reparada de 19-12-24 a 2024-12-19"
20;sucursales_lugares.csv;"Santiago Centro";"tipo_precio tiene valor no permitido linea_hora, se deja nulo."
20;sucursales_lugares.csv;"Santiago Centro";"fecha_inicio_vigencia reparada de 02-11-25 a 2025-11-02"
20;sucursales_lugares.csv;"Santiago Centro";"fecha_fin_vigencia reparada de 09-11-25 a 2025-11-09"
21;sucursales_lugares.csv;"Santiago Centro";"tipo_precio tiene valor no permitido linea_hora, se deja nulo."
21;sucursales_lugares.csv;"Santiago Centro";"fecha_inicio_vigencia reparada de 05-01-25 a 2025-01-05"
21;sucursales_lugares.csv;"Santiago Centro";"fecha_fin_vigencia reparada de 05-04-25 a 2025-04-05"
22;sucursales_lugares.csv;"Santiago Centro";"tipo_precio tiene valor no permitido linea_hora, se deja nulo."
22;sucursales_lugares.csv;"Santiago Centro";"fecha_inicio_vigencia reparada de 29-09-25 a 2025-09-29"
22;sucursales_lugares.csv;"Santiago Centro";"fecha_fin_vigencia reparada de 13-10-25 a 2025-10-13"
23;sucursales_lugares.csv;"Santiago Centro";"tipo_precio tiene valor no permitido linea_hora, se deja nulo."
23;sucursales_lugares.csv;"Santiago Centro";"fecha_inicio_vigencia reparada de 16-08-24 a 2024-08-16"
23;sucursales_lugares.csv;"Santiago Centro";"fecha_fin_vigencia reparada de 14-11-24 a 2024-11-14"
24;sucursales_lugares.csv;"Santiago Centro";"tipo_precio tiene valor no permitido linea_hora, se deja nulo."
24;sucursales_lugares.csv;"Santiago Centro";"fecha_inicio_vigencia reparada de 04-10-24 a 2024-10-04"
24;sucursales_lugares.csv;"Santiago Centro";"fecha_fin_vigencia reparada de 11-10-24 a 2024-10-11"
25;sucursales_lugares.csv;"Santiago Centro";"tipo_precio tiene valor no permitido linea_hora, se deja nulo."
25;sucursales_lugares.csv;"Santiago Centro";"fecha_inicio_vigencia reparada de 15-08-25 a 2025-08-15"
25;sucursales_lugares.csv;"Santiago Centro";"fecha_fin_vigencia reparada de 22-08-25 a 2025-08-22"
26;sucursales_lugares.csv;"Santiago Centro";"tipo_precio tiene valor no permitido linea_hora, se deja nulo."
26;sucursales_lugares.csv;"Santiago Centro";"fecha_inicio_vigencia reparada de 07-05-25 a 2025-05-07"
26;sucursales_lugares.csv;"Santiago Centro";"fecha_fin_vigencia reparada de 06-06-25 a 2025-06-06"
27;sucursales_lugares.csv;"Santiago Centro";"tipo_precio tiene valor no permitido linea_hora, se deja nulo."
27;sucursales_lugares.csv;"Santiago Centro";"fecha_inicio_vigencia reparada de 26-10-24 a 2024-10-26"
27;sucursales_lugares.csv;"Santiago Centro";"fecha_fin_vigencia reparada de 24-01-25 a 2025-01-24"
28;sucursales_lugares.csv;"Santiago Centro";"tipo_precio tiene valor no permitido linea_hora, se deja nulo."
28;sucursales_lugares.csv;"Santiago Centro";"fecha_inicio_vigencia reparada de 22-04-24 a 2024-04-22"
28;sucursales_lugares.csv;"Santiago Centro";"fecha_fin_vigencia reparada de 29-04-24 a 2024-04-29"
29;sucursales_lugares.csv;"Santiago Centro";"tipo_precio tiene valor no permitido linea_hora, se deja nulo."
29;sucursales_lugares.csv;"Santiago Centro";"fecha_inicio_vigencia reparada de 09-05-24 a 2024-05-09"
29;sucursales_lugares.csv;"Santiago Centro";"fecha_fin_vigencia reparada de 08-07-24 a 2024-07-08"
30;sucursales_lugares.csv;"Santiago Centro";"tipo_precio tiene valor no permitido linea_hora, se deja nulo."
30;sucursales_lugares.csv;"Santiago Centro";"fecha_inicio_vigencia reparada de 22-04-25 a 2025-04-22"
30;sucursales_lugares.csv;"Santiago Centro";"fecha_fin_vigencia reparada de 21-06-25 a 2025-06-21"
31;sucursales_lugares.csv;"Santiago Centro";"tipo_precio tiene valor no permitido linea_hora, se deja nulo."
31;sucursales_lugares.csv;"Santiago Centro";"fecha_inicio_vigencia reparada de 12-03-24 a 2024-03-12"
31;sucursales_lugares.csv;"Santiago Centro";"fecha_fin_vigencia reparada de 11-04-24 a 2024-04-11"
32;sucursales_lugares.csv;"Santiago Centro";"tipo_precio tiene valor no permitido linea_hora, se deja nulo."
32;sucursales_lugares.csv;"Santiago Centro";"fecha_inicio_vigencia reparada de 04-04-25 a 2025-04-04"
32;sucursales_lugares.csv;"Santiago Centro";"fecha_fin_vigencia reparada de 03-07-25 a 2025-07-03"
33;sucursales_lugares.csv;"Santiago Centro";"tipo_precio tiene valor no permitido linea_hora, se deja nulo."
33;sucursales_lugares.csv;"Santiago Centro";"fecha_inicio_vigencia reparada de 19-10-24 a 2024-10-19"
33;sucursales_lugares.csv;"Santiago Centro";"fecha_fin_vigencia reparada de 02-11-24 a 2024-11-02"
34;sucursales_lugares.csv;"Santiago Centro";"tipo_precio tiene valor no permitido tramo, se deja nulo."
34;sucursales_lugares.csv;"Santiago Centro";"fecha_inicio_vigencia reparada de 21-11-25 a 2025-11-21"
34;sucursales_lugares.csv;"Santiago Centro";"fecha_fin_vigencia reparada de 21-12-25 a 2025-12-21"
35;sucursales_lugares.csv;"Santiago Centro";"tipo_precio reparado de dia a día"
35;sucursales_lugares.csv;"Santiago Centro";"fecha_inicio_vigencia reparada de 02-08-24 a 2024-08-02"
35;sucursales_lugares.csv;"Santiago Centro";"fecha_fin_vigencia reparada de 31-10-24 a 2024-10-31"
36;sucursales_lugares.csv;"Santiago Centro";"tipo_precio tiene valor no permitido tramo, se deja nulo."
36;sucursales_lugares.csv;"Santiago Centro";"fecha_inicio_vigencia reparada de 12-08-24 a 2024-08-12"
36;sucursales_lugares.csv;"Santiago Centro";"fecha_fin_vigencia reparada de 11-10-24 a 2024-10-11"
37;sucursales_lugares.csv;"Santiago Centro";"tipo_precio tiene valor no permitido tramo, se deja nulo."
37;sucursales_lugares.csv;"Santiago Centro";"fecha_inicio_vigencia reparada de 19-09-24 a 2024-09-19"
37;sucursales_lugares.csv;"Santiago Centro";"fecha_fin_vigencia reparada de 18-12-24 a 2024-12-18"
38;sucursales_lugares.csv;"Santiago Centro";"tipo_precio reparado de dia a día"
38;sucursales_lugares.csv;"Santiago Centro";"fecha_inicio_vigencia reparada de 30-05-25 a 2025-05-30"
38;sucursales_lugares.csv;"Santiago Centro";"fecha_fin_vigencia reparada de 28-08-25 a 2025-08-28"
39;sucursales_lugares.csv;"Santiago Centro";"tipo_precio reparado de dia a día"
39;sucursales_lugares.csv;"Santiago Centro";"fecha_inicio_vigencia reparada de 19-04-24 a 2024-04-19"
39;sucursales_lugares.csv;"Santiago Centro";"fecha_fin_vigencia reparada de 18-06-24 a 2024-06-18"
40;sucursales_lugares.csv;"Santiago Centro";"tipo_precio reparado de dia a día"
40;sucursales_lugares.csv;"Santiago Centro";"fecha_inicio_vigencia con formato incompleto o que no se pudo reparar, se reemplaza por nulo"
40;sucursales_lugares.csv;"Santiago Centro";"fecha_fin_vigencia reparada de 02-12-25 a 2025-12-02"
40;sucursales_lugares.csv;"Santiago Centro";"Fila enviada a ERR: precio debe ser un numero."
41;sucursales_lugares.csv;"Santiago Centro";"tipo_precio reparado de dia a día"
41;sucursales_lugares.csv;"Santiago Centro";"fecha_inicio_vigencia reparada de 23-04-24 a 2024-04-23"
41;sucursales_lugares.csv;"Santiago Centro";"fecha_fin_vigencia reparada de 22-06-24 a 2024-06-22"
42;sucursales_lugares.csv;"Santiago Centro";"tipo_precio reparado de dia a día"
42;sucursales_lugares.csv;"Santiago Centro";"fecha_inicio_vigencia reparada de 05-09-25 a 2025-09-05"
42;sucursales_lugares.csv;"Santiago Centro";"fecha_fin_vigencia reparada de 05-10-25 a 2025-10-05"
43;sucursales_lugares.csv;"Santiago Centro";"tipo_precio reparado de dia a día"
43;sucursales_lugares.csv;"Santiago Centro";"fecha_inicio_vigencia reparada de 26-07-25 a 2025-07-26"
43;sucursales_lugares.csv;"Santiago Centro";"fecha_fin_vigencia reparada de 09-08-25 a 2025-08-09"
44;sucursales_lugares.csv;"Santiago Centro";"tipo_precio reparado de dia a día"
44;sucursales_lugares.csv;"Santiago Centro";"fecha_inicio_vigencia reparada de 07-06-25 a 2025-06-07"
44;sucursales_lugares.csv;"Santiago Centro";"fecha_fin_vigencia reparada de 06-08-25 a 2025-08-06"
45;sucursales_lugares.csv;"Santiago Centro";"tipo_precio reparado de dia a día"
45;sucursales_lugares.csv;"Santiago Centro";"fecha_inicio_vigencia reparada de 23-06-25 a 2025-06-23"
45;sucursales_lugares.csv;"Santiago Centro";"fecha_fin_vigencia reparada de 30-06-25 a 2025-06-30"
46;sucursales_lugares.csv;"Santiago Centro";"tipo_precio reparado de dia a día"
46;sucursales_lugares.csv;"Santiago Centro";"fecha_inicio_vigencia reparada de 27-02-25 a 2025-02-27"
46;sucursales_lugares.csv;"Santiago Centro";"fecha_fin_vigencia reparada de 28-04-25 a 2025-04-28"
47;sucursales_lugares.csv;"Santiago Centro";"tipo_precio reparado de dia a día"
47;sucursales_lugares.csv;"Santiago Centro";"fecha_inicio_vigencia reparada de 22-06-25 a 2025-06-22"
47;sucursales_lugares.csv;"Santiago Centro";"fecha_fin_vigencia reparada de 21-08-25 a 2025-08-21"
48;sucursales_lugares.csv;"Santiago Centro";"tipo_precio reparado de dia a día"
48;sucursales_lugares.csv;"Santiago Centro";"fecha_inicio_vigencia reparada de 09-03-24 a 2024-03-09"
48;sucursales_lugares.csv;"Santiago Centro";"fecha_fin_vigencia reparada de 08-04-24 a 2024-04-08"
49;sucursales_lugares.csv;"Santiago Centro";"tipo_precio reparado de dia a día"
49;sucursales_lugares.csv;"Santiago Centro";"fecha_inicio_vigencia reparada de 25-09-24 a 2024-09-25"
49;sucursales_lugares.csv;"Santiago Centro";"fecha_fin_vigencia reparada de 25-10-24 a 2024-10-25"
50;sucursales_lugares.csv;"Santiago Centro";"tipo_precio reparado de dia a día"
50;sucursales_lugares.csv;"Santiago Centro";"fecha_inicio_vigencia reparada de 28-08-25 a 2025-08-28"
50;sucursales_lugares.csv;"Santiago Centro";"fecha_fin_vigencia reparada de 27-09-25 a 2025-09-27"
51;sucursales_lugares.csv;"Santiago Centro";"tipo_precio reparado de dia a día"
51;sucursales_lugares.csv;"Santiago Centro";"fecha_inicio_vigencia reparada de 10-07-24 a 2024-07-10"
51;sucursales_lugares.csv;"Santiago Centro";"fecha_fin_vigencia reparada de 09-08-24 a 2024-08-09"
52;sucursales_lugares.csv;"Santiago Centro";"tipo_precio reparado de dia a día"
52;sucursales_lugares.csv;"Santiago Centro";"fecha_inicio_vigencia reparada de 04-07-25 a 2025-07-04"
52;sucursales_lugares.csv;"Santiago Centro";"fecha_fin_vigencia reparada de 11-07-25 a 2025-07-11"
53;sucursales_lugares.csv;"Santiago Centro";"tipo_precio reparado de dia a día"
53;sucursales_lugares.csv;"Santiago Centro";"fecha_inicio_vigencia reparada de 05-02-24 a 2024-02-05"
53;sucursales_lugares.csv;"Santiago Centro";"fecha_fin_vigencia reparada de 05-04-24 a 2024-04-05"
54;sucursales_lugares.csv;"Santiago Centro";"tipo_precio reparado de dia a día"
54;sucursales_lugares.csv;"Santiago Centro";"fecha_inicio_vigencia reparada de 12-10-24 a 2024-10-12"
54;sucursales_lugares.csv;"Santiago Centro";"fecha_fin_vigencia reparada de 26-10-24 a 2024-10-26"
55;sucursales_lugares.csv;"Santiago Centro";"tipo_precio reparado de dia a día"
55;sucursales_lugares.csv;"Santiago Centro";"fecha_inicio_vigencia reparada de 03-09-24 a 2024-09-03"
55;sucursales_lugares.csv;"Santiago Centro";"fecha_fin_vigencia reparada de 02-12-24 a 2024-12-02"
56;sucursales_lugares.csv;"Santiago Centro";"tipo_precio reparado de dia a día"
56;sucursales_lugares.csv;"Santiago Centro";"fecha_inicio_vigencia reparada de 13-05-25 a 2025-05-13"
56;sucursales_lugares.csv;"Santiago Centro";"fecha_fin_vigencia reparada de 27-05-25 a 2025-05-27"
56;sucursales_lugares.csv;"Santiago Centro";"Fila enviada a ERR: precio debe ser un numero."
57;sucursales_lugares.csv;"Santiago Centro";"tipo_precio reparado de dia a día"
57;sucursales_lugares.csv;"Santiago Centro";"fecha_inicio_vigencia reparada de 03-02-24 a 2024-02-03"
57;sucursales_lugares.csv;"Santiago Centro";"fecha_fin_vigencia reparada de 04-03-24 a 2024-03-04"
58;sucursales_lugares.csv;"Santiago Centro";"fecha_inicio_vigencia con formato incompleto o que no se pudo reparar, se reemplaza por nulo"
58;sucursales_lugares.csv;"Santiago Centro";"fecha_fin_vigencia reparada de 04-05-25 a 2025-05-04"
59;sucursales_lugares.csv;"Santiago Centro";"fecha_inicio_vigencia reparada de 01-11-24 a 2024-11-01"
59;sucursales_lugares.csv;"Santiago Centro";"fecha_fin_vigencia reparada de 15-11-24 a 2024-11-15"
60;sucursales_lugares.csv;"Santiago Centro";"fecha_inicio_vigencia reparada de 29-08-25 a 2025-08-29"
60;sucursales_lugares.csv;"Santiago Centro";"fecha_fin_vigencia reparada de 12-09-25 a 2025-09-12"
61;sucursales_lugares.csv;"Santiago Centro";"fecha_inicio_vigencia con formato incompleto o que no se pudo reparar, se reemplaza por nulo"
61;sucursales_lugares.csv;"Santiago Centro";"fecha_fin_vigencia reparada de 17-06-24 a 2024-06-17"
61;sucursales_lugares.csv;"Santiago Centro";"Fila enviada a ERR: precio debe ser un numero."
62;sucursales_lugares.csv;"Santiago Centro";"fecha_inicio_vigencia reparada de 26-12-24 a 2024-12-26"
62;sucursales_lugares.csv;"Santiago Centro";"fecha_fin_vigencia reparada de 25-01-25 a 2025-01-25"
63;sucursales_lugares.csv;"Santiago Centro";"fecha_inicio_vigencia reparada de 24-06-25 a 2025-06-24"
63;sucursales_lugares.csv;"Santiago Centro";"fecha_fin_vigencia reparada de 22-09-25 a 2025-09-22"
64;sucursales_lugares.csv;"Santiago Centro";"fecha_inicio_vigencia reparada de 18-03-25 a 2025-03-18"
64;sucursales_lugares.csv;"Santiago Centro";"fecha_fin_vigencia reparada de 17-04-25 a 2025-04-17"
65;sucursales_lugares.csv;"Santiago Centro";"fecha_inicio_vigencia reparada de 18-11-25 a 2025-11-18"
65;sucursales_lugares.csv;"Santiago Centro";"fecha_fin_vigencia reparada de 18-12-25 a 2025-12-18"
66;sucursales_lugares.csv;Providencia;"tipo_precio tiene valor no permitido mesa_hora, se deja nulo."
66;sucursales_lugares.csv;Providencia;"fecha_inicio_vigencia reparada de 02-01-25 a 2025-01-02"
66;sucursales_lugares.csv;Providencia;"fecha_fin_vigencia reparada de 16-01-25 a 2025-01-16"
66;sucursales_lugares.csv;Providencia;"Fila enviada a ERR: precio es obligatorio y viene nulo."
67;sucursales_lugares.csv;Providencia;"tipo_precio tiene valor no permitido mesa_hora, se deja nulo."
67;sucursales_lugares.csv;Providencia;"fecha_inicio_vigencia reparada de 07-07-24 a 2024-07-07"
67;sucursales_lugares.csv;Providencia;"fecha_fin_vigencia reparada de 06-08-24 a 2024-08-06"
67;sucursales_lugares.csv;Providencia;"Fila enviada a ERR: precio es obligatorio y viene nulo."
68;sucursales_lugares.csv;Providencia;"tipo_precio tiene valor no permitido mesa_hora, se deja nulo."
68;sucursales_lugares.csv;Providencia;"fecha_inicio_vigencia con formato incompleto o que no se pudo reparar, se reemplaza por nulo"
68;sucursales_lugares.csv;Providencia;"fecha_fin_vigencia reparada de 17-02-25 a 2025-02-17"
68;sucursales_lugares.csv;Providencia;"Fila enviada a ERR: precio es obligatorio y viene nulo."
69;sucursales_lugares.csv;Providencia;"tipo_precio tiene valor no permitido mesa_hora, se deja nulo."
69;sucursales_lugares.csv;Providencia;"fecha_inicio_vigencia reparada de 15-03-25 a 2025-03-15"
69;sucursales_lugares.csv;Providencia;"fecha_fin_vigencia reparada de 29-03-25 a 2025-03-29"
69;sucursales_lugares.csv;Providencia;"Fila enviada a ERR: precio es obligatorio y viene nulo."
70;sucursales_lugares.csv;Providencia;"tipo_precio tiene valor no permitido mesa_hora, se deja nulo."
70;sucursales_lugares.csv;Providencia;"fecha_inicio_vigencia reparada de 26-10-25 a 2025-10-26"
70;sucursales_lugares.csv;Providencia;"fecha_fin_vigencia reparada de 09-11-25 a 2025-11-09"
70;sucursales_lugares.csv;Providencia;"Fila enviada a ERR: precio es obligatorio y viene nulo."
71;sucursales_lugares.csv;Providencia;"tipo_precio tiene valor no permitido mesa_hora, se deja nulo."
71;sucursales_lugares.csv;Providencia;"fecha_inicio_vigencia reparada de 18-09-24 a 2024-09-18"
71;sucursales_lugares.csv;Providencia;"fecha_fin_vigencia reparada de 02-10-24 a 2024-10-02"
71;sucursales_lugares.csv;Providencia;"Fila enviada a ERR: precio es obligatorio y viene nulo."
72;sucursales_lugares.csv;Providencia;"tipo_precio tiene valor no permitido mesa_hora, se deja nulo."
72;sucursales_lugares.csv;Providencia;"fecha_inicio_vigencia reparada de 13-02-24 a 2024-02-13"
72;sucursales_lugares.csv;Providencia;"fecha_fin_vigencia reparada de 13-05-24 a 2024-05-13"
72;sucursales_lugares.csv;Providencia;"Fila enviada a ERR: precio es obligatorio y viene nulo."
73;sucursales_lugares.csv;Providencia;"tipo_precio tiene valor no permitido mesa_hora, se deja nulo."
73;sucursales_lugares.csv;Providencia;"fecha_inicio_vigencia reparada de 04-12-24 a 2024-12-04"
73;sucursales_lugares.csv;Providencia;"fecha_fin_vigencia reparada de 03-01-25 a 2025-01-03"
73;sucursales_lugares.csv;Providencia;"Fila enviada a ERR: precio es obligatorio y viene nulo."
74;sucursales_lugares.csv;Providencia;"tipo_precio tiene valor no permitido mesa_hora, se deja nulo."
74;sucursales_lugares.csv;Providencia;"fecha_inicio_vigencia reparada de 18-04-24 a 2024-04-18"
74;sucursales_lugares.csv;Providencia;"fecha_fin_vigencia reparada de 17-07-24 a 2024-07-17"
74;sucursales_lugares.csv;Providencia;"Fila enviada a ERR: precio es obligatorio y viene nulo."
75;sucursales_lugares.csv;Providencia;"tipo_precio tiene valor no permitido mesa_hora, se deja nulo."
75;sucursales_lugares.csv;Providencia;"fecha_inicio_vigencia reparada de 30-05-25 a 2025-05-30"
75;sucursales_lugares.csv;Providencia;"fecha_fin_vigencia reparada de 06-06-25 a 2025-06-06"
75;sucursales_lugares.csv;Providencia;"Fila enviada a ERR: precio es obligatorio y viene nulo."
76;sucursales_lugares.csv;Providencia;"tipo_precio tiene valor no permitido mesa_hora, se deja nulo."
76;sucursales_lugares.csv;Providencia;"fecha_inicio_vigencia reparada de 04-10-25 a 2025-10-04"
76;sucursales_lugares.csv;Providencia;"fecha_fin_vigencia reparada de 11-10-25 a 2025-10-11"
76;sucursales_lugares.csv;Providencia;"Fila enviada a ERR: precio es obligatorio y viene nulo."
77;sucursales_lugares.csv;Providencia;"tipo_precio tiene valor no permitido mesa_hora, se deja nulo."
77;sucursales_lugares.csv;Providencia;"fecha_inicio_vigencia reparada de 30-04-24 a 2024-04-30"
77;sucursales_lugares.csv;Providencia;"fecha_fin_vigencia reparada de 29-07-24 a 2024-07-29"
77;sucursales_lugares.csv;Providencia;"Fila enviada a ERR: precio es obligatorio y viene nulo."
78;sucursales_lugares.csv;Providencia;"tipo_precio tiene valor no permitido mesa_hora, se deja nulo."
78;sucursales_lugares.csv;Providencia;"fecha_inicio_vigencia reparada de 27-11-25 a 2025-11-27"
78;sucursales_lugares.csv;Providencia;"fecha_fin_vigencia reparada de 26-01-26 a 2026-01-26"
78;sucursales_lugares.csv;Providencia;"Fila enviada a ERR: precio es obligatorio y viene nulo."
79;sucursales_lugares.csv;Providencia;"tipo_precio tiene valor no permitido mesa_hora, se deja nulo."
79;sucursales_lugares.csv;Providencia;"fecha_inicio_vigencia reparada de 10-10-24 a 2024-10-10"
79;sucursales_lugares.csv;Providencia;"fecha_fin_vigencia reparada de 09-12-24 a 2024-12-09"
79;sucursales_lugares.csv;Providencia;"Fila enviada a ERR: precio es obligatorio y viene nulo."
80;sucursales_lugares.csv;Providencia;"tipo_precio tiene valor no permitido mesa_hora, se deja nulo."
80;sucursales_lugares.csv;Providencia;"fecha_inicio_vigencia reparada de 24-12-24 a 2024-12-24"
80;sucursales_lugares.csv;Providencia;"fecha_fin_vigencia reparada de 23-01-25 a 2025-01-23"
80;sucursales_lugares.csv;Providencia;"Fila enviada a ERR: precio es obligatorio y viene nulo."
81;sucursales_lugares.csv;Providencia;"tipo_precio tiene valor no permitido mesa_hora, se deja nulo."
81;sucursales_lugares.csv;Providencia;"fecha_inicio_vigencia reparada de 17-06-25 a 2025-06-17"
81;sucursales_lugares.csv;Providencia;"fecha_fin_vigencia reparada de 24-06-25 a 2025-06-24"
81;sucursales_lugares.csv;Providencia;"Fila enviada a ERR: precio es obligatorio y viene nulo."
82;sucursales_lugares.csv;Providencia;"tipo_precio tiene valor no permitido linea_hora, se deja nulo."
82;sucursales_lugares.csv;Providencia;"fecha_inicio_vigencia reparada de 18-06-24 a 2024-06-18"
82;sucursales_lugares.csv;Providencia;"fecha_fin_vigencia reparada de 02-07-24 a 2024-07-02"
83;sucursales_lugares.csv;Providencia;"tipo_precio tiene valor no permitido linea_hora, se deja nulo."
83;sucursales_lugares.csv;Providencia;"fecha_inicio_vigencia reparada de 28-05-24 a 2024-05-28"
83;sucursales_lugares.csv;Providencia;"fecha_fin_vigencia reparada de 27-07-24 a 2024-07-27"
84;sucursales_lugares.csv;Providencia;"tipo_precio tiene valor no permitido linea_hora, se deja nulo."
84;sucursales_lugares.csv;Providencia;"fecha_inicio_vigencia reparada de 12-02-25 a 2025-02-12"
84;sucursales_lugares.csv;Providencia;"fecha_fin_vigencia reparada de 26-02-25 a 2025-02-26"
85;sucursales_lugares.csv;Providencia;"tipo_precio tiene valor no permitido linea_hora, se deja nulo."
85;sucursales_lugares.csv;Providencia;"fecha_inicio_vigencia reparada de 29-08-25 a 2025-08-29"
85;sucursales_lugares.csv;Providencia;"fecha_fin_vigencia reparada de 28-10-25 a 2025-10-28"
86;sucursales_lugares.csv;Providencia;"tipo_precio tiene valor no permitido linea_hora, se deja nulo."
86;sucursales_lugares.csv;Providencia;"fecha_inicio_vigencia reparada de 16-04-24 a 2024-04-16"
86;sucursales_lugares.csv;Providencia;"fecha_fin_vigencia reparada de 30-04-24 a 2024-04-30"
87;sucursales_lugares.csv;Providencia;"tipo_precio tiene valor no permitido linea_hora, se deja nulo."
87;sucursales_lugares.csv;Providencia;"fecha_inicio_vigencia con formato incompleto o que no se pudo reparar, se reemplaza por nulo"
87;sucursales_lugares.csv;Providencia;"fecha_fin_vigencia reparada de 16-08-24 a 2024-08-16"
88;sucursales_lugares.csv;Providencia;"tipo_precio tiene valor no permitido linea_hora, se deja nulo."
88;sucursales_lugares.csv;Providencia;"fecha_inicio_vigencia con formato incompleto o que no se pudo reparar, se reemplaza por nulo"
88;sucursales_lugares.csv;Providencia;"fecha_fin_vigencia reparada de 02-01-26 a 2026-01-02"
88;sucursales_lugares.csv;Providencia;"Fila enviada a ERR: precio debe ser un numero."
89;sucursales_lugares.csv;Providencia;"tipo_precio tiene valor no permitido linea_hora, se deja nulo."
89;sucursales_lugares.csv;Providencia;"fecha_inicio_vigencia reparada de 19-01-24 a 2024-01-19"
89;sucursales_lugares.csv;Providencia;"fecha_fin_vigencia reparada de 02-02-24 a 2024-02-02"
90;sucursales_lugares.csv;Providencia;"tipo_precio tiene valor no permitido linea_hora, se deja nulo."
90;sucursales_lugares.csv;Providencia;"fecha_inicio_vigencia reparada de 20-01-24 a 2024-01-20"
90;sucursales_lugares.csv;Providencia;"fecha_fin_vigencia reparada de 19-02-24 a 2024-02-19"
91;sucursales_lugares.csv;Providencia;"tipo_precio tiene valor no permitido linea_hora, se deja nulo."
91;sucursales_lugares.csv;Providencia;"fecha_inicio_vigencia reparada de 22-12-24 a 2024-12-22"
91;sucursales_lugares.csv;Providencia;"fecha_fin_vigencia reparada de 20-02-25 a 2025-02-20"
92;sucursales_lugares.csv;Providencia;"tipo_precio tiene valor no permitido linea_hora, se deja nulo."
92;sucursales_lugares.csv;Providencia;"fecha_inicio_vigencia reparada de 07-06-25 a 2025-06-07"
92;sucursales_lugares.csv;Providencia;"fecha_fin_vigencia reparada de 05-09-25 a 2025-09-05"
93;sucursales_lugares.csv;Providencia;"tipo_precio tiene valor no permitido linea_hora, se deja nulo."
93;sucursales_lugares.csv;Providencia;"fecha_inicio_vigencia reparada de 14-05-24 a 2024-05-14"
93;sucursales_lugares.csv;Providencia;"fecha_fin_vigencia reparada de 21-05-24 a 2024-05-21"
94;sucursales_lugares.csv;Providencia;"tipo_precio tiene valor no permitido linea_hora, se deja nulo."
94;sucursales_lugares.csv;Providencia;"fecha_inicio_vigencia reparada de 01-07-24 a 2024-07-01"
94;sucursales_lugares.csv;Providencia;"fecha_fin_vigencia reparada de 08-07-24 a 2024-07-08"
95;sucursales_lugares.csv;Providencia;"tipo_precio tiene valor no permitido linea_hora, se deja nulo."
95;sucursales_lugares.csv;Providencia;"fecha_inicio_vigencia reparada de 06-03-25 a 2025-03-06"
95;sucursales_lugares.csv;Providencia;"fecha_fin_vigencia reparada de 04-06-25 a 2025-06-04"
96;sucursales_lugares.csv;Providencia;"tipo_precio tiene valor no permitido linea_hora, se deja nulo."
96;sucursales_lugares.csv;Providencia;"fecha_inicio_vigencia reparada de 14-10-24 a 2024-10-14"
96;sucursales_lugares.csv;Providencia;"fecha_fin_vigencia reparada de 28-10-24 a 2024-10-28"
97;sucursales_lugares.csv;Providencia;"tipo_precio tiene valor no permitido linea_hora, se deja nulo."
97;sucursales_lugares.csv;Providencia;"fecha_inicio_vigencia reparada de 24-09-24 a 2024-09-24"
97;sucursales_lugares.csv;Providencia;"fecha_fin_vigencia reparada de 08-10-24 a 2024-10-08"
98;sucursales_lugares.csv;Providencia;"tipo_precio tiene valor no permitido tramo, se deja nulo."
98;sucursales_lugares.csv;Providencia;"fecha_inicio_vigencia reparada de 16-08-24 a 2024-08-16"
98;sucursales_lugares.csv;Providencia;"fecha_fin_vigencia reparada de 30-08-24 a 2024-08-30"
99;sucursales_lugares.csv;Providencia;"tipo_precio tiene valor no permitido tramo, se deja nulo."
99;sucursales_lugares.csv;Providencia;"fecha_inicio_vigencia reparada de 19-01-25 a 2025-01-19"
99;sucursales_lugares.csv;Providencia;"fecha_fin_vigencia reparada de 20-03-25 a 2025-03-20"
100;sucursales_lugares.csv;Providencia;"tipo_precio tiene valor no permitido tramo, se deja nulo."
100;sucursales_lugares.csv;Providencia;"fecha_inicio_vigencia reparada de 07-03-24 a 2024-03-07"
100;sucursales_lugares.csv;Providencia;"fecha_fin_vigencia reparada de 14-03-24 a 2024-03-14"
101;sucursales_lugares.csv;Providencia;"tipo_precio tiene valor no permitido tramo, se deja nulo."
101;sucursales_lugares.csv;Providencia;"fecha_inicio_vigencia reparada de 12-04-25 a 2025-04-12"
101;sucursales_lugares.csv;Providencia;"fecha_fin_vigencia reparada de 26-04-25 a 2025-04-26"
102;sucursales_lugares.csv;Providencia;"tipo_precio reparado de dia a día"
102;sucursales_lugares.csv;Providencia;"fecha_inicio_vigencia reparada de 19-08-25 a 2025-08-19"
102;sucursales_lugares.csv;Providencia;"fecha_fin_vigencia reparada de 17-11-25 a 2025-11-17"
103;sucursales_lugares.csv;Providencia;"tipo_precio reparado de dia a día"
103;sucursales_lugares.csv;Providencia;"fecha_inicio_vigencia reparada de 12-03-24 a 2024-03-12"
103;sucursales_lugares.csv;Providencia;"fecha_fin_vigencia reparada de 11-05-24 a 2024-05-11"
104;sucursales_lugares.csv;Providencia;"tipo_precio reparado de dia a día"
104;sucursales_lugares.csv;Providencia;"fecha_inicio_vigencia reparada de 20-02-24 a 2024-02-20"
104;sucursales_lugares.csv;Providencia;"fecha_fin_vigencia reparada de 05-03-24 a 2024-03-05"
105;sucursales_lugares.csv;Providencia;"tipo_precio reparado de dia a día"
105;sucursales_lugares.csv;Providencia;"fecha_inicio_vigencia reparada de 10-08-24 a 2024-08-10"
105;sucursales_lugares.csv;Providencia;"fecha_fin_vigencia reparada de 08-11-24 a 2024-11-08"
106;sucursales_lugares.csv;Providencia;"tipo_precio reparado de dia a día"
106;sucursales_lugares.csv;Providencia;"fecha_inicio_vigencia reparada de 02-09-24 a 2024-09-02"
106;sucursales_lugares.csv;Providencia;"fecha_fin_vigencia reparada de 01-12-24 a 2024-12-01"
107;sucursales_lugares.csv;Providencia;"tipo_precio reparado de dia a día"
107;sucursales_lugares.csv;Providencia;"fecha_inicio_vigencia con formato incompleto o que no se pudo reparar, se reemplaza por nulo"
107;sucursales_lugares.csv;Providencia;"fecha_fin_vigencia reparada de 26-08-24 a 2024-08-26"
107;sucursales_lugares.csv;Providencia;"Fila enviada a ERR: precio debe ser un numero."
108;sucursales_lugares.csv;Providencia;"tipo_precio reparado de dia a día"
108;sucursales_lugares.csv;Providencia;"fecha_inicio_vigencia reparada de 09-05-24 a 2024-05-09"
108;sucursales_lugares.csv;Providencia;"fecha_fin_vigencia reparada de 07-08-24 a 2024-08-07"
109;sucursales_lugares.csv;Providencia;"tipo_precio reparado de dia a día"
109;sucursales_lugares.csv;Providencia;"fecha_inicio_vigencia reparada de 11-05-25 a 2025-05-11"
109;sucursales_lugares.csv;Providencia;"fecha_fin_vigencia reparada de 10-06-25 a 2025-06-10"
110;sucursales_lugares.csv;Providencia;"tipo_precio reparado de dia a día"
110;sucursales_lugares.csv;Providencia;"fecha_inicio_vigencia reparada de 16-09-24 a 2024-09-16"
110;sucursales_lugares.csv;Providencia;"fecha_fin_vigencia reparada de 15-11-24 a 2024-11-15"
111;sucursales_lugares.csv;Providencia;"tipo_precio reparado de dia a día"
111;sucursales_lugares.csv;Providencia;"fecha_inicio_vigencia reparada de 23-05-24 a 2024-05-23"
111;sucursales_lugares.csv;Providencia;"fecha_fin_vigencia reparada de 06-06-24 a 2024-06-06"
112;sucursales_lugares.csv;Providencia;"tipo_precio reparado de dia a día"
112;sucursales_lugares.csv;Providencia;"fecha_inicio_vigencia con formato incompleto o que no se pudo reparar, se reemplaza por nulo"
112;sucursales_lugares.csv;Providencia;"fecha_fin_vigencia reparada de 28-10-25 a 2025-10-28"
112;sucursales_lugares.csv;Providencia;"Fila enviada a ERR: precio debe ser un numero."
113;sucursales_lugares.csv;Providencia;"tipo_precio reparado de dia a día"
113;sucursales_lugares.csv;Providencia;"fecha_inicio_vigencia reparada de 13-10-24 a 2024-10-13"
113;sucursales_lugares.csv;Providencia;"fecha_fin_vigencia reparada de 27-10-24 a 2024-10-27"
114;sucursales_lugares.csv;Providencia;"tipo_precio reparado de dia a día"
114;sucursales_lugares.csv;Providencia;"fecha_inicio_vigencia reparada de 29-03-24 a 2024-03-29"
114;sucursales_lugares.csv;Providencia;"fecha_fin_vigencia reparada de 27-06-24 a 2024-06-27"
115;sucursales_lugares.csv;Providencia;"tipo_precio reparado de dia a día"
115;sucursales_lugares.csv;Providencia;"fecha_inicio_vigencia reparada de 05-06-25 a 2025-06-05"
115;sucursales_lugares.csv;Providencia;"fecha_fin_vigencia reparada de 19-06-25 a 2025-06-19"
116;sucursales_lugares.csv;Providencia;"tipo_precio reparado de dia a día"
116;sucursales_lugares.csv;Providencia;"fecha_inicio_vigencia reparada de 27-04-24 a 2024-04-27"
116;sucursales_lugares.csv;Providencia;"fecha_fin_vigencia reparada de 27-05-24 a 2024-05-27"
117;sucursales_lugares.csv;Providencia;"tipo_precio reparado de dia a día"
117;sucursales_lugares.csv;Providencia;"fecha_inicio_vigencia reparada de 15-03-25 a 2025-03-15"
117;sucursales_lugares.csv;Providencia;"fecha_fin_vigencia reparada de 14-05-25 a 2025-05-14"
118;sucursales_lugares.csv;Providencia;"tipo_precio reparado de dia a día"
118;sucursales_lugares.csv;Providencia;"fecha_inicio_vigencia reparada de 24-04-24 a 2024-04-24"
118;sucursales_lugares.csv;Providencia;"fecha_fin_vigencia reparada de 23-07-24 a 2024-07-23"
119;sucursales_lugares.csv;Providencia;"tipo_precio reparado de dia a día"
119;sucursales_lugares.csv;Providencia;"fecha_inicio_vigencia reparada de 16-03-25 a 2025-03-16"
119;sucursales_lugares.csv;Providencia;"fecha_fin_vigencia reparada de 23-03-25 a 2025-03-23"
120;sucursales_lugares.csv;Providencia;"tipo_precio reparado de dia a día"
120;sucursales_lugares.csv;Providencia;"fecha_inicio_vigencia reparada de 18-03-24 a 2024-03-18"
120;sucursales_lugares.csv;Providencia;"fecha_fin_vigencia reparada de 25-03-24 a 2024-03-25"
121;sucursales_lugares.csv;Providencia;"tipo_precio reparado de dia a día"
121;sucursales_lugares.csv;Providencia;"fecha_inicio_vigencia reparada de 14-01-25 a 2025-01-14"
121;sucursales_lugares.csv;Providencia;"fecha_fin_vigencia reparada de 13-02-25 a 2025-02-13"
122;sucursales_lugares.csv;Providencia;"fecha_inicio_vigencia reparada de 04-11-25 a 2025-11-04"
122;sucursales_lugares.csv;Providencia;"fecha_fin_vigencia reparada de 18-11-25 a 2025-11-18"
123;sucursales_lugares.csv;Providencia;"fecha_inicio_vigencia reparada de 25-08-25 a 2025-08-25"
123;sucursales_lugares.csv;Providencia;"fecha_fin_vigencia reparada de 01-09-25 a 2025-09-01"
124;sucursales_lugares.csv;Providencia;"fecha_inicio_vigencia reparada de 31-10-25 a 2025-10-31"
124;sucursales_lugares.csv;Providencia;"fecha_fin_vigencia reparada de 30-12-25 a 2025-12-30"
125;sucursales_lugares.csv;Providencia;"fecha_inicio_vigencia reparada de 09-02-24 a 2024-02-09"
125;sucursales_lugares.csv;Providencia;"fecha_fin_vigencia reparada de 23-02-24 a 2024-02-23"
126;sucursales_lugares.csv;Providencia;"fecha_inicio_vigencia reparada de 29-05-24 a 2024-05-29"
126;sucursales_lugares.csv;Providencia;"fecha_fin_vigencia reparada de 12-06-24 a 2024-06-12"
127;sucursales_lugares.csv;Providencia;"fecha_inicio_vigencia reparada de 30-07-25 a 2025-07-30"
127;sucursales_lugares.csv;Providencia;"fecha_fin_vigencia reparada de 13-08-25 a 2025-08-13"
128;sucursales_lugares.csv;Providencia;"fecha_inicio_vigencia reparada de 26-10-24 a 2024-10-26"
128;sucursales_lugares.csv;Providencia;"fecha_fin_vigencia reparada de 25-12-24 a 2024-12-25"
129;sucursales_lugares.csv;Providencia;"fecha_inicio_vigencia reparada de 08-10-24 a 2024-10-08"
129;sucursales_lugares.csv;Providencia;"fecha_fin_vigencia reparada de 22-10-24 a 2024-10-22"
130;sucursales_lugares.csv;"La Florida";"tipo_precio tiene valor no permitido mesa_hora, se deja nulo."
130;sucursales_lugares.csv;"La Florida";"fecha_inicio_vigencia reparada de 25-03-24 a 2024-03-25"
130;sucursales_lugares.csv;"La Florida";"fecha_fin_vigencia reparada de 01-04-24 a 2024-04-01"
130;sucursales_lugares.csv;"La Florida";"Fila enviada a ERR: precio es obligatorio y viene nulo."
131;sucursales_lugares.csv;"La Florida";"tipo_precio tiene valor no permitido mesa_hora, se deja nulo."
131;sucursales_lugares.csv;"La Florida";"fecha_inicio_vigencia reparada de 16-10-25 a 2025-10-16"
131;sucursales_lugares.csv;"La Florida";"fecha_fin_vigencia reparada de 14-01-26 a 2026-01-14"
131;sucursales_lugares.csv;"La Florida";"Fila enviada a ERR: precio es obligatorio y viene nulo."
132;sucursales_lugares.csv;"La Florida";"tipo_precio tiene valor no permitido mesa_hora, se deja nulo."
132;sucursales_lugares.csv;"La Florida";"fecha_inicio_vigencia reparada de 14-03-24 a 2024-03-14"
132;sucursales_lugares.csv;"La Florida";"fecha_fin_vigencia reparada de 21-03-24 a 2024-03-21"
132;sucursales_lugares.csv;"La Florida";"Fila enviada a ERR: precio es obligatorio y viene nulo."
133;sucursales_lugares.csv;"La Florida";"tipo_precio tiene valor no permitido mesa_hora, se deja nulo."
133;sucursales_lugares.csv;"La Florida";"fecha_inicio_vigencia reparada de 08-06-25 a 2025-06-08"
133;sucursales_lugares.csv;"La Florida";"fecha_fin_vigencia reparada de 08-07-25 a 2025-07-08"
133;sucursales_lugares.csv;"La Florida";"Fila enviada a ERR: precio es obligatorio y viene nulo."
134;sucursales_lugares.csv;"La Florida";"tipo_precio tiene valor no permitido mesa_hora, se deja nulo."
134;sucursales_lugares.csv;"La Florida";"fecha_inicio_vigencia reparada de 03-06-24 a 2024-06-03"
134;sucursales_lugares.csv;"La Florida";"fecha_fin_vigencia reparada de 17-06-24 a 2024-06-17"
134;sucursales_lugares.csv;"La Florida";"Fila enviada a ERR: precio es obligatorio y viene nulo."
135;sucursales_lugares.csv;"La Florida";"tipo_precio tiene valor no permitido mesa_hora, se deja nulo."
135;sucursales_lugares.csv;"La Florida";"fecha_inicio_vigencia reparada de 18-01-24 a 2024-01-18"
135;sucursales_lugares.csv;"La Florida";"fecha_fin_vigencia reparada de 01-02-24 a 2024-02-01"
135;sucursales_lugares.csv;"La Florida";"Fila enviada a ERR: precio es obligatorio y viene nulo."
136;sucursales_lugares.csv;"La Florida";"tipo_precio tiene valor no permitido mesa_hora, se deja nulo."
136;sucursales_lugares.csv;"La Florida";"fecha_inicio_vigencia reparada de 01-07-25 a 2025-07-01"
136;sucursales_lugares.csv;"La Florida";"fecha_fin_vigencia reparada de 29-09-25 a 2025-09-29"
136;sucursales_lugares.csv;"La Florida";"Fila enviada a ERR: precio es obligatorio y viene nulo."
137;sucursales_lugares.csv;"La Florida";"tipo_precio tiene valor no permitido mesa_hora, se deja nulo."
137;sucursales_lugares.csv;"La Florida";"fecha_inicio_vigencia reparada de 04-10-25 a 2025-10-04"
137;sucursales_lugares.csv;"La Florida";"fecha_fin_vigencia reparada de 03-12-25 a 2025-12-03"
137;sucursales_lugares.csv;"La Florida";"Fila enviada a ERR: precio es obligatorio y viene nulo."
138;sucursales_lugares.csv;"La Florida";"tipo_precio tiene valor no permitido mesa_hora, se deja nulo."
138;sucursales_lugares.csv;"La Florida";"fecha_inicio_vigencia reparada de 08-01-25 a 2025-01-08"
138;sucursales_lugares.csv;"La Florida";"fecha_fin_vigencia reparada de 09-03-25 a 2025-03-09"
138;sucursales_lugares.csv;"La Florida";"Fila enviada a ERR: precio es obligatorio y viene nulo."
139;sucursales_lugares.csv;"La Florida";"tipo_precio tiene valor no permitido mesa_hora, se deja nulo."
139;sucursales_lugares.csv;"La Florida";"fecha_inicio_vigencia reparada de 11-03-25 a 2025-03-11"
139;sucursales_lugares.csv;"La Florida";"fecha_fin_vigencia reparada de 09-06-25 a 2025-06-09"
139;sucursales_lugares.csv;"La Florida";"Fila enviada a ERR: precio es obligatorio y viene nulo."
140;sucursales_lugares.csv;"La Florida";"tipo_precio tiene valor no permitido mesa_hora, se deja nulo."
140;sucursales_lugares.csv;"La Florida";"fecha_inicio_vigencia reparada de 11-03-24 a 2024-03-11"
140;sucursales_lugares.csv;"La Florida";"fecha_fin_vigencia reparada de 18-03-24 a 2024-03-18"
140;sucursales_lugares.csv;"La Florida";"Fila enviada a ERR: precio es obligatorio y viene nulo."
141;sucursales_lugares.csv;"La Florida";"tipo_precio tiene valor no permitido mesa_hora, se deja nulo."
141;sucursales_lugares.csv;"La Florida";"fecha_inicio_vigencia reparada de 10-03-25 a 2025-03-10"
141;sucursales_lugares.csv;"La Florida";"fecha_fin_vigencia reparada de 08-06-25 a 2025-06-08"
141;sucursales_lugares.csv;"La Florida";"Fila enviada a ERR: precio es obligatorio y viene nulo."
142;sucursales_lugares.csv;"La Florida";"tipo_precio tiene valor no permitido mesa_hora, se deja nulo."
142;sucursales_lugares.csv;"La Florida";"fecha_inicio_vigencia reparada de 10-02-24 a 2024-02-10"
142;sucursales_lugares.csv;"La Florida";"fecha_fin_vigencia reparada de 10-05-24 a 2024-05-10"
142;sucursales_lugares.csv;"La Florida";"Fila enviada a ERR: precio es obligatorio y viene nulo."
143;sucursales_lugares.csv;"La Florida";"tipo_precio tiene valor no permitido mesa_hora, se deja nulo."
143;sucursales_lugares.csv;"La Florida";"fecha_inicio_vigencia reparada de 22-10-24 a 2024-10-22"
143;sucursales_lugares.csv;"La Florida";"fecha_fin_vigencia reparada de 21-12-24 a 2024-12-21"
143;sucursales_lugares.csv;"La Florida";"Fila enviada a ERR: precio es obligatorio y viene nulo."
144;sucursales_lugares.csv;"La Florida";"tipo_precio tiene valor no permitido mesa_hora, se deja nulo."
144;sucursales_lugares.csv;"La Florida";"fecha_inicio_vigencia reparada de 21-09-24 a 2024-09-21"
144;sucursales_lugares.csv;"La Florida";"fecha_fin_vigencia reparada de 21-10-24 a 2024-10-21"
144;sucursales_lugares.csv;"La Florida";"Fila enviada a ERR: precio es obligatorio y viene nulo."
145;sucursales_lugares.csv;"La Florida";"tipo_precio tiene valor no permitido mesa_hora, se deja nulo."
145;sucursales_lugares.csv;"La Florida";"fecha_inicio_vigencia reparada de 14-10-25 a 2025-10-14"
145;sucursales_lugares.csv;"La Florida";"fecha_fin_vigencia reparada de 12-01-26 a 2026-01-12"
145;sucursales_lugares.csv;"La Florida";"Fila enviada a ERR: precio es obligatorio y viene nulo."
146;sucursales_lugares.csv;"La Florida";"tipo_precio tiene valor no permitido linea_hora, se deja nulo."
146;sucursales_lugares.csv;"La Florida";"fecha_inicio_vigencia reparada de 10-10-25 a 2025-10-10"
146;sucursales_lugares.csv;"La Florida";"fecha_fin_vigencia reparada de 08-01-26 a 2026-01-08"
147;sucursales_lugares.csv;"La Florida";"tipo_precio tiene valor no permitido linea_hora, se deja nulo."
147;sucursales_lugares.csv;"La Florida";"fecha_inicio_vigencia reparada de 17-10-25 a 2025-10-17"
147;sucursales_lugares.csv;"La Florida";"fecha_fin_vigencia reparada de 16-12-25 a 2025-12-16"
148;sucursales_lugares.csv;"La Florida";"tipo_precio tiene valor no permitido linea_hora, se deja nulo."
148;sucursales_lugares.csv;"La Florida";"fecha_inicio_vigencia reparada de 08-01-25 a 2025-01-08"
148;sucursales_lugares.csv;"La Florida";"fecha_fin_vigencia reparada de 15-01-25 a 2025-01-15"
149;sucursales_lugares.csv;"La Florida";"tipo_precio tiene valor no permitido linea_hora, se deja nulo."
149;sucursales_lugares.csv;"La Florida";"fecha_inicio_vigencia reparada de 09-09-25 a 2025-09-09"
149;sucursales_lugares.csv;"La Florida";"fecha_fin_vigencia reparada de 23-09-25 a 2025-09-23"
150;sucursales_lugares.csv;"La Florida";"tipo_precio tiene valor no permitido linea_hora, se deja nulo."
150;sucursales_lugares.csv;"La Florida";"fecha_inicio_vigencia reparada de 31-07-25 a 2025-07-31"
150;sucursales_lugares.csv;"La Florida";"fecha_fin_vigencia reparada de 29-10-25 a 2025-10-29"
151;sucursales_lugares.csv;"La Florida";"tipo_precio tiene valor no permitido linea_hora, se deja nulo."
151;sucursales_lugares.csv;"La Florida";"fecha_inicio_vigencia reparada de 09-10-25 a 2025-10-09"
151;sucursales_lugares.csv;"La Florida";"fecha_fin_vigencia reparada de 23-10-25 a 2025-10-23"
152;sucursales_lugares.csv;"La Florida";"tipo_precio tiene valor no permitido linea_hora, se deja nulo."
152;sucursales_lugares.csv;"La Florida";"fecha_inicio_vigencia reparada de 02-05-25 a 2025-05-02"
152;sucursales_lugares.csv;"La Florida";"fecha_fin_vigencia reparada de 31-07-25 a 2025-07-31"
153;sucursales_lugares.csv;"La Florida";"tipo_precio tiene valor no permitido linea_hora, se deja nulo."
153;sucursales_lugares.csv;"La Florida";"fecha_inicio_vigencia con formato incompleto o que no se pudo reparar, se reemplaza por nulo"
153;sucursales_lugares.csv;"La Florida";"fecha_fin_vigencia reparada de 09-03-25 a 2025-03-09"
154;sucursales_lugares.csv;"La Florida";"tipo_precio tiene valor no permitido linea_hora, se deja nulo."
154;sucursales_lugares.csv;"La Florida";"fecha_inicio_vigencia reparada de 25-03-24 a 2024-03-25"
154;sucursales_lugares.csv;"La Florida";"fecha_fin_vigencia reparada de 08-04-24 a 2024-04-08"
155;sucursales_lugares.csv;"La Florida";"tipo_precio tiene valor no permitido linea_hora, se deja nulo."
155;sucursales_lugares.csv;"La Florida";"fecha_inicio_vigencia reparada de 09-01-24 a 2024-01-09"
155;sucursales_lugares.csv;"La Florida";"fecha_fin_vigencia reparada de 08-02-24 a 2024-02-08"
156;sucursales_lugares.csv;"La Florida";"tipo_precio tiene valor no permitido linea_hora, se deja nulo."
156;sucursales_lugares.csv;"La Florida";"fecha_inicio_vigencia reparada de 17-03-24 a 2024-03-17"
156;sucursales_lugares.csv;"La Florida";"fecha_fin_vigencia reparada de 24-03-24 a 2024-03-24"
157;sucursales_lugares.csv;"La Florida";"tipo_precio tiene valor no permitido linea_hora, se deja nulo."
157;sucursales_lugares.csv;"La Florida";"fecha_inicio_vigencia con formato incompleto o que no se pudo reparar, se reemplaza por nulo"
157;sucursales_lugares.csv;"La Florida";"fecha_fin_vigencia reparada de 23-06-24 a 2024-06-23"
157;sucursales_lugares.csv;"La Florida";"Fila enviada a ERR: precio debe ser un numero."
158;sucursales_lugares.csv;"La Florida";"tipo_precio tiene valor no permitido linea_hora, se deja nulo."
158;sucursales_lugares.csv;"La Florida";"fecha_inicio_vigencia con formato incompleto o que no se pudo reparar, se reemplaza por nulo"
158;sucursales_lugares.csv;"La Florida";"fecha_fin_vigencia reparada de 01-02-26 a 2026-02-01"
158;sucursales_lugares.csv;"La Florida";"Fila enviada a ERR: precio debe ser un numero."
159;sucursales_lugares.csv;"La Florida";"tipo_precio tiene valor no permitido linea_hora, se deja nulo."
159;sucursales_lugares.csv;"La Florida";"fecha_inicio_vigencia reparada de 21-09-24 a 2024-09-21"
159;sucursales_lugares.csv;"La Florida";"fecha_fin_vigencia reparada de 28-09-24 a 2024-09-28"
160;sucursales_lugares.csv;"La Florida";"tipo_precio tiene valor no permitido linea_hora, se deja nulo."
160;sucursales_lugares.csv;"La Florida";"fecha_inicio_vigencia reparada de 19-12-24 a 2024-12-19"
160;sucursales_lugares.csv;"La Florida";"fecha_fin_vigencia reparada de 02-01-25 a 2025-01-02"
161;sucursales_lugares.csv;"La Florida";"tipo_precio tiene valor no permitido linea_hora, se deja nulo."
161;sucursales_lugares.csv;"La Florida";"fecha_inicio_vigencia reparada de 26-06-25 a 2025-06-26"
161;sucursales_lugares.csv;"La Florida";"fecha_fin_vigencia reparada de 03-07-25 a 2025-07-03"
162;sucursales_lugares.csv;"La Florida";"tipo_precio reparado de dia a día"
162;sucursales_lugares.csv;"La Florida";"fecha_inicio_vigencia reparada de 23-07-25 a 2025-07-23"
162;sucursales_lugares.csv;"La Florida";"fecha_fin_vigencia reparada de 22-08-25 a 2025-08-22"
163;sucursales_lugares.csv;"La Florida";"tipo_precio tiene valor no permitido tramo, se deja nulo."
163;sucursales_lugares.csv;"La Florida";"fecha_inicio_vigencia reparada de 29-02-24 a 2024-02-29"
163;sucursales_lugares.csv;"La Florida";"fecha_fin_vigencia reparada de 29-05-24 a 2024-05-29"
164;sucursales_lugares.csv;"La Florida";"tipo_precio tiene valor no permitido tramo, se deja nulo."
164;sucursales_lugares.csv;"La Florida";"fecha_inicio_vigencia con formato incompleto o que no se pudo reparar, se reemplaza por nulo"
164;sucursales_lugares.csv;"La Florida";"fecha_fin_vigencia reparada de 14-05-24 a 2024-05-14"
164;sucursales_lugares.csv;"La Florida";"Fila enviada a ERR: precio debe ser un numero."
165;sucursales_lugares.csv;"La Florida";"tipo_precio tiene valor no permitido tramo, se deja nulo."
165;sucursales_lugares.csv;"La Florida";"fecha_inicio_vigencia reparada de 04-02-25 a 2025-02-04"
165;sucursales_lugares.csv;"La Florida";"fecha_fin_vigencia reparada de 05-04-25 a 2025-04-05"
166;sucursales_lugares.csv;"La Florida";"tipo_precio reparado de dia a día"
166;sucursales_lugares.csv;"La Florida";"fecha_inicio_vigencia reparada de 19-04-25 a 2025-04-19"
166;sucursales_lugares.csv;"La Florida";"fecha_fin_vigencia reparada de 18-06-25 a 2025-06-18"
167;sucursales_lugares.csv;"La Florida";"tipo_precio reparado de dia a día"
167;sucursales_lugares.csv;"La Florida";"fecha_inicio_vigencia reparada de 17-10-24 a 2024-10-17"
167;sucursales_lugares.csv;"La Florida";"fecha_fin_vigencia reparada de 15-01-25 a 2025-01-15"
168;sucursales_lugares.csv;"La Florida";"tipo_precio reparado de dia a día"
168;sucursales_lugares.csv;"La Florida";"fecha_inicio_vigencia reparada de 28-06-24 a 2024-06-28"
168;sucursales_lugares.csv;"La Florida";"fecha_fin_vigencia reparada de 05-07-24 a 2024-07-05"
169;sucursales_lugares.csv;"La Florida";"tipo_precio reparado de dia a día"
169;sucursales_lugares.csv;"La Florida";"fecha_inicio_vigencia reparada de 20-03-25 a 2025-03-20"
169;sucursales_lugares.csv;"La Florida";"fecha_fin_vigencia reparada de 27-03-25 a 2025-03-27"
170;sucursales_lugares.csv;"La Florida";"tipo_precio reparado de dia a día"
170;sucursales_lugares.csv;"La Florida";"fecha_inicio_vigencia reparada de 24-08-24 a 2024-08-24"
170;sucursales_lugares.csv;"La Florida";"fecha_fin_vigencia reparada de 23-09-24 a 2024-09-23"
171;sucursales_lugares.csv;"La Florida";"tipo_precio reparado de dia a día"
171;sucursales_lugares.csv;"La Florida";"fecha_inicio_vigencia reparada de 25-11-24 a 2024-11-25"
171;sucursales_lugares.csv;"La Florida";"fecha_fin_vigencia reparada de 02-12-24 a 2024-12-02"
172;sucursales_lugares.csv;"La Florida";"tipo_precio reparado de dia a día"
172;sucursales_lugares.csv;"La Florida";"fecha_inicio_vigencia reparada de 30-03-25 a 2025-03-30"
172;sucursales_lugares.csv;"La Florida";"fecha_fin_vigencia reparada de 29-05-25 a 2025-05-29"
173;sucursales_lugares.csv;"La Florida";"tipo_precio reparado de dia a día"
173;sucursales_lugares.csv;"La Florida";"fecha_inicio_vigencia reparada de 10-09-25 a 2025-09-10"
173;sucursales_lugares.csv;"La Florida";"fecha_fin_vigencia reparada de 10-10-25 a 2025-10-10"
174;sucursales_lugares.csv;"La Florida";"tipo_precio reparado de dia a día"
174;sucursales_lugares.csv;"La Florida";"fecha_inicio_vigencia reparada de 12-07-24 a 2024-07-12"
174;sucursales_lugares.csv;"La Florida";"fecha_fin_vigencia reparada de 10-10-24 a 2024-10-10"
175;sucursales_lugares.csv;"La Florida";"tipo_precio reparado de dia a día"
175;sucursales_lugares.csv;"La Florida";"fecha_inicio_vigencia reparada de 01-07-24 a 2024-07-01"
175;sucursales_lugares.csv;"La Florida";"fecha_fin_vigencia reparada de 31-07-24 a 2024-07-31"
176;sucursales_lugares.csv;"La Florida";"tipo_precio reparado de dia a día"
176;sucursales_lugares.csv;"La Florida";"fecha_inicio_vigencia reparada de 19-02-25 a 2025-02-19"
176;sucursales_lugares.csv;"La Florida";"fecha_fin_vigencia reparada de 21-03-25 a 2025-03-21"
177;sucursales_lugares.csv;"La Florida";"tipo_precio reparado de dia a día"
177;sucursales_lugares.csv;"La Florida";"fecha_inicio_vigencia reparada de 06-10-25 a 2025-10-06"
177;sucursales_lugares.csv;"La Florida";"fecha_fin_vigencia reparada de 20-10-25 a 2025-10-20"
177;sucursales_lugares.csv;"La Florida";"Fila enviada a ERR: precio debe ser un numero."
178;sucursales_lugares.csv;"La Florida";"tipo_precio reparado de dia a día"
178;sucursales_lugares.csv;"La Florida";"fecha_inicio_vigencia reparada de 13-04-25 a 2025-04-13"
178;sucursales_lugares.csv;"La Florida";"fecha_fin_vigencia reparada de 12-07-25 a 2025-07-12"
179;sucursales_lugares.csv;"La Florida";"tipo_precio reparado de dia a día"
179;sucursales_lugares.csv;"La Florida";"fecha_inicio_vigencia reparada de 19-06-24 a 2024-06-19"
179;sucursales_lugares.csv;"La Florida";"fecha_fin_vigencia reparada de 26-06-24 a 2024-06-26"
180;sucursales_lugares.csv;"La Florida";"tipo_precio reparado de dia a día"
180;sucursales_lugares.csv;"La Florida";"fecha_inicio_vigencia reparada de 16-07-24 a 2024-07-16"
180;sucursales_lugares.csv;"La Florida";"fecha_fin_vigencia reparada de 23-07-24 a 2024-07-23"
181;sucursales_lugares.csv;"La Florida";"tipo_precio reparado de dia a día"
181;sucursales_lugares.csv;"La Florida";"fecha_inicio_vigencia reparada de 13-04-25 a 2025-04-13"
181;sucursales_lugares.csv;"La Florida";"fecha_fin_vigencia reparada de 13-05-25 a 2025-05-13"
182;sucursales_lugares.csv;"La Florida";"tipo_precio reparado de dia a día"
182;sucursales_lugares.csv;"La Florida";"fecha_inicio_vigencia reparada de 06-10-25 a 2025-10-06"
182;sucursales_lugares.csv;"La Florida";"fecha_fin_vigencia reparada de 05-11-25 a 2025-11-05"
183;sucursales_lugares.csv;"La Florida";"tipo_precio reparado de dia a día"
183;sucursales_lugares.csv;"La Florida";"fecha_inicio_vigencia con formato incompleto o que no se pudo reparar, se reemplaza por nulo"
183;sucursales_lugares.csv;"La Florida";"fecha_fin_vigencia reparada de 06-05-25 a 2025-05-06"
184;sucursales_lugares.csv;"La Florida";"tipo_precio reparado de dia a día"
184;sucursales_lugares.csv;"La Florida";"fecha_inicio_vigencia reparada de 31-08-24 a 2024-08-31"
184;sucursales_lugares.csv;"La Florida";"fecha_fin_vigencia reparada de 30-09-24 a 2024-09-30"
185;sucursales_lugares.csv;"La Florida";"tipo_precio reparado de dia a día"
185;sucursales_lugares.csv;"La Florida";"fecha_inicio_vigencia reparada de 17-07-24 a 2024-07-17"
185;sucursales_lugares.csv;"La Florida";"fecha_fin_vigencia reparada de 15-09-24 a 2024-09-15"
186;sucursales_lugares.csv;"La Florida";"fecha_inicio_vigencia reparada de 29-07-25 a 2025-07-29"
186;sucursales_lugares.csv;"La Florida";"fecha_fin_vigencia reparada de 27-10-25 a 2025-10-27"
187;sucursales_lugares.csv;"La Florida";"fecha_inicio_vigencia reparada de 26-11-24 a 2024-11-26"
187;sucursales_lugares.csv;"La Florida";"fecha_fin_vigencia reparada de 03-12-24 a 2024-12-03"
188;sucursales_lugares.csv;"La Florida";"fecha_inicio_vigencia reparada de 09-03-24 a 2024-03-09"
188;sucursales_lugares.csv;"La Florida";"fecha_fin_vigencia reparada de 07-06-24 a 2024-06-07"
189;sucursales_lugares.csv;"La Florida";"fecha_inicio_vigencia reparada de 29-08-24 a 2024-08-29"
189;sucursales_lugares.csv;"La Florida";"fecha_fin_vigencia reparada de 28-09-24 a 2024-09-28"
190;sucursales_lugares.csv;"La Florida";"fecha_inicio_vigencia reparada de 18-02-24 a 2024-02-18"
190;sucursales_lugares.csv;"La Florida";"fecha_fin_vigencia reparada de 03-03-24 a 2024-03-03"
191;sucursales_lugares.csv;"La Florida";"fecha_inicio_vigencia reparada de 10-03-25 a 2025-03-10"
191;sucursales_lugares.csv;"La Florida";"fecha_fin_vigencia reparada de 17-03-25 a 2025-03-17"
192;sucursales_lugares.csv;"La Florida";"fecha_inicio_vigencia reparada de 18-03-25 a 2025-03-18"
192;sucursales_lugares.csv;"La Florida";"fecha_fin_vigencia reparada de 17-05-25 a 2025-05-17"
193;sucursales_lugares.csv;"La Florida";"fecha_inicio_vigencia reparada de 28-02-24 a 2024-02-28"
193;sucursales_lugares.csv;"La Florida";"fecha_fin_vigencia reparada de 06-03-24 a 2024-03-06"
194;sucursales_lugares.csv;"Santa Cruz";"tipo_precio tiene valor no permitido mesa_hora, se deja nulo."
194;sucursales_lugares.csv;"Santa Cruz";"fecha_inicio_vigencia reparada de 25-02-25 a 2025-02-25"
194;sucursales_lugares.csv;"Santa Cruz";"fecha_fin_vigencia reparada de 11-03-25 a 2025-03-11"
194;sucursales_lugares.csv;"Santa Cruz";"Fila enviada a ERR: precio es obligatorio y viene nulo."
195;sucursales_lugares.csv;"Santa Cruz";"tipo_precio tiene valor no permitido mesa_hora, se deja nulo."
195;sucursales_lugares.csv;"Santa Cruz";"fecha_inicio_vigencia reparada de 29-02-24 a 2024-02-29"
195;sucursales_lugares.csv;"Santa Cruz";"fecha_fin_vigencia reparada de 29-04-24 a 2024-04-29"
195;sucursales_lugares.csv;"Santa Cruz";"Fila enviada a ERR: precio es obligatorio y viene nulo."
196;sucursales_lugares.csv;"Santa Cruz";"tipo_precio tiene valor no permitido mesa_hora, se deja nulo."
196;sucursales_lugares.csv;"Santa Cruz";"fecha_inicio_vigencia reparada de 08-04-24 a 2024-04-08"
196;sucursales_lugares.csv;"Santa Cruz";"fecha_fin_vigencia reparada de 22-04-24 a 2024-04-22"
196;sucursales_lugares.csv;"Santa Cruz";"Fila enviada a ERR: precio es obligatorio y viene nulo."
197;sucursales_lugares.csv;"Santa Cruz";"tipo_precio tiene valor no permitido mesa_hora, se deja nulo."
197;sucursales_lugares.csv;"Santa Cruz";"fecha_inicio_vigencia reparada de 01-10-24 a 2024-10-01"
197;sucursales_lugares.csv;"Santa Cruz";"fecha_fin_vigencia reparada de 08-10-24 a 2024-10-08"
197;sucursales_lugares.csv;"Santa Cruz";"Fila enviada a ERR: precio es obligatorio y viene nulo."
198;sucursales_lugares.csv;"Santa Cruz";"tipo_precio tiene valor no permitido mesa_hora, se deja nulo."
198;sucursales_lugares.csv;"Santa Cruz";"fecha_inicio_vigencia reparada de 21-09-25 a 2025-09-21"
198;sucursales_lugares.csv;"Santa Cruz";"fecha_fin_vigencia reparada de 20-11-25 a 2025-11-20"
198;sucursales_lugares.csv;"Santa Cruz";"Fila enviada a ERR: precio es obligatorio y viene nulo."
199;sucursales_lugares.csv;"Santa Cruz";"tipo_precio tiene valor no permitido mesa_hora, se deja nulo."
199;sucursales_lugares.csv;"Santa Cruz";"fecha_inicio_vigencia reparada de 23-11-24 a 2024-11-23"
199;sucursales_lugares.csv;"Santa Cruz";"fecha_fin_vigencia reparada de 22-01-25 a 2025-01-22"
199;sucursales_lugares.csv;"Santa Cruz";"Fila enviada a ERR: precio es obligatorio y viene nulo."
200;sucursales_lugares.csv;"Santa Cruz";"tipo_precio tiene valor no permitido mesa_hora, se deja nulo."
200;sucursales_lugares.csv;"Santa Cruz";"fecha_inicio_vigencia con formato incompleto o que no se pudo reparar, se reemplaza por nulo"
200;sucursales_lugares.csv;"Santa Cruz";"fecha_fin_vigencia reparada de 07-05-25 a 2025-05-07"
200;sucursales_lugares.csv;"Santa Cruz";"Fila enviada a ERR: precio debe ser un numero."
201;sucursales_lugares.csv;"Santa Cruz";"tipo_precio tiene valor no permitido mesa_hora, se deja nulo."
201;sucursales_lugares.csv;"Santa Cruz";"fecha_inicio_vigencia reparada de 08-02-24 a 2024-02-08"
201;sucursales_lugares.csv;"Santa Cruz";"fecha_fin_vigencia reparada de 15-02-24 a 2024-02-15"
201;sucursales_lugares.csv;"Santa Cruz";"Fila enviada a ERR: precio es obligatorio y viene nulo."
202;sucursales_lugares.csv;"Santa Cruz";"tipo_precio tiene valor no permitido mesa_hora, se deja nulo."
202;sucursales_lugares.csv;"Santa Cruz";"fecha_inicio_vigencia reparada de 26-07-25 a 2025-07-26"
202;sucursales_lugares.csv;"Santa Cruz";"fecha_fin_vigencia reparada de 02-08-25 a 2025-08-02"
202;sucursales_lugares.csv;"Santa Cruz";"Fila enviada a ERR: precio es obligatorio y viene nulo."
203;sucursales_lugares.csv;"Santa Cruz";"tipo_precio tiene valor no permitido mesa_hora, se deja nulo."
203;sucursales_lugares.csv;"Santa Cruz";"fecha_inicio_vigencia reparada de 02-11-25 a 2025-11-02"
203;sucursales_lugares.csv;"Santa Cruz";"fecha_fin_vigencia reparada de 02-12-25 a 2025-12-02"
203;sucursales_lugares.csv;"Santa Cruz";"Fila enviada a ERR: precio es obligatorio y viene nulo."
204;sucursales_lugares.csv;"Santa Cruz";"tipo_precio tiene valor no permitido mesa_hora, se deja nulo."
204;sucursales_lugares.csv;"Santa Cruz";"fecha_inicio_vigencia reparada de 02-10-24 a 2024-10-02"
204;sucursales_lugares.csv;"Santa Cruz";"fecha_fin_vigencia reparada de 16-10-24 a 2024-10-16"
204;sucursales_lugares.csv;"Santa Cruz";"Fila enviada a ERR: precio debe ser un numero."
205;sucursales_lugares.csv;"Santa Cruz";"tipo_precio tiene valor no permitido mesa_hora, se deja nulo."
205;sucursales_lugares.csv;"Santa Cruz";"fecha_inicio_vigencia reparada de 29-02-24 a 2024-02-29"
205;sucursales_lugares.csv;"Santa Cruz";"fecha_fin_vigencia reparada de 29-04-24 a 2024-04-29"
205;sucursales_lugares.csv;"Santa Cruz";"Fila enviada a ERR: precio debe ser un numero."
206;sucursales_lugares.csv;"Santa Cruz";"tipo_precio tiene valor no permitido mesa_hora, se deja nulo."
206;sucursales_lugares.csv;"Santa Cruz";"fecha_inicio_vigencia reparada de 30-11-25 a 2025-11-30"
206;sucursales_lugares.csv;"Santa Cruz";"fecha_fin_vigencia reparada de 28-02-26 a 2026-02-28"
206;sucursales_lugares.csv;"Santa Cruz";"Fila enviada a ERR: precio es obligatorio y viene nulo."
207;sucursales_lugares.csv;"Santa Cruz";"tipo_precio tiene valor no permitido mesa_hora, se deja nulo."
207;sucursales_lugares.csv;"Santa Cruz";"fecha_inicio_vigencia reparada de 18-06-25 a 2025-06-18"
207;sucursales_lugares.csv;"Santa Cruz";"fecha_fin_vigencia reparada de 18-07-25 a 2025-07-18"
207;sucursales_lugares.csv;"Santa Cruz";"Fila enviada a ERR: precio es obligatorio y viene nulo."
208;sucursales_lugares.csv;"Santa Cruz";"tipo_precio tiene valor no permitido mesa_hora, se deja nulo."
208;sucursales_lugares.csv;"Santa Cruz";"fecha_inicio_vigencia reparada de 11-02-25 a 2025-02-11"
208;sucursales_lugares.csv;"Santa Cruz";"fecha_fin_vigencia reparada de 12-05-25 a 2025-05-12"
208;sucursales_lugares.csv;"Santa Cruz";"Fila enviada a ERR: precio es obligatorio y viene nulo."
209;sucursales_lugares.csv;"Santa Cruz";"tipo_precio tiene valor no permitido mesa_hora, se deja nulo."
209;sucursales_lugares.csv;"Santa Cruz";"fecha_inicio_vigencia reparada de 05-04-24 a 2024-04-05"
209;sucursales_lugares.csv;"Santa Cruz";"fecha_fin_vigencia reparada de 05-05-24 a 2024-05-05"
209;sucursales_lugares.csv;"Santa Cruz";"Fila enviada a ERR: precio es obligatorio y viene nulo."
210;sucursales_lugares.csv;"Santa Cruz";"tipo_precio tiene valor no permitido linea_hora, se deja nulo."
210;sucursales_lugares.csv;"Santa Cruz";"fecha_inicio_vigencia reparada de 02-01-25 a 2025-01-02"
210;sucursales_lugares.csv;"Santa Cruz";"fecha_fin_vigencia reparada de 03-03-25 a 2025-03-03"
211;sucursales_lugares.csv;"Santa Cruz";"tipo_precio tiene valor no permitido linea_hora, se deja nulo."
211;sucursales_lugares.csv;"Santa Cruz";"fecha_inicio_vigencia reparada de 26-05-24 a 2024-05-26"
211;sucursales_lugares.csv;"Santa Cruz";"fecha_fin_vigencia reparada de 25-06-24 a 2024-06-25"
212;sucursales_lugares.csv;"Santa Cruz";"tipo_precio tiene valor no permitido linea_hora, se deja nulo."
212;sucursales_lugares.csv;"Santa Cruz";"fecha_inicio_vigencia reparada de 25-05-24 a 2024-05-25"
212;sucursales_lugares.csv;"Santa Cruz";"fecha_fin_vigencia reparada de 08-06-24 a 2024-06-08"
213;sucursales_lugares.csv;"Santa Cruz";"tipo_precio tiene valor no permitido linea_hora, se deja nulo."
213;sucursales_lugares.csv;"Santa Cruz";"fecha_inicio_vigencia reparada de 16-01-24 a 2024-01-16"
213;sucursales_lugares.csv;"Santa Cruz";"fecha_fin_vigencia reparada de 16-03-24 a 2024-03-16"
214;sucursales_lugares.csv;"Santa Cruz";"tipo_precio tiene valor no permitido linea_hora, se deja nulo."
214;sucursales_lugares.csv;"Santa Cruz";"fecha_inicio_vigencia reparada de 01-01-25 a 2025-01-01"
214;sucursales_lugares.csv;"Santa Cruz";"fecha_fin_vigencia reparada de 08-01-25 a 2025-01-08"
215;sucursales_lugares.csv;"Santa Cruz";"tipo_precio tiene valor no permitido linea_hora, se deja nulo."
215;sucursales_lugares.csv;"Santa Cruz";"fecha_inicio_vigencia reparada de 11-12-24 a 2024-12-11"
215;sucursales_lugares.csv;"Santa Cruz";"fecha_fin_vigencia reparada de 18-12-24 a 2024-12-18"
216;sucursales_lugares.csv;"Santa Cruz";"tipo_precio tiene valor no permitido linea_hora, se deja nulo."
216;sucursales_lugares.csv;"Santa Cruz";"fecha_inicio_vigencia reparada de 17-12-24 a 2024-12-17"
216;sucursales_lugares.csv;"Santa Cruz";"fecha_fin_vigencia reparada de 24-12-24 a 2024-12-24"
217;sucursales_lugares.csv;"Santa Cruz";"tipo_precio tiene valor no permitido linea_hora, se deja nulo."
217;sucursales_lugares.csv;"Santa Cruz";"fecha_inicio_vigencia reparada de 18-07-25 a 2025-07-18"
217;sucursales_lugares.csv;"Santa Cruz";"fecha_fin_vigencia reparada de 17-08-25 a 2025-08-17"
218;sucursales_lugares.csv;"Santa Cruz";"tipo_precio tiene valor no permitido linea_hora, se deja nulo."
218;sucursales_lugares.csv;"Santa Cruz";"fecha_inicio_vigencia con formato incompleto o que no se pudo reparar, se reemplaza por nulo"
218;sucursales_lugares.csv;"Santa Cruz";"fecha_fin_vigencia reparada de 18-02-24 a 2024-02-18"
219;sucursales_lugares.csv;"Santa Cruz";"tipo_precio tiene valor no permitido linea_hora, se deja nulo."
219;sucursales_lugares.csv;"Santa Cruz";"fecha_inicio_vigencia reparada de 17-12-24 a 2024-12-17"
219;sucursales_lugares.csv;"Santa Cruz";"fecha_fin_vigencia reparada de 17-03-25 a 2025-03-17"
220;sucursales_lugares.csv;"Santa Cruz";"tipo_precio tiene valor no permitido linea_hora, se deja nulo."
220;sucursales_lugares.csv;"Santa Cruz";"fecha_inicio_vigencia reparada de 09-01-24 a 2024-01-09"
220;sucursales_lugares.csv;"Santa Cruz";"fecha_fin_vigencia reparada de 16-01-24 a 2024-01-16"
221;sucursales_lugares.csv;"Santa Cruz";"tipo_precio tiene valor no permitido linea_hora, se deja nulo."
221;sucursales_lugares.csv;"Santa Cruz";"fecha_inicio_vigencia reparada de 20-10-24 a 2024-10-20"
221;sucursales_lugares.csv;"Santa Cruz";"fecha_fin_vigencia reparada de 03-11-24 a 2024-11-03"
222;sucursales_lugares.csv;"Santa Cruz";"tipo_precio tiene valor no permitido linea_hora, se deja nulo."
222;sucursales_lugares.csv;"Santa Cruz";"fecha_inicio_vigencia reparada de 04-01-24 a 2024-01-04"
222;sucursales_lugares.csv;"Santa Cruz";"fecha_fin_vigencia reparada de 11-01-24 a 2024-01-11"
223;sucursales_lugares.csv;"Santa Cruz";"tipo_precio tiene valor no permitido linea_hora, se deja nulo."
223;sucursales_lugares.csv;"Santa Cruz";"fecha_inicio_vigencia reparada de 15-10-25 a 2025-10-15"
223;sucursales_lugares.csv;"Santa Cruz";"fecha_fin_vigencia reparada de 13-01-26 a 2026-01-13"
224;sucursales_lugares.csv;"Santa Cruz";"tipo_precio tiene valor no permitido linea_hora, se deja nulo."
224;sucursales_lugares.csv;"Santa Cruz";"fecha_inicio_vigencia reparada de 07-11-25 a 2025-11-07"
224;sucursales_lugares.csv;"Santa Cruz";"fecha_fin_vigencia reparada de 21-11-25 a 2025-11-21"
224;sucursales_lugares.csv;"Santa Cruz";"Fila enviada a ERR: precio debe ser un numero."
225;sucursales_lugares.csv;"Santa Cruz";"tipo_precio tiene valor no permitido linea_hora, se deja nulo."
225;sucursales_lugares.csv;"Santa Cruz";"fecha_inicio_vigencia reparada de 06-10-24 a 2024-10-06"
225;sucursales_lugares.csv;"Santa Cruz";"fecha_fin_vigencia reparada de 13-10-24 a 2024-10-13"
226;sucursales_lugares.csv;"Santa Cruz";"tipo_precio reparado de dia a día"
226;sucursales_lugares.csv;"Santa Cruz";"fecha_inicio_vigencia reparada de 01-05-24 a 2024-05-01"
226;sucursales_lugares.csv;"Santa Cruz";"fecha_fin_vigencia reparada de 30-06-24 a 2024-06-30"
227;sucursales_lugares.csv;"Santa Cruz";"tipo_precio tiene valor no permitido tramo, se deja nulo."
227;sucursales_lugares.csv;"Santa Cruz";"fecha_inicio_vigencia reparada de 14-07-24 a 2024-07-14"
227;sucursales_lugares.csv;"Santa Cruz";"fecha_fin_vigencia reparada de 12-10-24 a 2024-10-12"
228;sucursales_lugares.csv;"Santa Cruz";"tipo_precio tiene valor no permitido tramo, se deja nulo."
228;sucursales_lugares.csv;"Santa Cruz";"fecha_inicio_vigencia reparada de 23-08-24 a 2024-08-23"
228;sucursales_lugares.csv;"Santa Cruz";"fecha_fin_vigencia reparada de 06-09-24 a 2024-09-06"
229;sucursales_lugares.csv;"Santa Cruz";"tipo_precio reparado de dia a día"
229;sucursales_lugares.csv;"Santa Cruz";"fecha_inicio_vigencia reparada de 22-11-24 a 2024-11-22"
229;sucursales_lugares.csv;"Santa Cruz";"fecha_fin_vigencia reparada de 06-12-24 a 2024-12-06"
230;sucursales_lugares.csv;"Santa Cruz";"tipo_precio reparado de dia a día"
230;sucursales_lugares.csv;"Santa Cruz";"fecha_inicio_vigencia reparada de 28-10-24 a 2024-10-28"
230;sucursales_lugares.csv;"Santa Cruz";"fecha_fin_vigencia reparada de 11-11-24 a 2024-11-11"
231;sucursales_lugares.csv;"Santa Cruz";"tipo_precio reparado de dia a día"
231;sucursales_lugares.csv;"Santa Cruz";"fecha_inicio_vigencia reparada de 13-11-25 a 2025-11-13"
231;sucursales_lugares.csv;"Santa Cruz";"fecha_fin_vigencia reparada de 12-01-26 a 2026-01-12"
232;sucursales_lugares.csv;"Santa Cruz";"tipo_precio reparado de dia a día"
232;sucursales_lugares.csv;"Santa Cruz";"fecha_inicio_vigencia reparada de 28-01-25 a 2025-01-28"
232;sucursales_lugares.csv;"Santa Cruz";"fecha_fin_vigencia reparada de 28-04-25 a 2025-04-28"
233;sucursales_lugares.csv;"Santa Cruz";"tipo_precio reparado de dia a día"
233;sucursales_lugares.csv;"Santa Cruz";"fecha_inicio_vigencia reparada de 29-01-24 a 2024-01-29"
233;sucursales_lugares.csv;"Santa Cruz";"fecha_fin_vigencia reparada de 28-04-24 a 2024-04-28"
234;sucursales_lugares.csv;"Santa Cruz";"tipo_precio reparado de dia a día"
234;sucursales_lugares.csv;"Santa Cruz";"fecha_inicio_vigencia con formato incompleto o que no se pudo reparar, se reemplaza por nulo"
234;sucursales_lugares.csv;"Santa Cruz";"fecha_fin_vigencia reparada de 08-01-25 a 2025-01-08"
234;sucursales_lugares.csv;"Santa Cruz";"Fila enviada a ERR: precio debe ser un numero."
235;sucursales_lugares.csv;"Santa Cruz";"tipo_precio reparado de dia a día"
235;sucursales_lugares.csv;"Santa Cruz";"fecha_inicio_vigencia reparada de 18-08-24 a 2024-08-18"
235;sucursales_lugares.csv;"Santa Cruz";"fecha_fin_vigencia reparada de 01-09-24 a 2024-09-01"
236;sucursales_lugares.csv;"Santa Cruz";"tipo_precio reparado de dia a día"
236;sucursales_lugares.csv;"Santa Cruz";"fecha_inicio_vigencia reparada de 22-05-24 a 2024-05-22"
236;sucursales_lugares.csv;"Santa Cruz";"fecha_fin_vigencia reparada de 21-07-24 a 2024-07-21"
237;sucursales_lugares.csv;"Santa Cruz";"tipo_precio reparado de dia a día"
237;sucursales_lugares.csv;"Santa Cruz";"fecha_inicio_vigencia reparada de 27-08-24 a 2024-08-27"
237;sucursales_lugares.csv;"Santa Cruz";"fecha_fin_vigencia reparada de 25-11-24 a 2024-11-25"
238;sucursales_lugares.csv;"Santa Cruz";"tipo_precio reparado de dia a día"
238;sucursales_lugares.csv;"Santa Cruz";"fecha_inicio_vigencia reparada de 13-12-24 a 2024-12-13"
238;sucursales_lugares.csv;"Santa Cruz";"fecha_fin_vigencia reparada de 13-03-25 a 2025-03-13"
239;sucursales_lugares.csv;"Santa Cruz";"tipo_precio reparado de dia a día"
239;sucursales_lugares.csv;"Santa Cruz";"fecha_inicio_vigencia reparada de 06-10-24 a 2024-10-06"
239;sucursales_lugares.csv;"Santa Cruz";"fecha_fin_vigencia reparada de 05-12-24 a 2024-12-05"
240;sucursales_lugares.csv;"Santa Cruz";"tipo_precio reparado de dia a día"
240;sucursales_lugares.csv;"Santa Cruz";"fecha_inicio_vigencia reparada de 03-10-25 a 2025-10-03"
240;sucursales_lugares.csv;"Santa Cruz";"fecha_fin_vigencia reparada de 01-01-26 a 2026-01-01"
241;sucursales_lugares.csv;"Santa Cruz";"tipo_precio reparado de dia a día"
241;sucursales_lugares.csv;"Santa Cruz";"fecha_inicio_vigencia reparada de 09-06-25 a 2025-06-09"
241;sucursales_lugares.csv;"Santa Cruz";"fecha_fin_vigencia reparada de 23-06-25 a 2025-06-23"
242;sucursales_lugares.csv;"Santa Cruz";"tipo_precio reparado de dia a día"
242;sucursales_lugares.csv;"Santa Cruz";"fecha_inicio_vigencia reparada de 08-09-24 a 2024-09-08"
242;sucursales_lugares.csv;"Santa Cruz";"fecha_fin_vigencia reparada de 07-11-24 a 2024-11-07"
243;sucursales_lugares.csv;"Santa Cruz";"tipo_precio reparado de dia a día"
243;sucursales_lugares.csv;"Santa Cruz";"fecha_inicio_vigencia reparada de 11-05-25 a 2025-05-11"
243;sucursales_lugares.csv;"Santa Cruz";"fecha_fin_vigencia reparada de 25-05-25 a 2025-05-25"
244;sucursales_lugares.csv;"Santa Cruz";"tipo_precio reparado de dia a día"
244;sucursales_lugares.csv;"Santa Cruz";"fecha_inicio_vigencia con formato incompleto o que no se pudo reparar, se reemplaza por nulo"
244;sucursales_lugares.csv;"Santa Cruz";"fecha_fin_vigencia reparada de 27-12-25 a 2025-12-27"
245;sucursales_lugares.csv;"Santa Cruz";"tipo_precio reparado de dia a día"
245;sucursales_lugares.csv;"Santa Cruz";"fecha_inicio_vigencia reparada de 26-09-24 a 2024-09-26"
245;sucursales_lugares.csv;"Santa Cruz";"fecha_fin_vigencia reparada de 03-10-24 a 2024-10-03"
246;sucursales_lugares.csv;"Santa Cruz";"tipo_precio reparado de dia a día"
246;sucursales_lugares.csv;"Santa Cruz";"fecha_inicio_vigencia con formato incompleto o que no se pudo reparar, se reemplaza por nulo"
246;sucursales_lugares.csv;"Santa Cruz";"fecha_fin_vigencia reparada de 04-07-24 a 2024-07-04"
247;sucursales_lugares.csv;"Santa Cruz";"tipo_precio reparado de dia a día"
247;sucursales_lugares.csv;"Santa Cruz";"fecha_inicio_vigencia reparada de 22-12-24 a 2024-12-22"
247;sucursales_lugares.csv;"Santa Cruz";"fecha_fin_vigencia reparada de 22-03-25 a 2025-03-22"
248;sucursales_lugares.csv;"Santa Cruz";"tipo_precio reparado de dia a día"
248;sucursales_lugares.csv;"Santa Cruz";"fecha_inicio_vigencia reparada de 11-02-25 a 2025-02-11"
248;sucursales_lugares.csv;"Santa Cruz";"fecha_fin_vigencia reparada de 12-05-25 a 2025-05-12"
249;sucursales_lugares.csv;"Santa Cruz";"tipo_precio reparado de dia a día"
249;sucursales_lugares.csv;"Santa Cruz";"fecha_inicio_vigencia reparada de 30-06-24 a 2024-06-30"
249;sucursales_lugares.csv;"Santa Cruz";"fecha_fin_vigencia reparada de 07-07-24 a 2024-07-07"
250;sucursales_lugares.csv;"Santa Cruz";"fecha_inicio_vigencia reparada de 14-05-25 a 2025-05-14"
250;sucursales_lugares.csv;"Santa Cruz";"fecha_fin_vigencia reparada de 28-05-25 a 2025-05-28"
251;sucursales_lugares.csv;"Santa Cruz";"fecha_inicio_vigencia reparada de 21-09-24 a 2024-09-21"
251;sucursales_lugares.csv;"Santa Cruz";"fecha_fin_vigencia reparada de 05-10-24 a 2024-10-05"
252;sucursales_lugares.csv;"Santa Cruz";"fecha_inicio_vigencia reparada de 17-04-25 a 2025-04-17"
252;sucursales_lugares.csv;"Santa Cruz";"fecha_fin_vigencia reparada de 24-04-25 a 2025-04-24"
253;sucursales_lugares.csv;"Santa Cruz";"fecha_inicio_vigencia reparada de 19-09-24 a 2024-09-19"
253;sucursales_lugares.csv;"Santa Cruz";"fecha_fin_vigencia reparada de 19-10-24 a 2024-10-19"
254;sucursales_lugares.csv;"Santa Cruz";"fecha_inicio_vigencia reparada de 08-04-25 a 2025-04-08"
254;sucursales_lugares.csv;"Santa Cruz";"fecha_fin_vigencia reparada de 07-07-25 a 2025-07-07"
255;sucursales_lugares.csv;"Santa Cruz";"fecha_inicio_vigencia reparada de 26-04-24 a 2024-04-26"
255;sucursales_lugares.csv;"Santa Cruz";"fecha_fin_vigencia reparada de 03-05-24 a 2024-05-03"
256;sucursales_lugares.csv;"Santa Cruz";"fecha_inicio_vigencia reparada de 17-04-24 a 2024-04-17"
256;sucursales_lugares.csv;"Santa Cruz";"fecha_fin_vigencia reparada de 01-05-24 a 2024-05-01"
257;sucursales_lugares.csv;"Santa Cruz";"fecha_inicio_vigencia con formato incompleto o que no se pudo reparar, se reemplaza por nulo"
257;sucursales_lugares.csv;"Santa Cruz";"fecha_fin_vigencia reparada de 19-02-25 a 2025-02-19"
258;sucursales_lugares.csv;"Santiago Centro";"tipo_precio tiene valor no permitido mesa_hora, se deja nulo."
258;sucursales_lugares.csv;"Santiago Centro";"fecha_inicio_vigencia reparada de 02-08-24 a 2024-08-02"
258;sucursales_lugares.csv;"Santiago Centro";"fecha_fin_vigencia reparada de 31-10-24 a 2024-10-31"
258;sucursales_lugares.csv;"Santiago Centro";"Fila enviada a ERR: precio es obligatorio y viene nulo."
259;sucursales_lugares.csv;"Santiago Centro";"tipo_precio tiene valor no permitido mesa_hora, se deja nulo."
259;sucursales_lugares.csv;"Santiago Centro";"fecha_inicio_vigencia reparada de 11-05-25 a 2025-05-11"
259;sucursales_lugares.csv;"Santiago Centro";"fecha_fin_vigencia reparada de 18-05-25 a 2025-05-18"
259;sucursales_lugares.csv;"Santiago Centro";"Fila enviada a ERR: precio es obligatorio y viene nulo."
260;sucursales_lugares.csv;"Santiago Centro";"tipo_precio tiene valor no permitido mesa_hora, se deja nulo."
260;sucursales_lugares.csv;"Santiago Centro";"fecha_inicio_vigencia reparada de 10-05-24 a 2024-05-10"
260;sucursales_lugares.csv;"Santiago Centro";"fecha_fin_vigencia reparada de 24-05-24 a 2024-05-24"
260;sucursales_lugares.csv;"Santiago Centro";"Fila enviada a ERR: precio es obligatorio y viene nulo."
261;sucursales_lugares.csv;"Santiago Centro";"tipo_precio tiene valor no permitido mesa_hora, se deja nulo."
261;sucursales_lugares.csv;"Santiago Centro";"fecha_inicio_vigencia reparada de 08-02-25 a 2025-02-08"
261;sucursales_lugares.csv;"Santiago Centro";"fecha_fin_vigencia reparada de 09-04-25 a 2025-04-09"
261;sucursales_lugares.csv;"Santiago Centro";"Fila enviada a ERR: precio es obligatorio y viene nulo."
262;sucursales_lugares.csv;"Santiago Centro";"tipo_precio tiene valor no permitido mesa_hora, se deja nulo."
262;sucursales_lugares.csv;"Santiago Centro";"fecha_inicio_vigencia reparada de 06-04-24 a 2024-04-06"
262;sucursales_lugares.csv;"Santiago Centro";"fecha_fin_vigencia reparada de 13-04-24 a 2024-04-13"
262;sucursales_lugares.csv;"Santiago Centro";"Fila enviada a ERR: precio es obligatorio y viene nulo."
263;sucursales_lugares.csv;"Santiago Centro";"tipo_precio tiene valor no permitido mesa_hora, se deja nulo."
263;sucursales_lugares.csv;"Santiago Centro";"fecha_inicio_vigencia reparada de 21-10-24 a 2024-10-21"
263;sucursales_lugares.csv;"Santiago Centro";"fecha_fin_vigencia reparada de 28-10-24 a 2024-10-28"
263;sucursales_lugares.csv;"Santiago Centro";"Fila enviada a ERR: precio es obligatorio y viene nulo."
264;sucursales_lugares.csv;"Santiago Centro";"tipo_precio tiene valor no permitido mesa_hora, se deja nulo."
264;sucursales_lugares.csv;"Santiago Centro";"fecha_inicio_vigencia reparada de 28-11-25 a 2025-11-28"
264;sucursales_lugares.csv;"Santiago Centro";"fecha_fin_vigencia reparada de 12-12-25 a 2025-12-12"
264;sucursales_lugares.csv;"Santiago Centro";"Fila enviada a ERR: precio es obligatorio y viene nulo."
265;sucursales_lugares.csv;"Santiago Centro";"tipo_precio tiene valor no permitido mesa_hora, se deja nulo."
265;sucursales_lugares.csv;"Santiago Centro";"fecha_inicio_vigencia con formato incompleto o que no se pudo reparar, se reemplaza por nulo"
265;sucursales_lugares.csv;"Santiago Centro";"fecha_fin_vigencia reparada de 19-05-24 a 2024-05-19"
265;sucursales_lugares.csv;"Santiago Centro";"Fila enviada a ERR: precio es obligatorio y viene nulo."
266;sucursales_lugares.csv;"Santiago Centro";"tipo_precio tiene valor no permitido mesa_hora, se deja nulo."
266;sucursales_lugares.csv;"Santiago Centro";"fecha_inicio_vigencia reparada de 08-10-25 a 2025-10-08"
266;sucursales_lugares.csv;"Santiago Centro";"fecha_fin_vigencia reparada de 06-01-26 a 2026-01-06"
266;sucursales_lugares.csv;"Santiago Centro";"Fila enviada a ERR: precio es obligatorio y viene nulo."
267;sucursales_lugares.csv;"Santiago Centro";"tipo_precio tiene valor no permitido mesa_hora, se deja nulo."
267;sucursales_lugares.csv;"Santiago Centro";"fecha_inicio_vigencia reparada de 01-02-24 a 2024-02-01"
267;sucursales_lugares.csv;"Santiago Centro";"fecha_fin_vigencia reparada de 08-02-24 a 2024-02-08"
267;sucursales_lugares.csv;"Santiago Centro";"Fila enviada a ERR: precio es obligatorio y viene nulo."
268;sucursales_lugares.csv;"Santiago Centro";"tipo_precio tiene valor no permitido mesa_hora, se deja nulo."
268;sucursales_lugares.csv;"Santiago Centro";"fecha_inicio_vigencia reparada de 22-03-24 a 2024-03-22"
268;sucursales_lugares.csv;"Santiago Centro";"fecha_fin_vigencia reparada de 21-04-24 a 2024-04-21"
268;sucursales_lugares.csv;"Santiago Centro";"Fila enviada a ERR: precio es obligatorio y viene nulo."
269;sucursales_lugares.csv;"Santiago Centro";"tipo_precio tiene valor no permitido mesa_hora, se deja nulo."
269;sucursales_lugares.csv;"Santiago Centro";"fecha_inicio_vigencia reparada de 21-02-25 a 2025-02-21"
269;sucursales_lugares.csv;"Santiago Centro";"fecha_fin_vigencia reparada de 07-03-25 a 2025-03-07"
269;sucursales_lugares.csv;"Santiago Centro";"Fila enviada a ERR: precio es obligatorio y viene nulo."
270;sucursales_lugares.csv;"Santiago Centro";"tipo_precio tiene valor no permitido mesa_hora, se deja nulo."
270;sucursales_lugares.csv;"Santiago Centro";"fecha_inicio_vigencia reparada de 17-08-25 a 2025-08-17"
270;sucursales_lugares.csv;"Santiago Centro";"fecha_fin_vigencia reparada de 15-11-25 a 2025-11-15"
270;sucursales_lugares.csv;"Santiago Centro";"Fila enviada a ERR: precio es obligatorio y viene nulo."
271;sucursales_lugares.csv;"Santiago Centro";"tipo_precio tiene valor no permitido mesa_hora, se deja nulo."
271;sucursales_lugares.csv;"Santiago Centro";"fecha_inicio_vigencia reparada de 01-02-25 a 2025-02-01"
271;sucursales_lugares.csv;"Santiago Centro";"fecha_fin_vigencia reparada de 15-02-25 a 2025-02-15"
271;sucursales_lugares.csv;"Santiago Centro";"Fila enviada a ERR: precio es obligatorio y viene nulo."
272;sucursales_lugares.csv;"Santiago Centro";"tipo_precio tiene valor no permitido mesa_hora, se deja nulo."
272;sucursales_lugares.csv;"Santiago Centro";"fecha_inicio_vigencia reparada de 24-06-24 a 2024-06-24"
272;sucursales_lugares.csv;"Santiago Centro";"fecha_fin_vigencia reparada de 23-08-24 a 2024-08-23"
272;sucursales_lugares.csv;"Santiago Centro";"Fila enviada a ERR: precio es obligatorio y viene nulo."
273;sucursales_lugares.csv;"Santiago Centro";"tipo_precio tiene valor no permitido mesa_hora, se deja nulo."
273;sucursales_lugares.csv;"Santiago Centro";"fecha_inicio_vigencia reparada de 16-10-25 a 2025-10-16"
273;sucursales_lugares.csv;"Santiago Centro";"fecha_fin_vigencia reparada de 14-01-26 a 2026-01-14"
273;sucursales_lugares.csv;"Santiago Centro";"Fila enviada a ERR: precio es obligatorio y viene nulo."
274;sucursales_lugares.csv;"Santiago Centro";"tipo_precio tiene valor no permitido linea_hora, se deja nulo."
274;sucursales_lugares.csv;"Santiago Centro";"fecha_inicio_vigencia reparada de 11-11-24 a 2024-11-11"
274;sucursales_lugares.csv;"Santiago Centro";"fecha_fin_vigencia reparada de 11-12-24 a 2024-12-11"
275;sucursales_lugares.csv;"Santiago Centro";"tipo_precio tiene valor no permitido linea_hora, se deja nulo."
275;sucursales_lugares.csv;"Santiago Centro";"fecha_inicio_vigencia reparada de 03-02-25 a 2025-02-03"
275;sucursales_lugares.csv;"Santiago Centro";"fecha_fin_vigencia reparada de 10-02-25 a 2025-02-10"
276;sucursales_lugares.csv;"Santiago Centro";"tipo_precio tiene valor no permitido linea_hora, se deja nulo."
276;sucursales_lugares.csv;"Santiago Centro";"fecha_inicio_vigencia reparada de 26-01-24 a 2024-01-26"
276;sucursales_lugares.csv;"Santiago Centro";"fecha_fin_vigencia reparada de 02-02-24 a 2024-02-02"
277;sucursales_lugares.csv;"Santiago Centro";"tipo_precio tiene valor no permitido linea_hora, se deja nulo."
277;sucursales_lugares.csv;"Santiago Centro";"fecha_inicio_vigencia reparada de 20-04-25 a 2025-04-20"
277;sucursales_lugares.csv;"Santiago Centro";"fecha_fin_vigencia reparada de 19-07-25 a 2025-07-19"
278;sucursales_lugares.csv;"Santiago Centro";"tipo_precio tiene valor no permitido linea_hora, se deja nulo."
278;sucursales_lugares.csv;"Santiago Centro";"fecha_inicio_vigencia reparada de 04-02-25 a 2025-02-04"
278;sucursales_lugares.csv;"Santiago Centro";"fecha_fin_vigencia reparada de 05-05-25 a 2025-05-05"
278;sucursales_lugares.csv;"Santiago Centro";"Fila enviada a ERR: precio debe ser un numero."
279;sucursales_lugares.csv;"Santiago Centro";"tipo_precio tiene valor no permitido linea_hora, se deja nulo."
279;sucursales_lugares.csv;"Santiago Centro";"fecha_inicio_vigencia reparada de 05-04-24 a 2024-04-05"
279;sucursales_lugares.csv;"Santiago Centro";"fecha_fin_vigencia reparada de 05-05-24 a 2024-05-05"
280;sucursales_lugares.csv;"Santiago Centro";"tipo_precio tiene valor no permitido linea_hora, se deja nulo."
280;sucursales_lugares.csv;"Santiago Centro";"fecha_inicio_vigencia reparada de 19-08-25 a 2025-08-19"
280;sucursales_lugares.csv;"Santiago Centro";"fecha_fin_vigencia reparada de 18-10-25 a 2025-10-18"
281;sucursales_lugares.csv;"Santiago Centro";"tipo_precio tiene valor no permitido linea_hora, se deja nulo."
281;sucursales_lugares.csv;"Santiago Centro";"fecha_inicio_vigencia reparada de 02-05-25 a 2025-05-02"
281;sucursales_lugares.csv;"Santiago Centro";"fecha_fin_vigencia reparada de 31-07-25 a 2025-07-31"
281;sucursales_lugares.csv;"Santiago Centro";"Fila enviada a ERR: precio debe ser un numero."
282;sucursales_lugares.csv;"Santiago Centro";"tipo_precio tiene valor no permitido linea_hora, se deja nulo."
282;sucursales_lugares.csv;"Santiago Centro";"fecha_inicio_vigencia reparada de 25-05-24 a 2024-05-25"
282;sucursales_lugares.csv;"Santiago Centro";"fecha_fin_vigencia reparada de 01-06-24 a 2024-06-01"
283;sucursales_lugares.csv;"Santiago Centro";"tipo_precio tiene valor no permitido linea_hora, se deja nulo."
283;sucursales_lugares.csv;"Santiago Centro";"fecha_inicio_vigencia reparada de 14-10-25 a 2025-10-14"
283;sucursales_lugares.csv;"Santiago Centro";"fecha_fin_vigencia reparada de 21-10-25 a 2025-10-21"
284;sucursales_lugares.csv;"Santiago Centro";"tipo_precio tiene valor no permitido linea_hora, se deja nulo."
284;sucursales_lugares.csv;"Santiago Centro";"fecha_inicio_vigencia reparada de 17-07-24 a 2024-07-17"
284;sucursales_lugares.csv;"Santiago Centro";"fecha_fin_vigencia reparada de 31-07-24 a 2024-07-31"
285;sucursales_lugares.csv;"Santiago Centro";"tipo_precio tiene valor no permitido linea_hora, se deja nulo."
285;sucursales_lugares.csv;"Santiago Centro";"fecha_inicio_vigencia con formato incompleto o que no se pudo reparar, se reemplaza por nulo"
285;sucursales_lugares.csv;"Santiago Centro";"fecha_fin_vigencia reparada de 16-01-25 a 2025-01-16"
285;sucursales_lugares.csv;"Santiago Centro";"Fila enviada a ERR: precio debe ser un numero."
286;sucursales_lugares.csv;"Santiago Centro";"tipo_precio tiene valor no permitido linea_hora, se deja nulo."
286;sucursales_lugares.csv;"Santiago Centro";"fecha_inicio_vigencia reparada de 26-04-24 a 2024-04-26"
286;sucursales_lugares.csv;"Santiago Centro";"fecha_fin_vigencia reparada de 03-05-24 a 2024-05-03"
287;sucursales_lugares.csv;"Santiago Centro";"tipo_precio tiene valor no permitido linea_hora, se deja nulo."
287;sucursales_lugares.csv;"Santiago Centro";"fecha_inicio_vigencia reparada de 05-10-24 a 2024-10-05"
287;sucursales_lugares.csv;"Santiago Centro";"fecha_fin_vigencia reparada de 12-10-24 a 2024-10-12"
287;sucursales_lugares.csv;"Santiago Centro";"Fila enviada a ERR: precio debe ser un numero."
288;sucursales_lugares.csv;"Santiago Centro";"tipo_precio tiene valor no permitido linea_hora, se deja nulo."
288;sucursales_lugares.csv;"Santiago Centro";"fecha_inicio_vigencia reparada de 31-01-25 a 2025-01-31"
288;sucursales_lugares.csv;"Santiago Centro";"fecha_fin_vigencia reparada de 02-03-25 a 2025-03-02"
289;sucursales_lugares.csv;"Santiago Centro";"tipo_precio tiene valor no permitido linea_hora, se deja nulo."
289;sucursales_lugares.csv;"Santiago Centro";"fecha_inicio_vigencia reparada de 17-11-24 a 2024-11-17"
289;sucursales_lugares.csv;"Santiago Centro";"fecha_fin_vigencia reparada de 24-11-24 a 2024-11-24"
290;sucursales_lugares.csv;"Santiago Centro";"tipo_precio tiene valor no permitido tramo, se deja nulo."
290;sucursales_lugares.csv;"Santiago Centro";"fecha_inicio_vigencia reparada de 11-05-24 a 2024-05-11"
290;sucursales_lugares.csv;"Santiago Centro";"fecha_fin_vigencia reparada de 09-08-24 a 2024-08-09"
291;sucursales_lugares.csv;"Santiago Centro";"tipo_precio tiene valor no permitido tramo, se deja nulo."
291;sucursales_lugares.csv;"Santiago Centro";"fecha_inicio_vigencia reparada de 28-08-24 a 2024-08-28"
291;sucursales_lugares.csv;"Santiago Centro";"fecha_fin_vigencia reparada de 04-09-24 a 2024-09-04"
292;sucursales_lugares.csv;"Santiago Centro";"tipo_precio tiene valor no permitido tramo, se deja nulo."
292;sucursales_lugares.csv;"Santiago Centro";"fecha_inicio_vigencia reparada de 12-08-25 a 2025-08-12"
292;sucursales_lugares.csv;"Santiago Centro";"fecha_fin_vigencia reparada de 10-11-25 a 2025-11-10"
293;sucursales_lugares.csv;"Santiago Centro";"tipo_precio tiene valor no permitido tramo, se deja nulo."
293;sucursales_lugares.csv;"Santiago Centro";"fecha_inicio_vigencia reparada de 10-08-24 a 2024-08-10"
293;sucursales_lugares.csv;"Santiago Centro";"fecha_fin_vigencia reparada de 09-10-24 a 2024-10-09"
294;sucursales_lugares.csv;"Santiago Centro";"tipo_precio reparado de dia a día"
294;sucursales_lugares.csv;"Santiago Centro";"fecha_inicio_vigencia reparada de 08-08-25 a 2025-08-08"
294;sucursales_lugares.csv;"Santiago Centro";"fecha_fin_vigencia reparada de 07-09-25 a 2025-09-07"
295;sucursales_lugares.csv;"Santiago Centro";"tipo_precio reparado de dia a día"
295;sucursales_lugares.csv;"Santiago Centro";"fecha_inicio_vigencia con formato incompleto o que no se pudo reparar, se reemplaza por nulo"
295;sucursales_lugares.csv;"Santiago Centro";"fecha_fin_vigencia reparada de 22-02-24 a 2024-02-22"
295;sucursales_lugares.csv;"Santiago Centro";"Fila enviada a ERR: precio debe ser un numero."
296;sucursales_lugares.csv;"Santiago Centro";"tipo_precio reparado de dia a día"
296;sucursales_lugares.csv;"Santiago Centro";"fecha_inicio_vigencia reparada de 24-05-24 a 2024-05-24"
296;sucursales_lugares.csv;"Santiago Centro";"fecha_fin_vigencia reparada de 22-08-24 a 2024-08-22"
297;sucursales_lugares.csv;"Santiago Centro";"tipo_precio reparado de dia a día"
297;sucursales_lugares.csv;"Santiago Centro";"fecha_inicio_vigencia reparada de 20-10-24 a 2024-10-20"
297;sucursales_lugares.csv;"Santiago Centro";"fecha_fin_vigencia reparada de 19-12-24 a 2024-12-19"
298;sucursales_lugares.csv;"Santiago Centro";"tipo_precio reparado de dia a día"
298;sucursales_lugares.csv;"Santiago Centro";"fecha_inicio_vigencia reparada de 19-07-24 a 2024-07-19"
298;sucursales_lugares.csv;"Santiago Centro";"fecha_fin_vigencia reparada de 18-08-24 a 2024-08-18"
299;sucursales_lugares.csv;"Santiago Centro";"tipo_precio reparado de dia a día"
299;sucursales_lugares.csv;"Santiago Centro";"fecha_inicio_vigencia reparada de 31-03-25 a 2025-03-31"
299;sucursales_lugares.csv;"Santiago Centro";"fecha_fin_vigencia reparada de 29-06-25 a 2025-06-29"
300;sucursales_lugares.csv;"Santiago Centro";"tipo_precio reparado de dia a día"
300;sucursales_lugares.csv;"Santiago Centro";"fecha_inicio_vigencia reparada de 27-03-24 a 2024-03-27"
300;sucursales_lugares.csv;"Santiago Centro";"fecha_fin_vigencia reparada de 03-04-24 a 2024-04-03"
301;sucursales_lugares.csv;"Santiago Centro";"tipo_precio reparado de dia a día"
301;sucursales_lugares.csv;"Santiago Centro";"fecha_inicio_vigencia reparada de 31-01-25 a 2025-01-31"
301;sucursales_lugares.csv;"Santiago Centro";"fecha_fin_vigencia reparada de 02-03-25 a 2025-03-02"
302;sucursales_lugares.csv;"Santiago Centro";"tipo_precio reparado de dia a día"
302;sucursales_lugares.csv;"Santiago Centro";"fecha_inicio_vigencia con formato incompleto o que no se pudo reparar, se reemplaza por nulo"
302;sucursales_lugares.csv;"Santiago Centro";"fecha_fin_vigencia reparada de 13-08-24 a 2024-08-13"
303;sucursales_lugares.csv;"Santiago Centro";"tipo_precio reparado de dia a día"
303;sucursales_lugares.csv;"Santiago Centro";"fecha_inicio_vigencia reparada de 27-03-24 a 2024-03-27"
303;sucursales_lugares.csv;"Santiago Centro";"fecha_fin_vigencia reparada de 26-05-24 a 2024-05-26"
304;sucursales_lugares.csv;"Santiago Centro";"tipo_precio reparado de dia a día"
304;sucursales_lugares.csv;"Santiago Centro";"fecha_inicio_vigencia reparada de 04-11-25 a 2025-11-04"
304;sucursales_lugares.csv;"Santiago Centro";"fecha_fin_vigencia reparada de 11-11-25 a 2025-11-11"
304;sucursales_lugares.csv;"Santiago Centro";"Fila enviada a ERR: precio debe ser un numero."
305;sucursales_lugares.csv;"Santiago Centro";"tipo_precio reparado de dia a día"
305;sucursales_lugares.csv;"Santiago Centro";"fecha_inicio_vigencia reparada de 12-03-24 a 2024-03-12"
305;sucursales_lugares.csv;"Santiago Centro";"fecha_fin_vigencia reparada de 19-03-24 a 2024-03-19"
306;sucursales_lugares.csv;"Santiago Centro";"tipo_precio reparado de dia a día"
306;sucursales_lugares.csv;"Santiago Centro";"fecha_inicio_vigencia reparada de 06-10-25 a 2025-10-06"
306;sucursales_lugares.csv;"Santiago Centro";"fecha_fin_vigencia reparada de 05-12-25 a 2025-12-05"
307;sucursales_lugares.csv;"Santiago Centro";"tipo_precio reparado de dia a día"
307;sucursales_lugares.csv;"Santiago Centro";"fecha_inicio_vigencia reparada de 20-08-24 a 2024-08-20"
307;sucursales_lugares.csv;"Santiago Centro";"fecha_fin_vigencia reparada de 27-08-24 a 2024-08-27"
308;sucursales_lugares.csv;"Santiago Centro";"tipo_precio reparado de dia a día"
308;sucursales_lugares.csv;"Santiago Centro";"fecha_inicio_vigencia reparada de 25-04-24 a 2024-04-25"
308;sucursales_lugares.csv;"Santiago Centro";"fecha_fin_vigencia reparada de 09-05-24 a 2024-05-09"
309;sucursales_lugares.csv;"Santiago Centro";"tipo_precio reparado de dia a día"
309;sucursales_lugares.csv;"Santiago Centro";"fecha_inicio_vigencia reparada de 18-09-25 a 2025-09-18"
309;sucursales_lugares.csv;"Santiago Centro";"fecha_fin_vigencia reparada de 02-10-25 a 2025-10-02"
310;sucursales_lugares.csv;"Santiago Centro";"tipo_precio reparado de dia a día"
310;sucursales_lugares.csv;"Santiago Centro";"fecha_inicio_vigencia reparada de 12-06-24 a 2024-06-12"
310;sucursales_lugares.csv;"Santiago Centro";"fecha_fin_vigencia reparada de 19-06-24 a 2024-06-19"
311;sucursales_lugares.csv;"Santiago Centro";"tipo_precio reparado de dia a día"
311;sucursales_lugares.csv;"Santiago Centro";"fecha_inicio_vigencia reparada de 14-11-25 a 2025-11-14"
311;sucursales_lugares.csv;"Santiago Centro";"fecha_fin_vigencia reparada de 13-01-26 a 2026-01-13"
312;sucursales_lugares.csv;"Santiago Centro";"tipo_precio reparado de dia a día"
312;sucursales_lugares.csv;"Santiago Centro";"fecha_inicio_vigencia reparada de 12-09-25 a 2025-09-12"
312;sucursales_lugares.csv;"Santiago Centro";"fecha_fin_vigencia reparada de 26-09-25 a 2025-09-26"
313;sucursales_lugares.csv;"Santiago Centro";"tipo_precio reparado de dia a día"
313;sucursales_lugares.csv;"Santiago Centro";"fecha_inicio_vigencia reparada de 08-03-24 a 2024-03-08"
313;sucursales_lugares.csv;"Santiago Centro";"fecha_fin_vigencia reparada de 22-03-24 a 2024-03-22"
314;sucursales_lugares.csv;"Santiago Centro";"fecha_inicio_vigencia reparada de 24-10-24 a 2024-10-24"
314;sucursales_lugares.csv;"Santiago Centro";"fecha_fin_vigencia reparada de 22-01-25 a 2025-01-22"
315;sucursales_lugares.csv;"Santiago Centro";"fecha_inicio_vigencia reparada de 29-12-24 a 2024-12-29"
315;sucursales_lugares.csv;"Santiago Centro";"fecha_fin_vigencia reparada de 27-02-25 a 2025-02-27"
316;sucursales_lugares.csv;"Santiago Centro";"fecha_inicio_vigencia reparada de 17-11-25 a 2025-11-17"
316;sucursales_lugares.csv;"Santiago Centro";"fecha_fin_vigencia reparada de 17-12-25 a 2025-12-17"
317;sucursales_lugares.csv;"Santiago Centro";"fecha_inicio_vigencia reparada de 27-01-25 a 2025-01-27"
317;sucursales_lugares.csv;"Santiago Centro";"fecha_fin_vigencia reparada de 03-02-25 a 2025-02-03"
318;sucursales_lugares.csv;"Santiago Centro";"fecha_inicio_vigencia reparada de 05-06-25 a 2025-06-05"
318;sucursales_lugares.csv;"Santiago Centro";"fecha_fin_vigencia reparada de 05-07-25 a 2025-07-05"
319;sucursales_lugares.csv;"Santiago Centro";"fecha_inicio_vigencia reparada de 09-11-24 a 2024-11-09"
319;sucursales_lugares.csv;"Santiago Centro";"fecha_fin_vigencia reparada de 07-02-25 a 2025-02-07"
320;sucursales_lugares.csv;"Santiago Centro";"fecha_inicio_vigencia reparada de 20-02-25 a 2025-02-20"
320;sucursales_lugares.csv;"Santiago Centro";"fecha_fin_vigencia reparada de 06-03-25 a 2025-03-06"
321;sucursales_lugares.csv;"Santiago Centro";"fecha_inicio_vigencia reparada de 13-05-24 a 2024-05-13"
321;sucursales_lugares.csv;"Santiago Centro";"fecha_fin_vigencia reparada de 12-06-24 a 2024-06-12"
322;sucursales_lugares.csv;Providencia;"tipo_precio tiene valor no permitido mesa_hora, se deja nulo."
322;sucursales_lugares.csv;Providencia;"fecha_inicio_vigencia reparada de 13-06-25 a 2025-06-13"
322;sucursales_lugares.csv;Providencia;"fecha_fin_vigencia reparada de 20-06-25 a 2025-06-20"
322;sucursales_lugares.csv;Providencia;"Fila enviada a ERR: precio es obligatorio y viene nulo."
323;sucursales_lugares.csv;Providencia;"tipo_precio tiene valor no permitido mesa_hora, se deja nulo."
323;sucursales_lugares.csv;Providencia;"fecha_inicio_vigencia reparada de 22-08-25 a 2025-08-22"
323;sucursales_lugares.csv;Providencia;"fecha_fin_vigencia reparada de 21-10-25 a 2025-10-21"
323;sucursales_lugares.csv;Providencia;"Fila enviada a ERR: precio es obligatorio y viene nulo."
324;sucursales_lugares.csv;Providencia;"tipo_precio tiene valor no permitido mesa_hora, se deja nulo."
324;sucursales_lugares.csv;Providencia;"fecha_inicio_vigencia con formato incompleto o que no se pudo reparar, se reemplaza por nulo"
324;sucursales_lugares.csv;Providencia;"fecha_fin_vigencia reparada de 21-09-25 a 2025-09-21"
324;sucursales_lugares.csv;Providencia;"Fila enviada a ERR: precio es obligatorio y viene nulo."
325;sucursales_lugares.csv;Providencia;"tipo_precio tiene valor no permitido mesa_hora, se deja nulo."
325;sucursales_lugares.csv;Providencia;"fecha_inicio_vigencia reparada de 05-11-25 a 2025-11-05"
325;sucursales_lugares.csv;Providencia;"fecha_fin_vigencia reparada de 05-12-25 a 2025-12-05"
325;sucursales_lugares.csv;Providencia;"Fila enviada a ERR: precio es obligatorio y viene nulo."
326;sucursales_lugares.csv;Providencia;"tipo_precio tiene valor no permitido mesa_hora, se deja nulo."
326;sucursales_lugares.csv;Providencia;"fecha_inicio_vigencia reparada de 30-06-24 a 2024-06-30"
326;sucursales_lugares.csv;Providencia;"fecha_fin_vigencia reparada de 07-07-24 a 2024-07-07"
326;sucursales_lugares.csv;Providencia;"Fila enviada a ERR: precio es obligatorio y viene nulo."
327;sucursales_lugares.csv;Providencia;"tipo_precio tiene valor no permitido mesa_hora, se deja nulo."
327;sucursales_lugares.csv;Providencia;"fecha_inicio_vigencia reparada de 17-07-24 a 2024-07-17"
327;sucursales_lugares.csv;Providencia;"fecha_fin_vigencia reparada de 16-08-24 a 2024-08-16"
327;sucursales_lugares.csv;Providencia;"Fila enviada a ERR: precio es obligatorio y viene nulo."
328;sucursales_lugares.csv;Providencia;"tipo_precio tiene valor no permitido mesa_hora, se deja nulo."
328;sucursales_lugares.csv;Providencia;"fecha_inicio_vigencia reparada de 05-04-25 a 2025-04-05"
328;sucursales_lugares.csv;Providencia;"fecha_fin_vigencia reparada de 04-06-25 a 2025-06-04"
328;sucursales_lugares.csv;Providencia;"Fila enviada a ERR: precio es obligatorio y viene nulo."
329;sucursales_lugares.csv;Providencia;"tipo_precio tiene valor no permitido mesa_hora, se deja nulo."
329;sucursales_lugares.csv;Providencia;"fecha_inicio_vigencia reparada de 25-06-25 a 2025-06-25"
329;sucursales_lugares.csv;Providencia;"fecha_fin_vigencia reparada de 09-07-25 a 2025-07-09"
329;sucursales_lugares.csv;Providencia;"Fila enviada a ERR: precio es obligatorio y viene nulo."
330;sucursales_lugares.csv;Providencia;"tipo_precio tiene valor no permitido mesa_hora, se deja nulo."
330;sucursales_lugares.csv;Providencia;"fecha_inicio_vigencia reparada de 05-05-24 a 2024-05-05"
330;sucursales_lugares.csv;Providencia;"fecha_fin_vigencia reparada de 04-06-24 a 2024-06-04"
330;sucursales_lugares.csv;Providencia;"Fila enviada a ERR: precio es obligatorio y viene nulo."
331;sucursales_lugares.csv;Providencia;"tipo_precio tiene valor no permitido mesa_hora, se deja nulo."
331;sucursales_lugares.csv;Providencia;"fecha_inicio_vigencia reparada de 16-04-24 a 2024-04-16"
331;sucursales_lugares.csv;Providencia;"fecha_fin_vigencia reparada de 16-05-24 a 2024-05-16"
331;sucursales_lugares.csv;Providencia;"Fila enviada a ERR: precio es obligatorio y viene nulo."
332;sucursales_lugares.csv;Providencia;"tipo_precio tiene valor no permitido mesa_hora, se deja nulo."
332;sucursales_lugares.csv;Providencia;"fecha_inicio_vigencia reparada de 07-01-25 a 2025-01-07"
332;sucursales_lugares.csv;Providencia;"fecha_fin_vigencia reparada de 08-03-25 a 2025-03-08"
332;sucursales_lugares.csv;Providencia;"Fila enviada a ERR: precio es obligatorio y viene nulo."
333;sucursales_lugares.csv;Providencia;"tipo_precio tiene valor no permitido mesa_hora, se deja nulo."
333;sucursales_lugares.csv;Providencia;"fecha_inicio_vigencia reparada de 18-04-25 a 2025-04-18"
333;sucursales_lugares.csv;Providencia;"fecha_fin_vigencia reparada de 02-05-25 a 2025-05-02"
333;sucursales_lugares.csv;Providencia;"Fila enviada a ERR: precio es obligatorio y viene nulo."
334;sucursales_lugares.csv;Providencia;"tipo_precio tiene valor no permitido mesa_hora, se deja nulo."
334;sucursales_lugares.csv;Providencia;"fecha_inicio_vigencia reparada de 10-08-24 a 2024-08-10"
334;sucursales_lugares.csv;Providencia;"fecha_fin_vigencia reparada de 17-08-24 a 2024-08-17"
334;sucursales_lugares.csv;Providencia;"Fila enviada a ERR: precio es obligatorio y viene nulo."
335;sucursales_lugares.csv;Providencia;"tipo_precio tiene valor no permitido mesa_hora, se deja nulo."
335;sucursales_lugares.csv;Providencia;"fecha_inicio_vigencia reparada de 08-04-24 a 2024-04-08"
335;sucursales_lugares.csv;Providencia;"fecha_fin_vigencia reparada de 07-07-24 a 2024-07-07"
335;sucursales_lugares.csv;Providencia;"Fila enviada a ERR: precio es obligatorio y viene nulo."
336;sucursales_lugares.csv;Providencia;"tipo_precio tiene valor no permitido mesa_hora, se deja nulo."
336;sucursales_lugares.csv;Providencia;"fecha_inicio_vigencia reparada de 31-07-25 a 2025-07-31"
336;sucursales_lugares.csv;Providencia;"fecha_fin_vigencia reparada de 30-08-25 a 2025-08-30"
336;sucursales_lugares.csv;Providencia;"Fila enviada a ERR: precio es obligatorio y viene nulo."
337;sucursales_lugares.csv;Providencia;"tipo_precio tiene valor no permitido mesa_hora, se deja nulo."
337;sucursales_lugares.csv;Providencia;"fecha_inicio_vigencia reparada de 10-04-25 a 2025-04-10"
337;sucursales_lugares.csv;Providencia;"fecha_fin_vigencia reparada de 09-06-25 a 2025-06-09"
337;sucursales_lugares.csv;Providencia;"Fila enviada a ERR: precio es obligatorio y viene nulo."
338;sucursales_lugares.csv;Providencia;"tipo_precio tiene valor no permitido linea_hora, se deja nulo."
338;sucursales_lugares.csv;Providencia;"fecha_inicio_vigencia reparada de 17-05-25 a 2025-05-17"
338;sucursales_lugares.csv;Providencia;"fecha_fin_vigencia reparada de 15-08-25 a 2025-08-15"
339;sucursales_lugares.csv;Providencia;"tipo_precio tiene valor no permitido linea_hora, se deja nulo."
339;sucursales_lugares.csv;Providencia;"fecha_inicio_vigencia reparada de 29-03-24 a 2024-03-29"
339;sucursales_lugares.csv;Providencia;"fecha_fin_vigencia reparada de 12-04-24 a 2024-04-12"
340;sucursales_lugares.csv;Providencia;"tipo_precio tiene valor no permitido linea_hora, se deja nulo."
340;sucursales_lugares.csv;Providencia;"fecha_inicio_vigencia reparada de 12-02-24 a 2024-02-12"
340;sucursales_lugares.csv;Providencia;"fecha_fin_vigencia reparada de 26-02-24 a 2024-02-26"
341;sucursales_lugares.csv;Providencia;"tipo_precio tiene valor no permitido linea_hora, se deja nulo."
341;sucursales_lugares.csv;Providencia;"fecha_inicio_vigencia reparada de 13-04-24 a 2024-04-13"
341;sucursales_lugares.csv;Providencia;"fecha_fin_vigencia reparada de 13-05-24 a 2024-05-13"
342;sucursales_lugares.csv;Providencia;"tipo_precio tiene valor no permitido linea_hora, se deja nulo."
342;sucursales_lugares.csv;Providencia;"fecha_inicio_vigencia reparada de 10-07-24 a 2024-07-10"
342;sucursales_lugares.csv;Providencia;"fecha_fin_vigencia reparada de 17-07-24 a 2024-07-17"
343;sucursales_lugares.csv;Providencia;"tipo_precio tiene valor no permitido linea_hora, se deja nulo."
343;sucursales_lugares.csv;Providencia;"fecha_inicio_vigencia reparada de 24-02-24 a 2024-02-24"
343;sucursales_lugares.csv;Providencia;"fecha_fin_vigencia reparada de 02-03-24 a 2024-03-02"
344;sucursales_lugares.csv;Providencia;"tipo_precio tiene valor no permitido linea_hora, se deja nulo."
344;sucursales_lugares.csv;Providencia;"fecha_inicio_vigencia reparada de 13-02-24 a 2024-02-13"
344;sucursales_lugares.csv;Providencia;"fecha_fin_vigencia reparada de 27-02-24 a 2024-02-27"
345;sucursales_lugares.csv;Providencia;"tipo_precio tiene valor no permitido linea_hora, se deja nulo."
345;sucursales_lugares.csv;Providencia;"fecha_inicio_vigencia reparada de 25-04-25 a 2025-04-25"
345;sucursales_lugares.csv;Providencia;"fecha_fin_vigencia reparada de 24-06-25 a 2025-06-24"
346;sucursales_lugares.csv;Providencia;"tipo_precio tiene valor no permitido linea_hora, se deja nulo."
346;sucursales_lugares.csv;Providencia;"fecha_inicio_vigencia reparada de 07-06-25 a 2025-06-07"
346;sucursales_lugares.csv;Providencia;"fecha_fin_vigencia reparada de 07-07-25 a 2025-07-07"
347;sucursales_lugares.csv;Providencia;"tipo_precio tiene valor no permitido linea_hora, se deja nulo."
347;sucursales_lugares.csv;Providencia;"fecha_inicio_vigencia reparada de 12-04-25 a 2025-04-12"
347;sucursales_lugares.csv;Providencia;"fecha_fin_vigencia reparada de 12-05-25 a 2025-05-12"
348;sucursales_lugares.csv;Providencia;"tipo_precio tiene valor no permitido linea_hora, se deja nulo."
348;sucursales_lugares.csv;Providencia;"fecha_inicio_vigencia reparada de 25-03-24 a 2024-03-25"
348;sucursales_lugares.csv;Providencia;"fecha_fin_vigencia reparada de 24-04-24 a 2024-04-24"
349;sucursales_lugares.csv;Providencia;"tipo_precio tiene valor no permitido linea_hora, se deja nulo."
349;sucursales_lugares.csv;Providencia;"fecha_inicio_vigencia reparada de 22-12-24 a 2024-12-22"
349;sucursales_lugares.csv;Providencia;"fecha_fin_vigencia reparada de 29-12-24 a 2024-12-29"
350;sucursales_lugares.csv;Providencia;"tipo_precio tiene valor no permitido linea_hora, se deja nulo."
350;sucursales_lugares.csv;Providencia;"fecha_inicio_vigencia reparada de 02-10-25 a 2025-10-02"
350;sucursales_lugares.csv;Providencia;"fecha_fin_vigencia reparada de 01-11-25 a 2025-11-01"
351;sucursales_lugares.csv;Providencia;"tipo_precio tiene valor no permitido linea_hora, se deja nulo."
351;sucursales_lugares.csv;Providencia;"fecha_inicio_vigencia reparada de 10-03-24 a 2024-03-10"
351;sucursales_lugares.csv;Providencia;"fecha_fin_vigencia reparada de 09-04-24 a 2024-04-09"
352;sucursales_lugares.csv;Providencia;"tipo_precio tiene valor no permitido linea_hora, se deja nulo."
352;sucursales_lugares.csv;Providencia;"fecha_inicio_vigencia reparada de 08-06-24 a 2024-06-08"
352;sucursales_lugares.csv;Providencia;"fecha_fin_vigencia reparada de 07-08-24 a 2024-08-07"
353;sucursales_lugares.csv;Providencia;"tipo_precio tiene valor no permitido linea_hora, se deja nulo."
353;sucursales_lugares.csv;Providencia;"fecha_inicio_vigencia reparada de 09-03-25 a 2025-03-09"
353;sucursales_lugares.csv;Providencia;"fecha_fin_vigencia reparada de 08-05-25 a 2025-05-08"
354;sucursales_lugares.csv;Providencia;"tipo_precio tiene valor no permitido tramo, se deja nulo."
354;sucursales_lugares.csv;Providencia;"fecha_inicio_vigencia reparada de 10-07-25 a 2025-07-10"
354;sucursales_lugares.csv;Providencia;"fecha_fin_vigencia reparada de 09-08-25 a 2025-08-09"
354;sucursales_lugares.csv;Providencia;"Fila enviada a ERR: precio debe ser un numero."
355;sucursales_lugares.csv;Providencia;"tipo_precio tiene valor no permitido tramo, se deja nulo."
355;sucursales_lugares.csv;Providencia;"fecha_inicio_vigencia reparada de 14-07-25 a 2025-07-14"
355;sucursales_lugares.csv;Providencia;"fecha_fin_vigencia reparada de 12-09-25 a 2025-09-12"
356;sucursales_lugares.csv;Providencia;"tipo_precio reparado de dia a día"
356;sucursales_lugares.csv;Providencia;"fecha_inicio_vigencia reparada de 11-11-25 a 2025-11-11"
356;sucursales_lugares.csv;Providencia;"fecha_fin_vigencia reparada de 25-11-25 a 2025-11-25"
357;sucursales_lugares.csv;Providencia;"tipo_precio tiene valor no permitido tramo, se deja nulo."
357;sucursales_lugares.csv;Providencia;"fecha_inicio_vigencia reparada de 22-10-25 a 2025-10-22"
357;sucursales_lugares.csv;Providencia;"fecha_fin_vigencia reparada de 21-11-25 a 2025-11-21"
358;sucursales_lugares.csv;Providencia;"tipo_precio reparado de dia a día"
358;sucursales_lugares.csv;Providencia;"fecha_inicio_vigencia reparada de 27-01-25 a 2025-01-27"
358;sucursales_lugares.csv;Providencia;"fecha_fin_vigencia reparada de 10-02-25 a 2025-02-10"
359;sucursales_lugares.csv;Providencia;"tipo_precio reparado de dia a día"
359;sucursales_lugares.csv;Providencia;"fecha_inicio_vigencia reparada de 16-05-25 a 2025-05-16"
359;sucursales_lugares.csv;Providencia;"fecha_fin_vigencia reparada de 30-05-25 a 2025-05-30"
360;sucursales_lugares.csv;Providencia;"tipo_precio reparado de dia a día"
360;sucursales_lugares.csv;Providencia;"fecha_inicio_vigencia reparada de 18-05-25 a 2025-05-18"
360;sucursales_lugares.csv;Providencia;"fecha_fin_vigencia reparada de 17-06-25 a 2025-06-17"
361;sucursales_lugares.csv;Providencia;"tipo_precio reparado de dia a día"
361;sucursales_lugares.csv;Providencia;"fecha_inicio_vigencia reparada de 31-10-25 a 2025-10-31"
361;sucursales_lugares.csv;Providencia;"fecha_fin_vigencia reparada de 30-12-25 a 2025-12-30"
362;sucursales_lugares.csv;Providencia;"tipo_precio reparado de dia a día"
362;sucursales_lugares.csv;Providencia;"fecha_inicio_vigencia reparada de 23-11-24 a 2024-11-23"
362;sucursales_lugares.csv;Providencia;"fecha_fin_vigencia reparada de 07-12-24 a 2024-12-07"
363;sucursales_lugares.csv;Providencia;"tipo_precio reparado de dia a día"
363;sucursales_lugares.csv;Providencia;"fecha_inicio_vigencia reparada de 01-08-25 a 2025-08-01"
363;sucursales_lugares.csv;Providencia;"fecha_fin_vigencia reparada de 31-08-25 a 2025-08-31"
364;sucursales_lugares.csv;Providencia;"tipo_precio reparado de dia a día"
364;sucursales_lugares.csv;Providencia;"fecha_inicio_vigencia reparada de 24-02-25 a 2025-02-24"
364;sucursales_lugares.csv;Providencia;"fecha_fin_vigencia reparada de 03-03-25 a 2025-03-03"
365;sucursales_lugares.csv;Providencia;"tipo_precio reparado de dia a día"
365;sucursales_lugares.csv;Providencia;"fecha_inicio_vigencia reparada de 01-02-25 a 2025-02-01"
365;sucursales_lugares.csv;Providencia;"fecha_fin_vigencia reparada de 15-02-25 a 2025-02-15"
366;sucursales_lugares.csv;Providencia;"tipo_precio reparado de dia a día"
366;sucursales_lugares.csv;Providencia;"fecha_inicio_vigencia reparada de 21-10-25 a 2025-10-21"
366;sucursales_lugares.csv;Providencia;"fecha_fin_vigencia reparada de 20-11-25 a 2025-11-20"
367;sucursales_lugares.csv;Providencia;"tipo_precio reparado de dia a día"
367;sucursales_lugares.csv;Providencia;"fecha_inicio_vigencia reparada de 29-02-24 a 2024-02-29"
367;sucursales_lugares.csv;Providencia;"fecha_fin_vigencia reparada de 30-03-24 a 2024-03-30"
368;sucursales_lugares.csv;Providencia;"tipo_precio reparado de dia a día"
368;sucursales_lugares.csv;Providencia;"fecha_inicio_vigencia reparada de 03-10-24 a 2024-10-03"
368;sucursales_lugares.csv;Providencia;"fecha_fin_vigencia reparada de 02-12-24 a 2024-12-02"
369;sucursales_lugares.csv;Providencia;"tipo_precio reparado de dia a día"
369;sucursales_lugares.csv;Providencia;"fecha_inicio_vigencia reparada de 30-03-24 a 2024-03-30"
369;sucursales_lugares.csv;Providencia;"fecha_fin_vigencia reparada de 29-05-24 a 2024-05-29"
370;sucursales_lugares.csv;Providencia;"tipo_precio reparado de dia a día"
370;sucursales_lugares.csv;Providencia;"fecha_inicio_vigencia reparada de 08-04-25 a 2025-04-08"
370;sucursales_lugares.csv;Providencia;"fecha_fin_vigencia reparada de 15-04-25 a 2025-04-15"
371;sucursales_lugares.csv;Providencia;"tipo_precio reparado de dia a día"
371;sucursales_lugares.csv;Providencia;"fecha_inicio_vigencia reparada de 25-06-24 a 2024-06-25"
371;sucursales_lugares.csv;Providencia;"fecha_fin_vigencia reparada de 09-07-24 a 2024-07-09"
372;sucursales_lugares.csv;Providencia;"tipo_precio reparado de dia a día"
372;sucursales_lugares.csv;Providencia;"fecha_inicio_vigencia reparada de 02-08-24 a 2024-08-02"
372;sucursales_lugares.csv;Providencia;"fecha_fin_vigencia reparada de 01-09-24 a 2024-09-01"
373;sucursales_lugares.csv;Providencia;"tipo_precio reparado de dia a día"
373;sucursales_lugares.csv;Providencia;"fecha_inicio_vigencia reparada de 17-11-24 a 2024-11-17"
373;sucursales_lugares.csv;Providencia;"fecha_fin_vigencia reparada de 01-12-24 a 2024-12-01"
374;sucursales_lugares.csv;Providencia;"tipo_precio reparado de dia a día"
374;sucursales_lugares.csv;Providencia;"fecha_inicio_vigencia reparada de 31-07-24 a 2024-07-31"
374;sucursales_lugares.csv;Providencia;"fecha_fin_vigencia reparada de 29-10-24 a 2024-10-29"
375;sucursales_lugares.csv;Providencia;"tipo_precio reparado de dia a día"
375;sucursales_lugares.csv;Providencia;"fecha_inicio_vigencia reparada de 17-05-24 a 2024-05-17"
375;sucursales_lugares.csv;Providencia;"fecha_fin_vigencia reparada de 24-05-24 a 2024-05-24"
376;sucursales_lugares.csv;Providencia;"tipo_precio reparado de dia a día"
376;sucursales_lugares.csv;Providencia;"fecha_inicio_vigencia reparada de 23-11-24 a 2024-11-23"
376;sucursales_lugares.csv;Providencia;"fecha_fin_vigencia reparada de 30-11-24 a 2024-11-30"
377;sucursales_lugares.csv;Providencia;"tipo_precio reparado de dia a día"
377;sucursales_lugares.csv;Providencia;"fecha_inicio_vigencia reparada de 26-09-25 a 2025-09-26"
377;sucursales_lugares.csv;Providencia;"fecha_fin_vigencia reparada de 10-10-25 a 2025-10-10"
378;sucursales_lugares.csv;Providencia;"fecha_inicio_vigencia con formato incompleto o que no se pudo reparar, se reemplaza por nulo"
378;sucursales_lugares.csv;Providencia;"fecha_fin_vigencia reparada de 28-09-25 a 2025-09-28"
378;sucursales_lugares.csv;Providencia;"Fila enviada a ERR: precio debe ser un numero."
379;sucursales_lugares.csv;Providencia;"fecha_inicio_vigencia reparada de 25-01-24 a 2024-01-25"
379;sucursales_lugares.csv;Providencia;"fecha_fin_vigencia reparada de 24-02-24 a 2024-02-24"
380;sucursales_lugares.csv;Providencia;"fecha_inicio_vigencia reparada de 14-11-24 a 2024-11-14"
380;sucursales_lugares.csv;Providencia;"fecha_fin_vigencia reparada de 12-02-25 a 2025-02-12"
381;sucursales_lugares.csv;Providencia;"fecha_inicio_vigencia reparada de 25-01-25 a 2025-01-25"
381;sucursales_lugares.csv;Providencia;"fecha_fin_vigencia reparada de 08-02-25 a 2025-02-08"
382;sucursales_lugares.csv;Providencia;"fecha_inicio_vigencia reparada de 01-04-25 a 2025-04-01"
382;sucursales_lugares.csv;Providencia;"fecha_fin_vigencia reparada de 15-04-25 a 2025-04-15"
383;sucursales_lugares.csv;Providencia;"fecha_inicio_vigencia reparada de 05-11-24 a 2024-11-05"
383;sucursales_lugares.csv;Providencia;"fecha_fin_vigencia reparada de 05-12-24 a 2024-12-05"
384;sucursales_lugares.csv;Providencia;"fecha_inicio_vigencia reparada de 16-03-25 a 2025-03-16"
384;sucursales_lugares.csv;Providencia;"fecha_fin_vigencia reparada de 15-04-25 a 2025-04-15"
385;sucursales_lugares.csv;Providencia;"fecha_inicio_vigencia reparada de 04-06-25 a 2025-06-04"
385;sucursales_lugares.csv;Providencia;"fecha_fin_vigencia reparada de 18-06-25 a 2025-06-18"
386;sucursales_lugares.csv;"La Florida";"tipo_precio tiene valor no permitido mesa_hora, se deja nulo."
386;sucursales_lugares.csv;"La Florida";"fecha_inicio_vigencia reparada de 15-08-25 a 2025-08-15"
386;sucursales_lugares.csv;"La Florida";"fecha_fin_vigencia reparada de 13-11-25 a 2025-11-13"
386;sucursales_lugares.csv;"La Florida";"Fila enviada a ERR: precio es obligatorio y viene nulo."
387;sucursales_lugares.csv;"La Florida";"tipo_precio tiene valor no permitido mesa_hora, se deja nulo."
387;sucursales_lugares.csv;"La Florida";"fecha_inicio_vigencia reparada de 19-09-24 a 2024-09-19"
387;sucursales_lugares.csv;"La Florida";"fecha_fin_vigencia reparada de 18-11-24 a 2024-11-18"
387;sucursales_lugares.csv;"La Florida";"Fila enviada a ERR: precio es obligatorio y viene nulo."
388;sucursales_lugares.csv;"La Florida";"tipo_precio tiene valor no permitido mesa_hora, se deja nulo."
388;sucursales_lugares.csv;"La Florida";"fecha_inicio_vigencia reparada de 20-09-25 a 2025-09-20"
388;sucursales_lugares.csv;"La Florida";"fecha_fin_vigencia reparada de 19-11-25 a 2025-11-19"
388;sucursales_lugares.csv;"La Florida";"Fila enviada a ERR: precio es obligatorio y viene nulo."
389;sucursales_lugares.csv;"La Florida";"tipo_precio tiene valor no permitido mesa_hora, se deja nulo."
389;sucursales_lugares.csv;"La Florida";"fecha_inicio_vigencia reparada de 28-02-24 a 2024-02-28"
389;sucursales_lugares.csv;"La Florida";"fecha_fin_vigencia reparada de 06-03-24 a 2024-03-06"
389;sucursales_lugares.csv;"La Florida";"Fila enviada a ERR: precio es obligatorio y viene nulo."
390;sucursales_lugares.csv;"La Florida";"tipo_precio tiene valor no permitido mesa_hora, se deja nulo."
390;sucursales_lugares.csv;"La Florida";"fecha_inicio_vigencia reparada de 11-05-24 a 2024-05-11"
390;sucursales_lugares.csv;"La Florida";"fecha_fin_vigencia reparada de 25-05-24 a 2024-05-25"
390;sucursales_lugares.csv;"La Florida";"Fila enviada a ERR: precio es obligatorio y viene nulo."
391;sucursales_lugares.csv;"La Florida";"tipo_precio tiene valor no permitido mesa_hora, se deja nulo."
391;sucursales_lugares.csv;"La Florida";"fecha_inicio_vigencia reparada de 18-08-25 a 2025-08-18"
391;sucursales_lugares.csv;"La Florida";"fecha_fin_vigencia reparada de 17-09-25 a 2025-09-17"
391;sucursales_lugares.csv;"La Florida";"Fila enviada a ERR: precio es obligatorio y viene nulo."
392;sucursales_lugares.csv;"La Florida";"tipo_precio tiene valor no permitido mesa_hora, se deja nulo."
392;sucursales_lugares.csv;"La Florida";"fecha_inicio_vigencia reparada de 12-10-24 a 2024-10-12"
392;sucursales_lugares.csv;"La Florida";"fecha_fin_vigencia reparada de 10-01-25 a 2025-01-10"
392;sucursales_lugares.csv;"La Florida";"Fila enviada a ERR: precio es obligatorio y viene nulo."
393;sucursales_lugares.csv;"La Florida";"tipo_precio tiene valor no permitido mesa_hora, se deja nulo."
393;sucursales_lugares.csv;"La Florida";"fecha_inicio_vigencia reparada de 03-04-24 a 2024-04-03"
393;sucursales_lugares.csv;"La Florida";"fecha_fin_vigencia reparada de 02-06-24 a 2024-06-02"
393;sucursales_lugares.csv;"La Florida";"Fila enviada a ERR: precio es obligatorio y viene nulo."
394;sucursales_lugares.csv;"La Florida";"tipo_precio tiene valor no permitido mesa_hora, se deja nulo."
394;sucursales_lugares.csv;"La Florida";"fecha_inicio_vigencia reparada de 01-05-25 a 2025-05-01"
394;sucursales_lugares.csv;"La Florida";"fecha_fin_vigencia reparada de 08-05-25 a 2025-05-08"
394;sucursales_lugares.csv;"La Florida";"Fila enviada a ERR: precio es obligatorio y viene nulo."
395;sucursales_lugares.csv;"La Florida";"tipo_precio tiene valor no permitido mesa_hora, se deja nulo."
395;sucursales_lugares.csv;"La Florida";"fecha_inicio_vigencia reparada de 14-07-24 a 2024-07-14"
395;sucursales_lugares.csv;"La Florida";"fecha_fin_vigencia reparada de 12-10-24 a 2024-10-12"
395;sucursales_lugares.csv;"La Florida";"Fila enviada a ERR: precio es obligatorio y viene nulo."
396;sucursales_lugares.csv;"La Florida";"tipo_precio tiene valor no permitido mesa_hora, se deja nulo."
396;sucursales_lugares.csv;"La Florida";"fecha_inicio_vigencia reparada de 06-08-24 a 2024-08-06"
396;sucursales_lugares.csv;"La Florida";"fecha_fin_vigencia reparada de 13-08-24 a 2024-08-13"
396;sucursales_lugares.csv;"La Florida";"Fila enviada a ERR: precio es obligatorio y viene nulo."
397;sucursales_lugares.csv;"La Florida";"tipo_precio tiene valor no permitido mesa_hora, se deja nulo."
397;sucursales_lugares.csv;"La Florida";"fecha_inicio_vigencia reparada de 19-03-25 a 2025-03-19"
397;sucursales_lugares.csv;"La Florida";"fecha_fin_vigencia reparada de 17-06-25 a 2025-06-17"
397;sucursales_lugares.csv;"La Florida";"Fila enviada a ERR: precio es obligatorio y viene nulo."
398;sucursales_lugares.csv;"La Florida";"tipo_precio tiene valor no permitido mesa_hora, se deja nulo."
398;sucursales_lugares.csv;"La Florida";"fecha_inicio_vigencia reparada de 20-10-24 a 2024-10-20"
398;sucursales_lugares.csv;"La Florida";"fecha_fin_vigencia reparada de 19-12-24 a 2024-12-19"
398;sucursales_lugares.csv;"La Florida";"Fila enviada a ERR: precio es obligatorio y viene nulo."
399;sucursales_lugares.csv;"La Florida";"tipo_precio tiene valor no permitido mesa_hora, se deja nulo."
399;sucursales_lugares.csv;"La Florida";"fecha_inicio_vigencia con formato incompleto o que no se pudo reparar, se reemplaza por nulo"
399;sucursales_lugares.csv;"La Florida";"fecha_fin_vigencia reparada de 09-08-25 a 2025-08-09"
399;sucursales_lugares.csv;"La Florida";"Fila enviada a ERR: precio debe ser un numero."
400;sucursales_lugares.csv;"La Florida";"tipo_precio tiene valor no permitido mesa_hora, se deja nulo."
400;sucursales_lugares.csv;"La Florida";"fecha_inicio_vigencia reparada de 25-07-25 a 2025-07-25"
400;sucursales_lugares.csv;"La Florida";"fecha_fin_vigencia reparada de 23-10-25 a 2025-10-23"
400;sucursales_lugares.csv;"La Florida";"Fila enviada a ERR: precio es obligatorio y viene nulo."
401;sucursales_lugares.csv;"La Florida";"tipo_precio tiene valor no permitido mesa_hora, se deja nulo."
401;sucursales_lugares.csv;"La Florida";"fecha_inicio_vigencia reparada de 30-07-25 a 2025-07-30"
401;sucursales_lugares.csv;"La Florida";"fecha_fin_vigencia reparada de 29-08-25 a 2025-08-29"
401;sucursales_lugares.csv;"La Florida";"Fila enviada a ERR: precio es obligatorio y viene nulo."
402;sucursales_lugares.csv;"La Florida";"tipo_precio tiene valor no permitido linea_hora, se deja nulo."
402;sucursales_lugares.csv;"La Florida";"fecha_inicio_vigencia reparada de 10-06-25 a 2025-06-10"
402;sucursales_lugares.csv;"La Florida";"fecha_fin_vigencia reparada de 09-08-25 a 2025-08-09"
403;sucursales_lugares.csv;"La Florida";"tipo_precio tiene valor no permitido linea_hora, se deja nulo."
403;sucursales_lugares.csv;"La Florida";"fecha_inicio_vigencia reparada de 03-06-25 a 2025-06-03"
403;sucursales_lugares.csv;"La Florida";"fecha_fin_vigencia reparada de 02-08-25 a 2025-08-02"
404;sucursales_lugares.csv;"La Florida";"tipo_precio tiene valor no permitido linea_hora, se deja nulo."
404;sucursales_lugares.csv;"La Florida";"fecha_inicio_vigencia reparada de 18-05-25 a 2025-05-18"
404;sucursales_lugares.csv;"La Florida";"fecha_fin_vigencia reparada de 16-08-25 a 2025-08-16"
405;sucursales_lugares.csv;"La Florida";"tipo_precio tiene valor no permitido linea_hora, se deja nulo."
405;sucursales_lugares.csv;"La Florida";"fecha_inicio_vigencia reparada de 20-03-25 a 2025-03-20"
405;sucursales_lugares.csv;"La Florida";"fecha_fin_vigencia reparada de 19-05-25 a 2025-05-19"
406;sucursales_lugares.csv;"La Florida";"tipo_precio tiene valor no permitido linea_hora, se deja nulo."
406;sucursales_lugares.csv;"La Florida";"fecha_inicio_vigencia reparada de 05-05-25 a 2025-05-05"
406;sucursales_lugares.csv;"La Florida";"fecha_fin_vigencia reparada de 04-07-25 a 2025-07-04"
407;sucursales_lugares.csv;"La Florida";"tipo_precio tiene valor no permitido linea_hora, se deja nulo."
407;sucursales_lugares.csv;"La Florida";"fecha_inicio_vigencia reparada de 21-02-24 a 2024-02-21"
407;sucursales_lugares.csv;"La Florida";"fecha_fin_vigencia reparada de 06-03-24 a 2024-03-06"
408;sucursales_lugares.csv;"La Florida";"tipo_precio tiene valor no permitido linea_hora, se deja nulo."
408;sucursales_lugares.csv;"La Florida";"fecha_inicio_vigencia reparada de 30-08-24 a 2024-08-30"
408;sucursales_lugares.csv;"La Florida";"fecha_fin_vigencia reparada de 29-09-24 a 2024-09-29"
409;sucursales_lugares.csv;"La Florida";"tipo_precio tiene valor no permitido linea_hora, se deja nulo."
409;sucursales_lugares.csv;"La Florida";"fecha_inicio_vigencia reparada de 26-04-24 a 2024-04-26"
409;sucursales_lugares.csv;"La Florida";"fecha_fin_vigencia reparada de 25-06-24 a 2024-06-25"
410;sucursales_lugares.csv;"La Florida";"tipo_precio tiene valor no permitido linea_hora, se deja nulo."
410;sucursales_lugares.csv;"La Florida";"fecha_inicio_vigencia reparada de 17-01-25 a 2025-01-17"
410;sucursales_lugares.csv;"La Florida";"fecha_fin_vigencia reparada de 31-01-25 a 2025-01-31"
411;sucursales_lugares.csv;"La Florida";"tipo_precio tiene valor no permitido linea_hora, se deja nulo."
411;sucursales_lugares.csv;"La Florida";"fecha_inicio_vigencia reparada de 06-08-25 a 2025-08-06"
411;sucursales_lugares.csv;"La Florida";"fecha_fin_vigencia reparada de 04-11-25 a 2025-11-04"
412;sucursales_lugares.csv;"La Florida";"tipo_precio tiene valor no permitido linea_hora, se deja nulo."
412;sucursales_lugares.csv;"La Florida";"fecha_inicio_vigencia reparada de 01-01-24 a 2024-01-01"
412;sucursales_lugares.csv;"La Florida";"fecha_fin_vigencia reparada de 31-01-24 a 2024-01-31"
413;sucursales_lugares.csv;"La Florida";"tipo_precio tiene valor no permitido linea_hora, se deja nulo."
413;sucursales_lugares.csv;"La Florida";"fecha_inicio_vigencia reparada de 28-04-25 a 2025-04-28"
413;sucursales_lugares.csv;"La Florida";"fecha_fin_vigencia reparada de 12-05-25 a 2025-05-12"
414;sucursales_lugares.csv;"La Florida";"tipo_precio tiene valor no permitido linea_hora, se deja nulo."
414;sucursales_lugares.csv;"La Florida";"fecha_inicio_vigencia reparada de 16-02-25 a 2025-02-16"
414;sucursales_lugares.csv;"La Florida";"fecha_fin_vigencia reparada de 23-02-25 a 2025-02-23"
415;sucursales_lugares.csv;"La Florida";"tipo_precio tiene valor no permitido linea_hora, se deja nulo."
415;sucursales_lugares.csv;"La Florida";"fecha_inicio_vigencia reparada de 09-12-24 a 2024-12-09"
415;sucursales_lugares.csv;"La Florida";"fecha_fin_vigencia reparada de 23-12-24 a 2024-12-23"
416;sucursales_lugares.csv;"La Florida";"tipo_precio tiene valor no permitido linea_hora, se deja nulo."
416;sucursales_lugares.csv;"La Florida";"fecha_inicio_vigencia reparada de 05-08-25 a 2025-08-05"
416;sucursales_lugares.csv;"La Florida";"fecha_fin_vigencia reparada de 12-08-25 a 2025-08-12"
417;sucursales_lugares.csv;"La Florida";"tipo_precio tiene valor no permitido linea_hora, se deja nulo."
417;sucursales_lugares.csv;"La Florida";"fecha_inicio_vigencia reparada de 16-06-24 a 2024-06-16"
417;sucursales_lugares.csv;"La Florida";"fecha_fin_vigencia reparada de 16-07-24 a 2024-07-16"
418;sucursales_lugares.csv;"La Florida";"tipo_precio tiene valor no permitido tramo, se deja nulo."
418;sucursales_lugares.csv;"La Florida";"fecha_inicio_vigencia reparada de 06-06-24 a 2024-06-06"
418;sucursales_lugares.csv;"La Florida";"fecha_fin_vigencia reparada de 06-07-24 a 2024-07-06"
419;sucursales_lugares.csv;"La Florida";"tipo_precio tiene valor no permitido tramo, se deja nulo."
419;sucursales_lugares.csv;"La Florida";"fecha_inicio_vigencia reparada de 16-08-24 a 2024-08-16"
419;sucursales_lugares.csv;"La Florida";"fecha_fin_vigencia reparada de 15-10-24 a 2024-10-15"
419;sucursales_lugares.csv;"La Florida";"Fila enviada a ERR: precio debe ser un numero."
420;sucursales_lugares.csv;"La Florida";"tipo_precio tiene valor no permitido tramo, se deja nulo."
420;sucursales_lugares.csv;"La Florida";"fecha_inicio_vigencia reparada de 08-07-25 a 2025-07-08"
420;sucursales_lugares.csv;"La Florida";"fecha_fin_vigencia reparada de 06-10-25 a 2025-10-06"
421;sucursales_lugares.csv;"La Florida";"tipo_precio tiene valor no permitido tramo, se deja nulo."
421;sucursales_lugares.csv;"La Florida";"fecha_inicio_vigencia reparada de 13-02-25 a 2025-02-13"
421;sucursales_lugares.csv;"La Florida";"fecha_fin_vigencia reparada de 27-02-25 a 2025-02-27"
422;sucursales_lugares.csv;"La Florida";"tipo_precio reparado de dia a día"
422;sucursales_lugares.csv;"La Florida";"fecha_inicio_vigencia reparada de 28-01-25 a 2025-01-28"
422;sucursales_lugares.csv;"La Florida";"fecha_fin_vigencia reparada de 04-02-25 a 2025-02-04"
423;sucursales_lugares.csv;"La Florida";"tipo_precio reparado de dia a día"
423;sucursales_lugares.csv;"La Florida";"fecha_inicio_vigencia reparada de 15-01-25 a 2025-01-15"
423;sucursales_lugares.csv;"La Florida";"fecha_fin_vigencia reparada de 14-02-25 a 2025-02-14"
424;sucursales_lugares.csv;"La Florida";"tipo_precio reparado de dia a día"
424;sucursales_lugares.csv;"La Florida";"fecha_inicio_vigencia reparada de 03-08-25 a 2025-08-03"
424;sucursales_lugares.csv;"La Florida";"fecha_fin_vigencia reparada de 10-08-25 a 2025-08-10"
425;sucursales_lugares.csv;"La Florida";"tipo_precio reparado de dia a día"
425;sucursales_lugares.csv;"La Florida";"fecha_inicio_vigencia reparada de 29-11-25 a 2025-11-29"
425;sucursales_lugares.csv;"La Florida";"fecha_fin_vigencia reparada de 06-12-25 a 2025-12-06"
425;sucursales_lugares.csv;"La Florida";"Fila enviada a ERR: precio debe ser un numero."
426;sucursales_lugares.csv;"La Florida";"tipo_precio reparado de dia a día"
426;sucursales_lugares.csv;"La Florida";"fecha_inicio_vigencia reparada de 13-08-25 a 2025-08-13"
426;sucursales_lugares.csv;"La Florida";"fecha_fin_vigencia reparada de 11-11-25 a 2025-11-11"
427;sucursales_lugares.csv;"La Florida";"tipo_precio reparado de dia a día"
427;sucursales_lugares.csv;"La Florida";"fecha_inicio_vigencia con formato incompleto o que no se pudo reparar, se reemplaza por nulo"
427;sucursales_lugares.csv;"La Florida";"fecha_fin_vigencia reparada de 21-08-24 a 2024-08-21"
428;sucursales_lugares.csv;"La Florida";"tipo_precio reparado de dia a día"
428;sucursales_lugares.csv;"La Florida";"fecha_inicio_vigencia reparada de 07-01-24 a 2024-01-07"
428;sucursales_lugares.csv;"La Florida";"fecha_fin_vigencia reparada de 06-02-24 a 2024-02-06"
429;sucursales_lugares.csv;"La Florida";"tipo_precio reparado de dia a día"
429;sucursales_lugares.csv;"La Florida";"fecha_inicio_vigencia reparada de 21-09-24 a 2024-09-21"
429;sucursales_lugares.csv;"La Florida";"fecha_fin_vigencia reparada de 28-09-24 a 2024-09-28"
430;sucursales_lugares.csv;"La Florida";"tipo_precio reparado de dia a día"
430;sucursales_lugares.csv;"La Florida";"fecha_inicio_vigencia reparada de 17-06-25 a 2025-06-17"
430;sucursales_lugares.csv;"La Florida";"fecha_fin_vigencia reparada de 15-09-25 a 2025-09-15"
431;sucursales_lugares.csv;"La Florida";"tipo_precio reparado de dia a día"
431;sucursales_lugares.csv;"La Florida";"fecha_inicio_vigencia reparada de 17-10-25 a 2025-10-17"
431;sucursales_lugares.csv;"La Florida";"fecha_fin_vigencia reparada de 16-12-25 a 2025-12-16"
432;sucursales_lugares.csv;"La Florida";"tipo_precio reparado de dia a día"
432;sucursales_lugares.csv;"La Florida";"fecha_inicio_vigencia reparada de 02-10-25 a 2025-10-02"
432;sucursales_lugares.csv;"La Florida";"fecha_fin_vigencia reparada de 01-12-25 a 2025-12-01"
433;sucursales_lugares.csv;"La Florida";"tipo_precio reparado de dia a día"
433;sucursales_lugares.csv;"La Florida";"fecha_inicio_vigencia reparada de 23-03-25 a 2025-03-23"
433;sucursales_lugares.csv;"La Florida";"fecha_fin_vigencia reparada de 21-06-25 a 2025-06-21"
434;sucursales_lugares.csv;"La Florida";"tipo_precio reparado de dia a día"
434;sucursales_lugares.csv;"La Florida";"fecha_inicio_vigencia reparada de 12-05-25 a 2025-05-12"
434;sucursales_lugares.csv;"La Florida";"fecha_fin_vigencia reparada de 11-07-25 a 2025-07-11"
435;sucursales_lugares.csv;"La Florida";"tipo_precio reparado de dia a día"
435;sucursales_lugares.csv;"La Florida";"fecha_inicio_vigencia reparada de 18-07-25 a 2025-07-18"
435;sucursales_lugares.csv;"La Florida";"fecha_fin_vigencia reparada de 25-07-25 a 2025-07-25"
436;sucursales_lugares.csv;"La Florida";"tipo_precio reparado de dia a día"
436;sucursales_lugares.csv;"La Florida";"fecha_inicio_vigencia reparada de 14-04-24 a 2024-04-14"
436;sucursales_lugares.csv;"La Florida";"fecha_fin_vigencia reparada de 13-07-24 a 2024-07-13"
437;sucursales_lugares.csv;"La Florida";"tipo_precio reparado de dia a día"
437;sucursales_lugares.csv;"La Florida";"fecha_inicio_vigencia reparada de 16-07-25 a 2025-07-16"
437;sucursales_lugares.csv;"La Florida";"fecha_fin_vigencia reparada de 30-07-25 a 2025-07-30"
438;sucursales_lugares.csv;"La Florida";"tipo_precio reparado de dia a día"
438;sucursales_lugares.csv;"La Florida";"fecha_inicio_vigencia reparada de 07-02-25 a 2025-02-07"
438;sucursales_lugares.csv;"La Florida";"fecha_fin_vigencia reparada de 09-03-25 a 2025-03-09"
439;sucursales_lugares.csv;"La Florida";"tipo_precio reparado de dia a día"
439;sucursales_lugares.csv;"La Florida";"fecha_inicio_vigencia reparada de 23-07-25 a 2025-07-23"
439;sucursales_lugares.csv;"La Florida";"fecha_fin_vigencia reparada de 30-07-25 a 2025-07-30"
440;sucursales_lugares.csv;"La Florida";"tipo_precio reparado de dia a día"
440;sucursales_lugares.csv;"La Florida";"fecha_inicio_vigencia reparada de 27-04-25 a 2025-04-27"
440;sucursales_lugares.csv;"La Florida";"fecha_fin_vigencia reparada de 04-05-25 a 2025-05-04"
441;sucursales_lugares.csv;"La Florida";"tipo_precio reparado de dia a día"
441;sucursales_lugares.csv;"La Florida";"fecha_inicio_vigencia reparada de 11-09-24 a 2024-09-11"
441;sucursales_lugares.csv;"La Florida";"fecha_fin_vigencia reparada de 10-11-24 a 2024-11-10"
442;sucursales_lugares.csv;"La Florida";"fecha_inicio_vigencia reparada de 13-09-24 a 2024-09-13"
442;sucursales_lugares.csv;"La Florida";"fecha_fin_vigencia reparada de 12-11-24 a 2024-11-12"
443;sucursales_lugares.csv;"La Florida";"fecha_inicio_vigencia reparada de 04-12-24 a 2024-12-04"
443;sucursales_lugares.csv;"La Florida";"fecha_fin_vigencia reparada de 18-12-24 a 2024-12-18"
444;sucursales_lugares.csv;"La Florida";"fecha_inicio_vigencia reparada de 07-06-24 a 2024-06-07"
444;sucursales_lugares.csv;"La Florida";"fecha_fin_vigencia reparada de 21-06-24 a 2024-06-21"
445;sucursales_lugares.csv;"La Florida";"fecha_inicio_vigencia reparada de 08-11-25 a 2025-11-08"
445;sucursales_lugares.csv;"La Florida";"fecha_fin_vigencia reparada de 22-11-25 a 2025-11-22"
446;sucursales_lugares.csv;"La Florida";"fecha_inicio_vigencia reparada de 21-02-24 a 2024-02-21"
446;sucursales_lugares.csv;"La Florida";"fecha_fin_vigencia reparada de 22-03-24 a 2024-03-22"
447;sucursales_lugares.csv;"La Florida";"fecha_inicio_vigencia reparada de 10-05-25 a 2025-05-10"
447;sucursales_lugares.csv;"La Florida";"fecha_fin_vigencia reparada de 17-05-25 a 2025-05-17"
448;sucursales_lugares.csv;"La Florida";"fecha_inicio_vigencia reparada de 10-01-25 a 2025-01-10"
448;sucursales_lugares.csv;"La Florida";"fecha_fin_vigencia reparada de 24-01-25 a 2025-01-24"
449;sucursales_lugares.csv;"La Florida";"fecha_inicio_vigencia reparada de 22-09-24 a 2024-09-22"
449;sucursales_lugares.csv;"La Florida";"fecha_fin_vigencia reparada de 21-12-24 a 2024-12-21"
450;sucursales_lugares.csv;"Santa Cruz";"tipo_precio tiene valor no permitido mesa_hora, se deja nulo."
450;sucursales_lugares.csv;"Santa Cruz";"fecha_inicio_vigencia reparada de 07-05-24 a 2024-05-07"
450;sucursales_lugares.csv;"Santa Cruz";"fecha_fin_vigencia reparada de 21-05-24 a 2024-05-21"
450;sucursales_lugares.csv;"Santa Cruz";"Fila enviada a ERR: precio es obligatorio y viene nulo."
451;sucursales_lugares.csv;"Santa Cruz";"tipo_precio tiene valor no permitido mesa_hora, se deja nulo."
451;sucursales_lugares.csv;"Santa Cruz";"fecha_inicio_vigencia reparada de 06-06-24 a 2024-06-06"
451;sucursales_lugares.csv;"Santa Cruz";"fecha_fin_vigencia reparada de 20-06-24 a 2024-06-20"
451;sucursales_lugares.csv;"Santa Cruz";"Fila enviada a ERR: precio es obligatorio y viene nulo."
452;sucursales_lugares.csv;"Santa Cruz";"tipo_precio tiene valor no permitido mesa_hora, se deja nulo."
452;sucursales_lugares.csv;"Santa Cruz";"fecha_inicio_vigencia reparada de 19-10-24 a 2024-10-19"
452;sucursales_lugares.csv;"Santa Cruz";"fecha_fin_vigencia reparada de 02-11-24 a 2024-11-02"
452;sucursales_lugares.csv;"Santa Cruz";"Fila enviada a ERR: precio es obligatorio y viene nulo."
453;sucursales_lugares.csv;"Santa Cruz";"tipo_precio tiene valor no permitido mesa_hora, se deja nulo."
453;sucursales_lugares.csv;"Santa Cruz";"fecha_inicio_vigencia reparada de 18-09-25 a 2025-09-18"
453;sucursales_lugares.csv;"Santa Cruz";"fecha_fin_vigencia reparada de 18-10-25 a 2025-10-18"
453;sucursales_lugares.csv;"Santa Cruz";"Fila enviada a ERR: precio es obligatorio y viene nulo."
454;sucursales_lugares.csv;"Santa Cruz";"tipo_precio tiene valor no permitido mesa_hora, se deja nulo."
454;sucursales_lugares.csv;"Santa Cruz";"fecha_inicio_vigencia reparada de 02-10-25 a 2025-10-02"
454;sucursales_lugares.csv;"Santa Cruz";"fecha_fin_vigencia reparada de 01-12-25 a 2025-12-01"
454;sucursales_lugares.csv;"Santa Cruz";"Fila enviada a ERR: precio es obligatorio y viene nulo."
455;sucursales_lugares.csv;"Santa Cruz";"tipo_precio tiene valor no permitido mesa_hora, se deja nulo."
455;sucursales_lugares.csv;"Santa Cruz";"fecha_inicio_vigencia reparada de 27-10-24 a 2024-10-27"
455;sucursales_lugares.csv;"Santa Cruz";"fecha_fin_vigencia reparada de 26-12-24 a 2024-12-26"
455;sucursales_lugares.csv;"Santa Cruz";"Fila enviada a ERR: precio es obligatorio y viene nulo."
456;sucursales_lugares.csv;"Santa Cruz";"tipo_precio tiene valor no permitido mesa_hora, se deja nulo."
456;sucursales_lugares.csv;"Santa Cruz";"fecha_inicio_vigencia reparada de 23-07-24 a 2024-07-23"
456;sucursales_lugares.csv;"Santa Cruz";"fecha_fin_vigencia reparada de 21-09-24 a 2024-09-21"
456;sucursales_lugares.csv;"Santa Cruz";"Fila enviada a ERR: precio es obligatorio y viene nulo."
457;sucursales_lugares.csv;"Santa Cruz";"tipo_precio tiene valor no permitido mesa_hora, se deja nulo."
457;sucursales_lugares.csv;"Santa Cruz";"fecha_inicio_vigencia reparada de 12-02-25 a 2025-02-12"
457;sucursales_lugares.csv;"Santa Cruz";"fecha_fin_vigencia reparada de 26-02-25 a 2025-02-26"
457;sucursales_lugares.csv;"Santa Cruz";"Fila enviada a ERR: precio es obligatorio y viene nulo."
458;sucursales_lugares.csv;"Santa Cruz";"tipo_precio tiene valor no permitido mesa_hora, se deja nulo."
458;sucursales_lugares.csv;"Santa Cruz";"fecha_inicio_vigencia reparada de 22-01-25 a 2025-01-22"
458;sucursales_lugares.csv;"Santa Cruz";"fecha_fin_vigencia reparada de 23-03-25 a 2025-03-23"
458;sucursales_lugares.csv;"Santa Cruz";"Fila enviada a ERR: precio es obligatorio y viene nulo."
459;sucursales_lugares.csv;"Santa Cruz";"tipo_precio tiene valor no permitido mesa_hora, se deja nulo."
459;sucursales_lugares.csv;"Santa Cruz";"fecha_inicio_vigencia reparada de 28-06-25 a 2025-06-28"
459;sucursales_lugares.csv;"Santa Cruz";"fecha_fin_vigencia reparada de 27-08-25 a 2025-08-27"
459;sucursales_lugares.csv;"Santa Cruz";"Fila enviada a ERR: precio es obligatorio y viene nulo."
460;sucursales_lugares.csv;"Santa Cruz";"tipo_precio tiene valor no permitido mesa_hora, se deja nulo."
460;sucursales_lugares.csv;"Santa Cruz";"fecha_inicio_vigencia reparada de 13-10-24 a 2024-10-13"
460;sucursales_lugares.csv;"Santa Cruz";"fecha_fin_vigencia reparada de 11-01-25 a 2025-01-11"
460;sucursales_lugares.csv;"Santa Cruz";"Fila enviada a ERR: precio es obligatorio y viene nulo."
461;sucursales_lugares.csv;"Santa Cruz";"tipo_precio tiene valor no permitido mesa_hora, se deja nulo."
461;sucursales_lugares.csv;"Santa Cruz";"fecha_inicio_vigencia reparada de 02-05-24 a 2024-05-02"
461;sucursales_lugares.csv;"Santa Cruz";"fecha_fin_vigencia reparada de 31-07-24 a 2024-07-31"
461;sucursales_lugares.csv;"Santa Cruz";"Fila enviada a ERR: precio es obligatorio y viene nulo."
462;sucursales_lugares.csv;"Santa Cruz";"tipo_precio tiene valor no permitido mesa_hora, se deja nulo."
462;sucursales_lugares.csv;"Santa Cruz";"fecha_inicio_vigencia reparada de 01-03-25 a 2025-03-01"
462;sucursales_lugares.csv;"Santa Cruz";"fecha_fin_vigencia reparada de 15-03-25 a 2025-03-15"
462;sucursales_lugares.csv;"Santa Cruz";"Fila enviada a ERR: precio es obligatorio y viene nulo."
463;sucursales_lugares.csv;"Santa Cruz";"tipo_precio tiene valor no permitido mesa_hora, se deja nulo."
463;sucursales_lugares.csv;"Santa Cruz";"fecha_inicio_vigencia reparada de 14-11-24 a 2024-11-14"
463;sucursales_lugares.csv;"Santa Cruz";"fecha_fin_vigencia reparada de 21-11-24 a 2024-11-21"
463;sucursales_lugares.csv;"Santa Cruz";"Fila enviada a ERR: precio es obligatorio y viene nulo."
464;sucursales_lugares.csv;"Santa Cruz";"tipo_precio tiene valor no permitido mesa_hora, se deja nulo."
464;sucursales_lugares.csv;"Santa Cruz";"fecha_inicio_vigencia reparada de 21-04-25 a 2025-04-21"
464;sucursales_lugares.csv;"Santa Cruz";"fecha_fin_vigencia reparada de 05-05-25 a 2025-05-05"
464;sucursales_lugares.csv;"Santa Cruz";"Fila enviada a ERR: precio es obligatorio y viene nulo."
465;sucursales_lugares.csv;"Santa Cruz";"tipo_precio tiene valor no permitido mesa_hora, se deja nulo."
465;sucursales_lugares.csv;"Santa Cruz";"fecha_inicio_vigencia reparada de 18-07-25 a 2025-07-18"
465;sucursales_lugares.csv;"Santa Cruz";"fecha_fin_vigencia reparada de 16-10-25 a 2025-10-16"
465;sucursales_lugares.csv;"Santa Cruz";"Fila enviada a ERR: precio debe ser un numero."
466;sucursales_lugares.csv;"Santa Cruz";"tipo_precio tiene valor no permitido linea_hora, se deja nulo."
466;sucursales_lugares.csv;"Santa Cruz";"fecha_inicio_vigencia reparada de 20-07-25 a 2025-07-20"
466;sucursales_lugares.csv;"Santa Cruz";"fecha_fin_vigencia reparada de 18-09-25 a 2025-09-18"
467;sucursales_lugares.csv;"Santa Cruz";"tipo_precio tiene valor no permitido linea_hora, se deja nulo."
467;sucursales_lugares.csv;"Santa Cruz";"fecha_inicio_vigencia reparada de 12-05-24 a 2024-05-12"
467;sucursales_lugares.csv;"Santa Cruz";"fecha_fin_vigencia reparada de 11-06-24 a 2024-06-11"
468;sucursales_lugares.csv;"Santa Cruz";"tipo_precio tiene valor no permitido linea_hora, se deja nulo."
468;sucursales_lugares.csv;"Santa Cruz";"fecha_inicio_vigencia reparada de 25-07-25 a 2025-07-25"
468;sucursales_lugares.csv;"Santa Cruz";"fecha_fin_vigencia reparada de 23-10-25 a 2025-10-23"
469;sucursales_lugares.csv;"Santa Cruz";"tipo_precio tiene valor no permitido linea_hora, se deja nulo."
469;sucursales_lugares.csv;"Santa Cruz";"fecha_inicio_vigencia reparada de 19-08-24 a 2024-08-19"
469;sucursales_lugares.csv;"Santa Cruz";"fecha_fin_vigencia reparada de 18-09-24 a 2024-09-18"
470;sucursales_lugares.csv;"Santa Cruz";"tipo_precio tiene valor no permitido linea_hora, se deja nulo."
470;sucursales_lugares.csv;"Santa Cruz";"fecha_inicio_vigencia reparada de 09-06-25 a 2025-06-09"
470;sucursales_lugares.csv;"Santa Cruz";"fecha_fin_vigencia reparada de 16-06-25 a 2025-06-16"
471;sucursales_lugares.csv;"Santa Cruz";"tipo_precio tiene valor no permitido linea_hora, se deja nulo."
471;sucursales_lugares.csv;"Santa Cruz";"fecha_inicio_vigencia reparada de 21-05-24 a 2024-05-21"
471;sucursales_lugares.csv;"Santa Cruz";"fecha_fin_vigencia reparada de 19-08-24 a 2024-08-19"
472;sucursales_lugares.csv;"Santa Cruz";"tipo_precio tiene valor no permitido linea_hora, se deja nulo."
472;sucursales_lugares.csv;"Santa Cruz";"fecha_inicio_vigencia reparada de 03-02-24 a 2024-02-03"
472;sucursales_lugares.csv;"Santa Cruz";"fecha_fin_vigencia reparada de 03-04-24 a 2024-04-03"
473;sucursales_lugares.csv;"Santa Cruz";"tipo_precio tiene valor no permitido linea_hora, se deja nulo."
473;sucursales_lugares.csv;"Santa Cruz";"fecha_inicio_vigencia reparada de 25-10-24 a 2024-10-25"
473;sucursales_lugares.csv;"Santa Cruz";"fecha_fin_vigencia reparada de 24-11-24 a 2024-11-24"
474;sucursales_lugares.csv;"Santa Cruz";"tipo_precio tiene valor no permitido linea_hora, se deja nulo."
474;sucursales_lugares.csv;"Santa Cruz";"fecha_inicio_vigencia reparada de 26-01-25 a 2025-01-26"
474;sucursales_lugares.csv;"Santa Cruz";"fecha_fin_vigencia reparada de 02-02-25 a 2025-02-02"
475;sucursales_lugares.csv;"Santa Cruz";"tipo_precio tiene valor no permitido linea_hora, se deja nulo."
475;sucursales_lugares.csv;"Santa Cruz";"fecha_inicio_vigencia reparada de 23-01-24 a 2024-01-23"
475;sucursales_lugares.csv;"Santa Cruz";"fecha_fin_vigencia reparada de 30-01-24 a 2024-01-30"
476;sucursales_lugares.csv;"Santa Cruz";"tipo_precio tiene valor no permitido linea_hora, se deja nulo."
476;sucursales_lugares.csv;"Santa Cruz";"fecha_inicio_vigencia reparada de 05-01-25 a 2025-01-05"
476;sucursales_lugares.csv;"Santa Cruz";"fecha_fin_vigencia reparada de 06-03-25 a 2025-03-06"
477;sucursales_lugares.csv;"Santa Cruz";"tipo_precio tiene valor no permitido linea_hora, se deja nulo."
477;sucursales_lugares.csv;"Santa Cruz";"fecha_inicio_vigencia reparada de 21-07-24 a 2024-07-21"
477;sucursales_lugares.csv;"Santa Cruz";"fecha_fin_vigencia reparada de 20-08-24 a 2024-08-20"
478;sucursales_lugares.csv;"Santa Cruz";"tipo_precio tiene valor no permitido linea_hora, se deja nulo."
478;sucursales_lugares.csv;"Santa Cruz";"fecha_inicio_vigencia reparada de 28-02-24 a 2024-02-28"
478;sucursales_lugares.csv;"Santa Cruz";"fecha_fin_vigencia reparada de 29-03-24 a 2024-03-29"
479;sucursales_lugares.csv;"Santa Cruz";"tipo_precio tiene valor no permitido linea_hora, se deja nulo."
479;sucursales_lugares.csv;"Santa Cruz";"fecha_inicio_vigencia reparada de 26-02-24 a 2024-02-26"
479;sucursales_lugares.csv;"Santa Cruz";"fecha_fin_vigencia reparada de 04-03-24 a 2024-03-04"
480;sucursales_lugares.csv;"Santa Cruz";"tipo_precio tiene valor no permitido linea_hora, se deja nulo."
480;sucursales_lugares.csv;"Santa Cruz";"fecha_inicio_vigencia reparada de 22-11-25 a 2025-11-22"
480;sucursales_lugares.csv;"Santa Cruz";"fecha_fin_vigencia reparada de 22-12-25 a 2025-12-22"
481;sucursales_lugares.csv;"Santa Cruz";"tipo_precio tiene valor no permitido linea_hora, se deja nulo."
481;sucursales_lugares.csv;"Santa Cruz";"fecha_inicio_vigencia reparada de 23-03-25 a 2025-03-23"
481;sucursales_lugares.csv;"Santa Cruz";"fecha_fin_vigencia reparada de 22-05-25 a 2025-05-22"
482;sucursales_lugares.csv;"Santa Cruz";"tipo_precio tiene valor no permitido tramo, se deja nulo."
482;sucursales_lugares.csv;"Santa Cruz";"fecha_inicio_vigencia reparada de 19-12-24 a 2024-12-19"
482;sucursales_lugares.csv;"Santa Cruz";"fecha_fin_vigencia reparada de 18-01-25 a 2025-01-18"
483;sucursales_lugares.csv;"Santa Cruz";"tipo_precio tiene valor no permitido tramo, se deja nulo."
483;sucursales_lugares.csv;"Santa Cruz";"fecha_inicio_vigencia reparada de 03-03-25 a 2025-03-03"
483;sucursales_lugares.csv;"Santa Cruz";"fecha_fin_vigencia reparada de 02-05-25 a 2025-05-02"
484;sucursales_lugares.csv;"Santa Cruz";"tipo_precio tiene valor no permitido tramo, se deja nulo."
484;sucursales_lugares.csv;"Santa Cruz";"fecha_inicio_vigencia reparada de 20-03-25 a 2025-03-20"
484;sucursales_lugares.csv;"Santa Cruz";"fecha_fin_vigencia reparada de 03-04-25 a 2025-04-03"
485;sucursales_lugares.csv;"Santa Cruz";"tipo_precio tiene valor no permitido tramo, se deja nulo."
485;sucursales_lugares.csv;"Santa Cruz";"fecha_inicio_vigencia reparada de 21-07-24 a 2024-07-21"
485;sucursales_lugares.csv;"Santa Cruz";"fecha_fin_vigencia reparada de 28-07-24 a 2024-07-28"
486;sucursales_lugares.csv;"Santa Cruz";"tipo_precio reparado de dia a día"
486;sucursales_lugares.csv;"Santa Cruz";"fecha_inicio_vigencia reparada de 26-03-25 a 2025-03-26"
486;sucursales_lugares.csv;"Santa Cruz";"fecha_fin_vigencia reparada de 24-06-25 a 2025-06-24"
487;sucursales_lugares.csv;"Santa Cruz";"tipo_precio reparado de dia a día"
487;sucursales_lugares.csv;"Santa Cruz";"fecha_inicio_vigencia con formato incompleto o que no se pudo reparar, se reemplaza por nulo"
487;sucursales_lugares.csv;"Santa Cruz";"fecha_fin_vigencia reparada de 20-07-24 a 2024-07-20"
488;sucursales_lugares.csv;"Santa Cruz";"tipo_precio reparado de dia a día"
488;sucursales_lugares.csv;"Santa Cruz";"fecha_inicio_vigencia reparada de 13-08-24 a 2024-08-13"
488;sucursales_lugares.csv;"Santa Cruz";"fecha_fin_vigencia reparada de 11-11-24 a 2024-11-11"
489;sucursales_lugares.csv;"Santa Cruz";"tipo_precio reparado de dia a día"
489;sucursales_lugares.csv;"Santa Cruz";"fecha_inicio_vigencia reparada de 25-03-25 a 2025-03-25"
489;sucursales_lugares.csv;"Santa Cruz";"fecha_fin_vigencia reparada de 23-06-25 a 2025-06-23"
490;sucursales_lugares.csv;"Santa Cruz";"tipo_precio reparado de dia a día"
490;sucursales_lugares.csv;"Santa Cruz";"fecha_inicio_vigencia reparada de 17-08-24 a 2024-08-17"
490;sucursales_lugares.csv;"Santa Cruz";"fecha_fin_vigencia reparada de 16-10-24 a 2024-10-16"
491;sucursales_lugares.csv;"Santa Cruz";"tipo_precio reparado de dia a día"
491;sucursales_lugares.csv;"Santa Cruz";"fecha_inicio_vigencia reparada de 13-02-25 a 2025-02-13"
491;sucursales_lugares.csv;"Santa Cruz";"fecha_fin_vigencia reparada de 14-05-25 a 2025-05-14"
492;sucursales_lugares.csv;"Santa Cruz";"tipo_precio reparado de dia a día"
492;sucursales_lugares.csv;"Santa Cruz";"fecha_inicio_vigencia reparada de 08-02-24 a 2024-02-08"
492;sucursales_lugares.csv;"Santa Cruz";"fecha_fin_vigencia reparada de 15-02-24 a 2024-02-15"
493;sucursales_lugares.csv;"Santa Cruz";"tipo_precio reparado de dia a día"
493;sucursales_lugares.csv;"Santa Cruz";"fecha_inicio_vigencia reparada de 14-06-25 a 2025-06-14"
493;sucursales_lugares.csv;"Santa Cruz";"fecha_fin_vigencia reparada de 21-06-25 a 2025-06-21"
494;sucursales_lugares.csv;"Santa Cruz";"tipo_precio reparado de dia a día"
494;sucursales_lugares.csv;"Santa Cruz";"fecha_inicio_vigencia reparada de 07-08-24 a 2024-08-07"
494;sucursales_lugares.csv;"Santa Cruz";"fecha_fin_vigencia reparada de 05-11-24 a 2024-11-05"
495;sucursales_lugares.csv;"Santa Cruz";"tipo_precio reparado de dia a día"
495;sucursales_lugares.csv;"Santa Cruz";"fecha_inicio_vigencia reparada de 02-08-24 a 2024-08-02"
495;sucursales_lugares.csv;"Santa Cruz";"fecha_fin_vigencia reparada de 16-08-24 a 2024-08-16"
496;sucursales_lugares.csv;"Santa Cruz";"tipo_precio reparado de dia a día"
496;sucursales_lugares.csv;"Santa Cruz";"fecha_inicio_vigencia reparada de 02-09-25 a 2025-09-02"
496;sucursales_lugares.csv;"Santa Cruz";"fecha_fin_vigencia reparada de 01-11-25 a 2025-11-01"
497;sucursales_lugares.csv;"Santa Cruz";"tipo_precio reparado de dia a día"
497;sucursales_lugares.csv;"Santa Cruz";"fecha_inicio_vigencia reparada de 03-03-25 a 2025-03-03"
497;sucursales_lugares.csv;"Santa Cruz";"fecha_fin_vigencia reparada de 02-05-25 a 2025-05-02"
498;sucursales_lugares.csv;"Santa Cruz";"tipo_precio reparado de dia a día"
498;sucursales_lugares.csv;"Santa Cruz";"fecha_inicio_vigencia reparada de 26-11-25 a 2025-11-26"
498;sucursales_lugares.csv;"Santa Cruz";"fecha_fin_vigencia reparada de 24-02-26 a 2026-02-24"
499;sucursales_lugares.csv;"Santa Cruz";"tipo_precio reparado de dia a día"
499;sucursales_lugares.csv;"Santa Cruz";"fecha_inicio_vigencia reparada de 15-11-25 a 2025-11-15"
499;sucursales_lugares.csv;"Santa Cruz";"fecha_fin_vigencia reparada de 15-12-25 a 2025-12-15"
500;sucursales_lugares.csv;"Santa Cruz";"tipo_precio reparado de dia a día"
500;sucursales_lugares.csv;"Santa Cruz";"fecha_inicio_vigencia reparada de 29-03-24 a 2024-03-29"
500;sucursales_lugares.csv;"Santa Cruz";"fecha_fin_vigencia reparada de 12-04-24 a 2024-04-12"
501;sucursales_lugares.csv;"Santa Cruz";"tipo_precio reparado de dia a día"
501;sucursales_lugares.csv;"Santa Cruz";"fecha_inicio_vigencia reparada de 15-07-24 a 2024-07-15"
501;sucursales_lugares.csv;"Santa Cruz";"fecha_fin_vigencia reparada de 13-09-24 a 2024-09-13"
502;sucursales_lugares.csv;"Santa Cruz";"tipo_precio reparado de dia a día"
502;sucursales_lugares.csv;"Santa Cruz";"fecha_inicio_vigencia reparada de 01-10-25 a 2025-10-01"
502;sucursales_lugares.csv;"Santa Cruz";"fecha_fin_vigencia reparada de 30-11-25 a 2025-11-30"
503;sucursales_lugares.csv;"Santa Cruz";"tipo_precio reparado de dia a día"
503;sucursales_lugares.csv;"Santa Cruz";"fecha_inicio_vigencia reparada de 16-08-25 a 2025-08-16"
503;sucursales_lugares.csv;"Santa Cruz";"fecha_fin_vigencia reparada de 15-09-25 a 2025-09-15"
504;sucursales_lugares.csv;"Santa Cruz";"tipo_precio reparado de dia a día"
504;sucursales_lugares.csv;"Santa Cruz";"fecha_inicio_vigencia reparada de 12-09-24 a 2024-09-12"
504;sucursales_lugares.csv;"Santa Cruz";"fecha_fin_vigencia reparada de 11-11-24 a 2024-11-11"
505;sucursales_lugares.csv;"Santa Cruz";"tipo_precio reparado de dia a día"
505;sucursales_lugares.csv;"Santa Cruz";"fecha_inicio_vigencia reparada de 07-10-25 a 2025-10-07"
505;sucursales_lugares.csv;"Santa Cruz";"fecha_fin_vigencia reparada de 21-10-25 a 2025-10-21"
506;sucursales_lugares.csv;"Santa Cruz";"fecha_inicio_vigencia reparada de 17-08-24 a 2024-08-17"
506;sucursales_lugares.csv;"Santa Cruz";"fecha_fin_vigencia reparada de 15-11-24 a 2024-11-15"
507;sucursales_lugares.csv;"Santa Cruz";"fecha_inicio_vigencia reparada de 04-05-25 a 2025-05-04"
507;sucursales_lugares.csv;"Santa Cruz";"fecha_fin_vigencia reparada de 03-06-25 a 2025-06-03"
508;sucursales_lugares.csv;"Santa Cruz";"fecha_inicio_vigencia reparada de 22-05-24 a 2024-05-22"
508;sucursales_lugares.csv;"Santa Cruz";"fecha_fin_vigencia reparada de 29-05-24 a 2024-05-29"
509;sucursales_lugares.csv;"Santa Cruz";"fecha_inicio_vigencia reparada de 21-05-24 a 2024-05-21"
509;sucursales_lugares.csv;"Santa Cruz";"fecha_fin_vigencia reparada de 28-05-24 a 2024-05-28"
510;sucursales_lugares.csv;"Santa Cruz";"fecha_inicio_vigencia reparada de 10-05-24 a 2024-05-10"
510;sucursales_lugares.csv;"Santa Cruz";"fecha_fin_vigencia reparada de 09-06-24 a 2024-06-09"
511;sucursales_lugares.csv;"Santa Cruz";"fecha_inicio_vigencia reparada de 04-03-24 a 2024-03-04"
511;sucursales_lugares.csv;"Santa Cruz";"fecha_fin_vigencia reparada de 03-04-24 a 2024-04-03"
512;sucursales_lugares.csv;"Santa Cruz";"fecha_inicio_vigencia reparada de 18-09-24 a 2024-09-18"
512;sucursales_lugares.csv;"Santa Cruz";"fecha_fin_vigencia reparada de 18-10-24 a 2024-10-18"
513;sucursales_lugares.csv;"Santa Cruz";"fecha_inicio_vigencia reparada de 17-01-24 a 2024-01-17"
513;sucursales_lugares.csv;"Santa Cruz";"fecha_fin_vigencia reparada de 16-04-24 a 2024-04-16"
514;sucursales_lugares.csv;"Santiago Centro";"tipo_precio tiene valor no permitido mesa_hora, se deja nulo."
514;sucursales_lugares.csv;"Santiago Centro";"fecha_inicio_vigencia reparada de 28-07-24 a 2024-07-28"
514;sucursales_lugares.csv;"Santiago Centro";"fecha_fin_vigencia reparada de 04-08-24 a 2024-08-04"
514;sucursales_lugares.csv;"Santiago Centro";"Fila enviada a ERR: precio es obligatorio y viene nulo."
515;sucursales_lugares.csv;"Santiago Centro";"tipo_precio tiene valor no permitido mesa_hora, se deja nulo."
515;sucursales_lugares.csv;"Santiago Centro";"fecha_inicio_vigencia reparada de 30-06-25 a 2025-06-30"
515;sucursales_lugares.csv;"Santiago Centro";"fecha_fin_vigencia reparada de 30-07-25 a 2025-07-30"
515;sucursales_lugares.csv;"Santiago Centro";"Fila enviada a ERR: precio es obligatorio y viene nulo."
516;sucursales_lugares.csv;"Santiago Centro";"tipo_precio tiene valor no permitido mesa_hora, se deja nulo."
516;sucursales_lugares.csv;"Santiago Centro";"fecha_inicio_vigencia reparada de 28-06-25 a 2025-06-28"
516;sucursales_lugares.csv;"Santiago Centro";"fecha_fin_vigencia reparada de 12-07-25 a 2025-07-12"
516;sucursales_lugares.csv;"Santiago Centro";"Fila enviada a ERR: precio es obligatorio y viene nulo."
517;sucursales_lugares.csv;"Santiago Centro";"tipo_precio tiene valor no permitido mesa_hora, se deja nulo."
517;sucursales_lugares.csv;"Santiago Centro";"fecha_inicio_vigencia reparada de 13-11-24 a 2024-11-13"
517;sucursales_lugares.csv;"Santiago Centro";"fecha_fin_vigencia reparada de 27-11-24 a 2024-11-27"
517;sucursales_lugares.csv;"Santiago Centro";"Fila enviada a ERR: precio es obligatorio y viene nulo."
518;sucursales_lugares.csv;"Santiago Centro";"tipo_precio tiene valor no permitido mesa_hora, se deja nulo."
518;sucursales_lugares.csv;"Santiago Centro";"fecha_inicio_vigencia reparada de 29-04-25 a 2025-04-29"
518;sucursales_lugares.csv;"Santiago Centro";"fecha_fin_vigencia reparada de 06-05-25 a 2025-05-06"
518;sucursales_lugares.csv;"Santiago Centro";"Fila enviada a ERR: precio es obligatorio y viene nulo."
519;sucursales_lugares.csv;"Santiago Centro";"tipo_precio tiene valor no permitido mesa_hora, se deja nulo."
519;sucursales_lugares.csv;"Santiago Centro";"fecha_inicio_vigencia reparada de 21-11-24 a 2024-11-21"
519;sucursales_lugares.csv;"Santiago Centro";"fecha_fin_vigencia reparada de 20-01-25 a 2025-01-20"
519;sucursales_lugares.csv;"Santiago Centro";"Fila enviada a ERR: precio es obligatorio y viene nulo."
520;sucursales_lugares.csv;"Santiago Centro";"tipo_precio tiene valor no permitido mesa_hora, se deja nulo."
520;sucursales_lugares.csv;"Santiago Centro";"fecha_inicio_vigencia reparada de 17-07-24 a 2024-07-17"
520;sucursales_lugares.csv;"Santiago Centro";"fecha_fin_vigencia reparada de 15-10-24 a 2024-10-15"
520;sucursales_lugares.csv;"Santiago Centro";"Fila enviada a ERR: precio es obligatorio y viene nulo."
521;sucursales_lugares.csv;"Santiago Centro";"tipo_precio tiene valor no permitido mesa_hora, se deja nulo."
521;sucursales_lugares.csv;"Santiago Centro";"fecha_inicio_vigencia reparada de 24-01-25 a 2025-01-24"
521;sucursales_lugares.csv;"Santiago Centro";"fecha_fin_vigencia reparada de 24-04-25 a 2025-04-24"
521;sucursales_lugares.csv;"Santiago Centro";"Fila enviada a ERR: precio es obligatorio y viene nulo."
522;sucursales_lugares.csv;"Santiago Centro";"tipo_precio tiene valor no permitido mesa_hora, se deja nulo."
522;sucursales_lugares.csv;"Santiago Centro";"fecha_inicio_vigencia reparada de 01-08-24 a 2024-08-01"
522;sucursales_lugares.csv;"Santiago Centro";"fecha_fin_vigencia reparada de 08-08-24 a 2024-08-08"
522;sucursales_lugares.csv;"Santiago Centro";"Fila enviada a ERR: precio es obligatorio y viene nulo."
523;sucursales_lugares.csv;"Santiago Centro";"tipo_precio tiene valor no permitido mesa_hora, se deja nulo."
523;sucursales_lugares.csv;"Santiago Centro";"fecha_inicio_vigencia reparada de 16-09-25 a 2025-09-16"
523;sucursales_lugares.csv;"Santiago Centro";"fecha_fin_vigencia reparada de 30-09-25 a 2025-09-30"
523;sucursales_lugares.csv;"Santiago Centro";"Fila enviada a ERR: precio es obligatorio y viene nulo."
524;sucursales_lugares.csv;"Santiago Centro";"tipo_precio tiene valor no permitido mesa_hora, se deja nulo."
524;sucursales_lugares.csv;"Santiago Centro";"fecha_inicio_vigencia con formato incompleto o que no se pudo reparar, se reemplaza por nulo"
524;sucursales_lugares.csv;"Santiago Centro";"fecha_fin_vigencia reparada de 20-06-25 a 2025-06-20"
524;sucursales_lugares.csv;"Santiago Centro";"Fila enviada a ERR: precio debe ser un numero."
525;sucursales_lugares.csv;"Santiago Centro";"tipo_precio tiene valor no permitido mesa_hora, se deja nulo."
525;sucursales_lugares.csv;"Santiago Centro";"fecha_inicio_vigencia reparada de 20-02-25 a 2025-02-20"
525;sucursales_lugares.csv;"Santiago Centro";"fecha_fin_vigencia reparada de 21-05-25 a 2025-05-21"
525;sucursales_lugares.csv;"Santiago Centro";"Fila enviada a ERR: precio es obligatorio y viene nulo."
526;sucursales_lugares.csv;"Santiago Centro";"tipo_precio tiene valor no permitido mesa_hora, se deja nulo."
526;sucursales_lugares.csv;"Santiago Centro";"fecha_inicio_vigencia reparada de 13-01-24 a 2024-01-13"
526;sucursales_lugares.csv;"Santiago Centro";"fecha_fin_vigencia reparada de 27-01-24 a 2024-01-27"
526;sucursales_lugares.csv;"Santiago Centro";"Fila enviada a ERR: precio es obligatorio y viene nulo."
527;sucursales_lugares.csv;"Santiago Centro";"tipo_precio tiene valor no permitido mesa_hora, se deja nulo."
527;sucursales_lugares.csv;"Santiago Centro";"fecha_inicio_vigencia reparada de 06-09-25 a 2025-09-06"
527;sucursales_lugares.csv;"Santiago Centro";"fecha_fin_vigencia reparada de 06-10-25 a 2025-10-06"
527;sucursales_lugares.csv;"Santiago Centro";"Fila enviada a ERR: precio es obligatorio y viene nulo."
528;sucursales_lugares.csv;"Santiago Centro";"tipo_precio tiene valor no permitido mesa_hora, se deja nulo."
528;sucursales_lugares.csv;"Santiago Centro";"fecha_inicio_vigencia reparada de 10-07-24 a 2024-07-10"
528;sucursales_lugares.csv;"Santiago Centro";"fecha_fin_vigencia reparada de 17-07-24 a 2024-07-17"
528;sucursales_lugares.csv;"Santiago Centro";"Fila enviada a ERR: precio es obligatorio y viene nulo."
529;sucursales_lugares.csv;"Santiago Centro";"tipo_precio tiene valor no permitido mesa_hora, se deja nulo."
529;sucursales_lugares.csv;"Santiago Centro";"fecha_inicio_vigencia reparada de 06-09-25 a 2025-09-06"
529;sucursales_lugares.csv;"Santiago Centro";"fecha_fin_vigencia reparada de 05-12-25 a 2025-12-05"
529;sucursales_lugares.csv;"Santiago Centro";"Fila enviada a ERR: precio es obligatorio y viene nulo."
530;sucursales_lugares.csv;"Santiago Centro";"tipo_precio tiene valor no permitido linea_hora, se deja nulo."
530;sucursales_lugares.csv;"Santiago Centro";"fecha_inicio_vigencia reparada de 21-04-24 a 2024-04-21"
530;sucursales_lugares.csv;"Santiago Centro";"fecha_fin_vigencia reparada de 20-07-24 a 2024-07-20"
531;sucursales_lugares.csv;"Santiago Centro";"tipo_precio tiene valor no permitido linea_hora, se deja nulo."
531;sucursales_lugares.csv;"Santiago Centro";"fecha_inicio_vigencia reparada de 24-12-24 a 2024-12-24"
531;sucursales_lugares.csv;"Santiago Centro";"fecha_fin_vigencia reparada de 24-03-25 a 2025-03-24"
532;sucursales_lugares.csv;"Santiago Centro";"tipo_precio tiene valor no permitido linea_hora, se deja nulo."
532;sucursales_lugares.csv;"Santiago Centro";"fecha_inicio_vigencia reparada de 09-06-25 a 2025-06-09"
532;sucursales_lugares.csv;"Santiago Centro";"fecha_fin_vigencia reparada de 09-07-25 a 2025-07-09"
533;sucursales_lugares.csv;"Santiago Centro";"tipo_precio tiene valor no permitido linea_hora, se deja nulo."
533;sucursales_lugares.csv;"Santiago Centro";"fecha_inicio_vigencia reparada de 05-08-25 a 2025-08-05"
533;sucursales_lugares.csv;"Santiago Centro";"fecha_fin_vigencia reparada de 19-08-25 a 2025-08-19"
534;sucursales_lugares.csv;"Santiago Centro";"tipo_precio tiene valor no permitido linea_hora, se deja nulo."
534;sucursales_lugares.csv;"Santiago Centro";"fecha_inicio_vigencia reparada de 23-11-25 a 2025-11-23"
534;sucursales_lugares.csv;"Santiago Centro";"fecha_fin_vigencia reparada de 30-11-25 a 2025-11-30"
535;sucursales_lugares.csv;"Santiago Centro";"tipo_precio tiene valor no permitido linea_hora, se deja nulo."
535;sucursales_lugares.csv;"Santiago Centro";"fecha_inicio_vigencia reparada de 01-01-25 a 2025-01-01"
535;sucursales_lugares.csv;"Santiago Centro";"fecha_fin_vigencia reparada de 08-01-25 a 2025-01-08"
536;sucursales_lugares.csv;"Santiago Centro";"tipo_precio tiene valor no permitido linea_hora, se deja nulo."
536;sucursales_lugares.csv;"Santiago Centro";"fecha_inicio_vigencia reparada de 28-11-25 a 2025-11-28"
536;sucursales_lugares.csv;"Santiago Centro";"fecha_fin_vigencia reparada de 26-02-26 a 2026-02-26"
537;sucursales_lugares.csv;"Santiago Centro";"tipo_precio tiene valor no permitido linea_hora, se deja nulo."
537;sucursales_lugares.csv;"Santiago Centro";"fecha_inicio_vigencia reparada de 11-06-24 a 2024-06-11"
537;sucursales_lugares.csv;"Santiago Centro";"fecha_fin_vigencia reparada de 09-09-24 a 2024-09-09"
538;sucursales_lugares.csv;"Santiago Centro";"tipo_precio tiene valor no permitido linea_hora, se deja nulo."
538;sucursales_lugares.csv;"Santiago Centro";"fecha_inicio_vigencia reparada de 24-12-24 a 2024-12-24"
538;sucursales_lugares.csv;"Santiago Centro";"fecha_fin_vigencia reparada de 07-01-25 a 2025-01-07"
539;sucursales_lugares.csv;"Santiago Centro";"tipo_precio tiene valor no permitido linea_hora, se deja nulo."
539;sucursales_lugares.csv;"Santiago Centro";"fecha_inicio_vigencia con formato incompleto o que no se pudo reparar, se reemplaza por nulo"
539;sucursales_lugares.csv;"Santiago Centro";"fecha_fin_vigencia reparada de 13-12-25 a 2025-12-13"
540;sucursales_lugares.csv;"Santiago Centro";"tipo_precio tiene valor no permitido linea_hora, se deja nulo."
540;sucursales_lugares.csv;"Santiago Centro";"fecha_inicio_vigencia reparada de 17-02-25 a 2025-02-17"
540;sucursales_lugares.csv;"Santiago Centro";"fecha_fin_vigencia reparada de 18-04-25 a 2025-04-18"
541;sucursales_lugares.csv;"Santiago Centro";"tipo_precio tiene valor no permitido linea_hora, se deja nulo."
541;sucursales_lugares.csv;"Santiago Centro";"fecha_inicio_vigencia reparada de 15-02-24 a 2024-02-15"
541;sucursales_lugares.csv;"Santiago Centro";"fecha_fin_vigencia reparada de 16-03-24 a 2024-03-16"
542;sucursales_lugares.csv;"Santiago Centro";"tipo_precio tiene valor no permitido linea_hora, se deja nulo."
542;sucursales_lugares.csv;"Santiago Centro";"fecha_inicio_vigencia reparada de 08-05-24 a 2024-05-08"
542;sucursales_lugares.csv;"Santiago Centro";"fecha_fin_vigencia reparada de 22-05-24 a 2024-05-22"
543;sucursales_lugares.csv;"Santiago Centro";"tipo_precio tiene valor no permitido linea_hora, se deja nulo."
543;sucursales_lugares.csv;"Santiago Centro";"fecha_inicio_vigencia reparada de 13-12-24 a 2024-12-13"
543;sucursales_lugares.csv;"Santiago Centro";"fecha_fin_vigencia reparada de 13-03-25 a 2025-03-13"
544;sucursales_lugares.csv;"Santiago Centro";"tipo_precio tiene valor no permitido linea_hora, se deja nulo."
544;sucursales_lugares.csv;"Santiago Centro";"fecha_inicio_vigencia reparada de 27-08-24 a 2024-08-27"
544;sucursales_lugares.csv;"Santiago Centro";"fecha_fin_vigencia reparada de 10-09-24 a 2024-09-10"
545;sucursales_lugares.csv;"Santiago Centro";"tipo_precio tiene valor no permitido linea_hora, se deja nulo."
545;sucursales_lugares.csv;"Santiago Centro";"fecha_inicio_vigencia reparada de 30-04-24 a 2024-04-30"
545;sucursales_lugares.csv;"Santiago Centro";"fecha_fin_vigencia reparada de 30-05-24 a 2024-05-30"
546;sucursales_lugares.csv;"Santiago Centro";"tipo_precio tiene valor no permitido tramo, se deja nulo."
546;sucursales_lugares.csv;"Santiago Centro";"fecha_inicio_vigencia reparada de 03-12-24 a 2024-12-03"
546;sucursales_lugares.csv;"Santiago Centro";"fecha_fin_vigencia reparada de 02-01-25 a 2025-01-02"
547;sucursales_lugares.csv;"Santiago Centro";"tipo_precio tiene valor no permitido tramo, se deja nulo."
547;sucursales_lugares.csv;"Santiago Centro";"fecha_inicio_vigencia reparada de 01-03-25 a 2025-03-01"
547;sucursales_lugares.csv;"Santiago Centro";"fecha_fin_vigencia reparada de 15-03-25 a 2025-03-15"
548;sucursales_lugares.csv;"Santiago Centro";"tipo_precio reparado de dia a día"
548;sucursales_lugares.csv;"Santiago Centro";"fecha_inicio_vigencia reparada de 13-08-25 a 2025-08-13"
548;sucursales_lugares.csv;"Santiago Centro";"fecha_fin_vigencia reparada de 12-09-25 a 2025-09-12"
549;sucursales_lugares.csv;"Santiago Centro";"tipo_precio tiene valor no permitido tramo, se deja nulo."
549;sucursales_lugares.csv;"Santiago Centro";"fecha_inicio_vigencia reparada de 09-11-24 a 2024-11-09"
549;sucursales_lugares.csv;"Santiago Centro";"fecha_fin_vigencia reparada de 07-02-25 a 2025-02-07"
550;sucursales_lugares.csv;"Santiago Centro";"tipo_precio reparado de dia a día"
550;sucursales_lugares.csv;"Santiago Centro";"fecha_inicio_vigencia reparada de 01-09-25 a 2025-09-01"
550;sucursales_lugares.csv;"Santiago Centro";"fecha_fin_vigencia reparada de 08-09-25 a 2025-09-08"
551;sucursales_lugares.csv;"Santiago Centro";"tipo_precio reparado de dia a día"
551;sucursales_lugares.csv;"Santiago Centro";"fecha_inicio_vigencia reparada de 13-04-24 a 2024-04-13"
551;sucursales_lugares.csv;"Santiago Centro";"fecha_fin_vigencia reparada de 20-04-24 a 2024-04-20"
552;sucursales_lugares.csv;"Santiago Centro";"tipo_precio reparado de dia a día"
552;sucursales_lugares.csv;"Santiago Centro";"fecha_inicio_vigencia reparada de 07-10-25 a 2025-10-07"
552;sucursales_lugares.csv;"Santiago Centro";"fecha_fin_vigencia reparada de 06-11-25 a 2025-11-06"
552;sucursales_lugares.csv;"Santiago Centro";"Fila enviada a ERR: precio debe ser un numero."
553;sucursales_lugares.csv;"Santiago Centro";"tipo_precio reparado de dia a día"
553;sucursales_lugares.csv;"Santiago Centro";"fecha_inicio_vigencia reparada de 06-11-24 a 2024-11-06"
553;sucursales_lugares.csv;"Santiago Centro";"fecha_fin_vigencia reparada de 06-12-24 a 2024-12-06"
554;sucursales_lugares.csv;"Santiago Centro";"tipo_precio reparado de dia a día"
554;sucursales_lugares.csv;"Santiago Centro";"fecha_inicio_vigencia reparada de 24-11-25 a 2025-11-24"
554;sucursales_lugares.csv;"Santiago Centro";"fecha_fin_vigencia reparada de 22-02-26 a 2026-02-22"
555;sucursales_lugares.csv;"Santiago Centro";"tipo_precio reparado de dia a día"
555;sucursales_lugares.csv;"Santiago Centro";"fecha_inicio_vigencia reparada de 08-12-24 a 2024-12-08"
555;sucursales_lugares.csv;"Santiago Centro";"fecha_fin_vigencia reparada de 15-12-24 a 2024-12-15"
556;sucursales_lugares.csv;"Santiago Centro";"tipo_precio reparado de dia a día"
556;sucursales_lugares.csv;"Santiago Centro";"fecha_inicio_vigencia reparada de 23-07-25 a 2025-07-23"
556;sucursales_lugares.csv;"Santiago Centro";"fecha_fin_vigencia reparada de 21-09-25 a 2025-09-21"
557;sucursales_lugares.csv;"Santiago Centro";"tipo_precio reparado de dia a día"
557;sucursales_lugares.csv;"Santiago Centro";"fecha_inicio_vigencia reparada de 03-02-24 a 2024-02-03"
557;sucursales_lugares.csv;"Santiago Centro";"fecha_fin_vigencia reparada de 04-03-24 a 2024-03-04"
558;sucursales_lugares.csv;"Santiago Centro";"tipo_precio reparado de dia a día"
558;sucursales_lugares.csv;"Santiago Centro";"fecha_inicio_vigencia reparada de 27-07-25 a 2025-07-27"
558;sucursales_lugares.csv;"Santiago Centro";"fecha_fin_vigencia reparada de 25-09-25 a 2025-09-25"
559;sucursales_lugares.csv;"Santiago Centro";"tipo_precio reparado de dia a día"
559;sucursales_lugares.csv;"Santiago Centro";"fecha_inicio_vigencia reparada de 30-12-24 a 2024-12-30"
559;sucursales_lugares.csv;"Santiago Centro";"fecha_fin_vigencia reparada de 13-01-25 a 2025-01-13"
560;sucursales_lugares.csv;"Santiago Centro";"tipo_precio reparado de dia a día"
560;sucursales_lugares.csv;"Santiago Centro";"fecha_inicio_vigencia reparada de 09-12-24 a 2024-12-09"
560;sucursales_lugares.csv;"Santiago Centro";"fecha_fin_vigencia reparada de 16-12-24 a 2024-12-16"
561;sucursales_lugares.csv;"Santiago Centro";"tipo_precio reparado de dia a día"
561;sucursales_lugares.csv;"Santiago Centro";"fecha_inicio_vigencia reparada de 28-05-24 a 2024-05-28"
561;sucursales_lugares.csv;"Santiago Centro";"fecha_fin_vigencia reparada de 26-08-24 a 2024-08-26"
562;sucursales_lugares.csv;"Santiago Centro";"tipo_precio reparado de dia a día"
562;sucursales_lugares.csv;"Santiago Centro";"fecha_inicio_vigencia reparada de 29-03-25 a 2025-03-29"
562;sucursales_lugares.csv;"Santiago Centro";"fecha_fin_vigencia reparada de 12-04-25 a 2025-04-12"
563;sucursales_lugares.csv;"Santiago Centro";"tipo_precio reparado de dia a día"
563;sucursales_lugares.csv;"Santiago Centro";"fecha_inicio_vigencia reparada de 19-05-25 a 2025-05-19"
563;sucursales_lugares.csv;"Santiago Centro";"fecha_fin_vigencia reparada de 18-06-25 a 2025-06-18"
564;sucursales_lugares.csv;"Santiago Centro";"tipo_precio reparado de dia a día"
564;sucursales_lugares.csv;"Santiago Centro";"fecha_inicio_vigencia reparada de 16-09-24 a 2024-09-16"
564;sucursales_lugares.csv;"Santiago Centro";"fecha_fin_vigencia reparada de 15-12-24 a 2024-12-15"
565;sucursales_lugares.csv;"Santiago Centro";"tipo_precio reparado de dia a día"
565;sucursales_lugares.csv;"Santiago Centro";"fecha_inicio_vigencia reparada de 06-09-25 a 2025-09-06"
565;sucursales_lugares.csv;"Santiago Centro";"fecha_fin_vigencia reparada de 05-11-25 a 2025-11-05"
566;sucursales_lugares.csv;"Santiago Centro";"tipo_precio reparado de dia a día"
566;sucursales_lugares.csv;"Santiago Centro";"fecha_inicio_vigencia reparada de 13-06-25 a 2025-06-13"
566;sucursales_lugares.csv;"Santiago Centro";"fecha_fin_vigencia reparada de 11-09-25 a 2025-09-11"
567;sucursales_lugares.csv;"Santiago Centro";"tipo_precio reparado de dia a día"
567;sucursales_lugares.csv;"Santiago Centro";"fecha_inicio_vigencia reparada de 14-05-25 a 2025-05-14"
567;sucursales_lugares.csv;"Santiago Centro";"fecha_fin_vigencia reparada de 21-05-25 a 2025-05-21"
568;sucursales_lugares.csv;"Santiago Centro";"tipo_precio reparado de dia a día"
568;sucursales_lugares.csv;"Santiago Centro";"fecha_inicio_vigencia reparada de 19-09-24 a 2024-09-19"
568;sucursales_lugares.csv;"Santiago Centro";"fecha_fin_vigencia reparada de 03-10-24 a 2024-10-03"
569;sucursales_lugares.csv;"Santiago Centro";"tipo_precio reparado de dia a día"
569;sucursales_lugares.csv;"Santiago Centro";"fecha_inicio_vigencia reparada de 15-11-25 a 2025-11-15"
569;sucursales_lugares.csv;"Santiago Centro";"fecha_fin_vigencia reparada de 15-12-25 a 2025-12-15"
569;sucursales_lugares.csv;"Santiago Centro";"Fila enviada a ERR: precio debe ser un numero."
570;sucursales_lugares.csv;"Santiago Centro";"fecha_inicio_vigencia reparada de 29-07-25 a 2025-07-29"
570;sucursales_lugares.csv;"Santiago Centro";"fecha_fin_vigencia reparada de 27-10-25 a 2025-10-27"
571;sucursales_lugares.csv;"Santiago Centro";"fecha_inicio_vigencia reparada de 29-11-25 a 2025-11-29"
571;sucursales_lugares.csv;"Santiago Centro";"fecha_fin_vigencia reparada de 29-12-25 a 2025-12-29"
572;sucursales_lugares.csv;"Santiago Centro";"fecha_inicio_vigencia con formato incompleto o que no se pudo reparar, se reemplaza por nulo"
572;sucursales_lugares.csv;"Santiago Centro";"fecha_fin_vigencia reparada de 05-07-25 a 2025-07-05"
572;sucursales_lugares.csv;"Santiago Centro";"Fila enviada a ERR: precio debe ser un numero."
573;sucursales_lugares.csv;"Santiago Centro";"fecha_inicio_vigencia reparada de 05-10-25 a 2025-10-05"
573;sucursales_lugares.csv;"Santiago Centro";"fecha_fin_vigencia reparada de 04-11-25 a 2025-11-04"
574;sucursales_lugares.csv;"Santiago Centro";"fecha_inicio_vigencia reparada de 17-10-25 a 2025-10-17"
574;sucursales_lugares.csv;"Santiago Centro";"fecha_fin_vigencia reparada de 16-12-25 a 2025-12-16"
575;sucursales_lugares.csv;"Santiago Centro";"fecha_inicio_vigencia reparada de 09-04-25 a 2025-04-09"
575;sucursales_lugares.csv;"Santiago Centro";"fecha_fin_vigencia reparada de 09-05-25 a 2025-05-09"
576;sucursales_lugares.csv;"Santiago Centro";"fecha_inicio_vigencia reparada de 01-06-25 a 2025-06-01"
576;sucursales_lugares.csv;"Santiago Centro";"fecha_fin_vigencia reparada de 08-06-25 a 2025-06-08"
577;sucursales_lugares.csv;"Santiago Centro";"fecha_inicio_vigencia con formato incompleto o que no se pudo reparar, se reemplaza por nulo"
577;sucursales_lugares.csv;"Santiago Centro";"fecha_fin_vigencia reparada de 16-09-25 a 2025-09-16"
577;sucursales_lugares.csv;"Santiago Centro";"Fila enviada a ERR: precio debe ser un numero."
578;sucursales_lugares.csv;Providencia;"tipo_precio tiene valor no permitido mesa_hora, se deja nulo."
578;sucursales_lugares.csv;Providencia;"fecha_inicio_vigencia reparada de 08-03-24 a 2024-03-08"
578;sucursales_lugares.csv;Providencia;"fecha_fin_vigencia reparada de 22-03-24 a 2024-03-22"
578;sucursales_lugares.csv;Providencia;"Fila enviada a ERR: precio es obligatorio y viene nulo."
579;sucursales_lugares.csv;Providencia;"tipo_precio tiene valor no permitido mesa_hora, se deja nulo."
579;sucursales_lugares.csv;Providencia;"fecha_inicio_vigencia reparada de 27-06-25 a 2025-06-27"
579;sucursales_lugares.csv;Providencia;"fecha_fin_vigencia reparada de 26-08-25 a 2025-08-26"
579;sucursales_lugares.csv;Providencia;"Fila enviada a ERR: precio es obligatorio y viene nulo."
580;sucursales_lugares.csv;Providencia;"tipo_precio tiene valor no permitido mesa_hora, se deja nulo."
580;sucursales_lugares.csv;Providencia;"fecha_inicio_vigencia reparada de 20-10-25 a 2025-10-20"
580;sucursales_lugares.csv;Providencia;"fecha_fin_vigencia reparada de 27-10-25 a 2025-10-27"
580;sucursales_lugares.csv;Providencia;"Fila enviada a ERR: precio es obligatorio y viene nulo."
581;sucursales_lugares.csv;Providencia;"tipo_precio tiene valor no permitido mesa_hora, se deja nulo."
581;sucursales_lugares.csv;Providencia;"fecha_inicio_vigencia reparada de 19-11-24 a 2024-11-19"
581;sucursales_lugares.csv;Providencia;"fecha_fin_vigencia reparada de 18-01-25 a 2025-01-18"
581;sucursales_lugares.csv;Providencia;"Fila enviada a ERR: precio es obligatorio y viene nulo."
582;sucursales_lugares.csv;Providencia;"tipo_precio tiene valor no permitido mesa_hora, se deja nulo."
582;sucursales_lugares.csv;Providencia;"fecha_inicio_vigencia reparada de 29-05-24 a 2024-05-29"
582;sucursales_lugares.csv;Providencia;"fecha_fin_vigencia reparada de 28-06-24 a 2024-06-28"
582;sucursales_lugares.csv;Providencia;"Fila enviada a ERR: precio es obligatorio y viene nulo."
583;sucursales_lugares.csv;Providencia;"tipo_precio tiene valor no permitido mesa_hora, se deja nulo."
583;sucursales_lugares.csv;Providencia;"fecha_inicio_vigencia reparada de 24-09-24 a 2024-09-24"
583;sucursales_lugares.csv;Providencia;"fecha_fin_vigencia reparada de 23-11-24 a 2024-11-23"
583;sucursales_lugares.csv;Providencia;"Fila enviada a ERR: precio es obligatorio y viene nulo."
584;sucursales_lugares.csv;Providencia;"tipo_precio tiene valor no permitido mesa_hora, se deja nulo."
584;sucursales_lugares.csv;Providencia;"fecha_inicio_vigencia reparada de 11-10-24 a 2024-10-11"
584;sucursales_lugares.csv;Providencia;"fecha_fin_vigencia reparada de 18-10-24 a 2024-10-18"
584;sucursales_lugares.csv;Providencia;"Fila enviada a ERR: precio es obligatorio y viene nulo."
585;sucursales_lugares.csv;Providencia;"tipo_precio tiene valor no permitido mesa_hora, se deja nulo."
585;sucursales_lugares.csv;Providencia;"fecha_inicio_vigencia reparada de 07-04-25 a 2025-04-07"
585;sucursales_lugares.csv;Providencia;"fecha_fin_vigencia reparada de 07-05-25 a 2025-05-07"
585;sucursales_lugares.csv;Providencia;"Fila enviada a ERR: precio es obligatorio y viene nulo."
586;sucursales_lugares.csv;Providencia;"tipo_precio tiene valor no permitido mesa_hora, se deja nulo."
586;sucursales_lugares.csv;Providencia;"fecha_inicio_vigencia reparada de 09-06-25 a 2025-06-09"
586;sucursales_lugares.csv;Providencia;"fecha_fin_vigencia reparada de 07-09-25 a 2025-09-07"
586;sucursales_lugares.csv;Providencia;"Fila enviada a ERR: precio es obligatorio y viene nulo."
587;sucursales_lugares.csv;Providencia;"tipo_precio tiene valor no permitido mesa_hora, se deja nulo."
587;sucursales_lugares.csv;Providencia;"fecha_inicio_vigencia reparada de 08-08-24 a 2024-08-08"
587;sucursales_lugares.csv;Providencia;"fecha_fin_vigencia reparada de 07-09-24 a 2024-09-07"
587;sucursales_lugares.csv;Providencia;"Fila enviada a ERR: precio es obligatorio y viene nulo."
588;sucursales_lugares.csv;Providencia;"tipo_precio tiene valor no permitido mesa_hora, se deja nulo."
588;sucursales_lugares.csv;Providencia;"fecha_inicio_vigencia reparada de 29-11-24 a 2024-11-29"
588;sucursales_lugares.csv;Providencia;"fecha_fin_vigencia reparada de 13-12-24 a 2024-12-13"
588;sucursales_lugares.csv;Providencia;"Fila enviada a ERR: precio es obligatorio y viene nulo."
589;sucursales_lugares.csv;Providencia;"tipo_precio tiene valor no permitido mesa_hora, se deja nulo."
589;sucursales_lugares.csv;Providencia;"fecha_inicio_vigencia reparada de 20-09-25 a 2025-09-20"
589;sucursales_lugares.csv;Providencia;"fecha_fin_vigencia reparada de 19-11-25 a 2025-11-19"
589;sucursales_lugares.csv;Providencia;"Fila enviada a ERR: precio es obligatorio y viene nulo."
590;sucursales_lugares.csv;Providencia;"tipo_precio tiene valor no permitido mesa_hora, se deja nulo."
590;sucursales_lugares.csv;Providencia;"fecha_inicio_vigencia reparada de 17-06-25 a 2025-06-17"
590;sucursales_lugares.csv;Providencia;"fecha_fin_vigencia reparada de 24-06-25 a 2025-06-24"
590;sucursales_lugares.csv;Providencia;"Fila enviada a ERR: precio es obligatorio y viene nulo."
591;sucursales_lugares.csv;Providencia;"tipo_precio tiene valor no permitido mesa_hora, se deja nulo."
591;sucursales_lugares.csv;Providencia;"fecha_inicio_vigencia reparada de 28-05-24 a 2024-05-28"
591;sucursales_lugares.csv;Providencia;"fecha_fin_vigencia reparada de 27-07-24 a 2024-07-27"
591;sucursales_lugares.csv;Providencia;"Fila enviada a ERR: precio es obligatorio y viene nulo."
592;sucursales_lugares.csv;Providencia;"tipo_precio tiene valor no permitido mesa_hora, se deja nulo."
592;sucursales_lugares.csv;Providencia;"fecha_inicio_vigencia reparada de 11-08-24 a 2024-08-11"
592;sucursales_lugares.csv;Providencia;"fecha_fin_vigencia reparada de 18-08-24 a 2024-08-18"
592;sucursales_lugares.csv;Providencia;"Fila enviada a ERR: precio es obligatorio y viene nulo."
593;sucursales_lugares.csv;Providencia;"tipo_precio tiene valor no permitido mesa_hora, se deja nulo."
593;sucursales_lugares.csv;Providencia;"fecha_inicio_vigencia reparada de 09-08-24 a 2024-08-09"
593;sucursales_lugares.csv;Providencia;"fecha_fin_vigencia reparada de 08-09-24 a 2024-09-08"
593;sucursales_lugares.csv;Providencia;"Fila enviada a ERR: precio es obligatorio y viene nulo."
594;sucursales_lugares.csv;Providencia;"tipo_precio tiene valor no permitido linea_hora, se deja nulo."
594;sucursales_lugares.csv;Providencia;"fecha_inicio_vigencia reparada de 07-04-24 a 2024-04-07"
594;sucursales_lugares.csv;Providencia;"fecha_fin_vigencia reparada de 21-04-24 a 2024-04-21"
595;sucursales_lugares.csv;Providencia;"tipo_precio tiene valor no permitido linea_hora, se deja nulo."
595;sucursales_lugares.csv;Providencia;"fecha_inicio_vigencia reparada de 06-09-25 a 2025-09-06"
595;sucursales_lugares.csv;Providencia;"fecha_fin_vigencia reparada de 05-11-25 a 2025-11-05"
596;sucursales_lugares.csv;Providencia;"tipo_precio tiene valor no permitido linea_hora, se deja nulo."
596;sucursales_lugares.csv;Providencia;"fecha_inicio_vigencia reparada de 11-04-24 a 2024-04-11"
596;sucursales_lugares.csv;Providencia;"fecha_fin_vigencia reparada de 11-05-24 a 2024-05-11"
597;sucursales_lugares.csv;Providencia;"tipo_precio tiene valor no permitido linea_hora, se deja nulo."
597;sucursales_lugares.csv;Providencia;"fecha_inicio_vigencia reparada de 01-12-25 a 2025-12-01"
597;sucursales_lugares.csv;Providencia;"fecha_fin_vigencia reparada de 08-12-25 a 2025-12-08"
598;sucursales_lugares.csv;Providencia;"tipo_precio tiene valor no permitido linea_hora, se deja nulo."
598;sucursales_lugares.csv;Providencia;"fecha_inicio_vigencia reparada de 05-04-24 a 2024-04-05"
598;sucursales_lugares.csv;Providencia;"fecha_fin_vigencia reparada de 19-04-24 a 2024-04-19"
598;sucursales_lugares.csv;Providencia;"Fila enviada a ERR: precio debe ser un numero."
599;sucursales_lugares.csv;Providencia;"tipo_precio tiene valor no permitido linea_hora, se deja nulo."
599;sucursales_lugares.csv;Providencia;"fecha_inicio_vigencia reparada de 27-10-25 a 2025-10-27"
599;sucursales_lugares.csv;Providencia;"fecha_fin_vigencia reparada de 10-11-25 a 2025-11-10"
600;sucursales_lugares.csv;Providencia;"tipo_precio tiene valor no permitido linea_hora, se deja nulo."
600;sucursales_lugares.csv;Providencia;"fecha_inicio_vigencia con formato incompleto o que no se pudo reparar, se reemplaza por nulo"
600;sucursales_lugares.csv;Providencia;"fecha_fin_vigencia reparada de 27-05-25 a 2025-05-27"
600;sucursales_lugares.csv;Providencia;"Fila enviada a ERR: precio debe ser un numero."
601;sucursales_lugares.csv;Providencia;"tipo_precio tiene valor no permitido linea_hora, se deja nulo."
601;sucursales_lugares.csv;Providencia;"fecha_inicio_vigencia con formato incompleto o que no se pudo reparar, se reemplaza por nulo"
601;sucursales_lugares.csv;Providencia;"fecha_fin_vigencia reparada de 20-06-24 a 2024-06-20"
602;sucursales_lugares.csv;Providencia;"tipo_precio tiene valor no permitido linea_hora, se deja nulo."
602;sucursales_lugares.csv;Providencia;"fecha_inicio_vigencia reparada de 21-10-24 a 2024-10-21"
602;sucursales_lugares.csv;Providencia;"fecha_fin_vigencia reparada de 28-10-24 a 2024-10-28"
603;sucursales_lugares.csv;Providencia;"tipo_precio tiene valor no permitido linea_hora, se deja nulo."
603;sucursales_lugares.csv;Providencia;"fecha_inicio_vigencia reparada de 12-10-25 a 2025-10-12"
603;sucursales_lugares.csv;Providencia;"fecha_fin_vigencia reparada de 26-10-25 a 2025-10-26"
604;sucursales_lugares.csv;Providencia;"tipo_precio tiene valor no permitido linea_hora, se deja nulo."
604;sucursales_lugares.csv;Providencia;"fecha_inicio_vigencia reparada de 28-04-24 a 2024-04-28"
604;sucursales_lugares.csv;Providencia;"fecha_fin_vigencia reparada de 28-05-24 a 2024-05-28"
605;sucursales_lugares.csv;Providencia;"tipo_precio tiene valor no permitido linea_hora, se deja nulo."
605;sucursales_lugares.csv;Providencia;"fecha_inicio_vigencia con formato incompleto o que no se pudo reparar, se reemplaza por nulo"
605;sucursales_lugares.csv;Providencia;"fecha_fin_vigencia reparada de 24-03-24 a 2024-03-24"
605;sucursales_lugares.csv;Providencia;"Fila enviada a ERR: precio debe ser un numero."
606;sucursales_lugares.csv;Providencia;"tipo_precio tiene valor no permitido linea_hora, se deja nulo."
606;sucursales_lugares.csv;Providencia;"fecha_inicio_vigencia reparada de 07-01-24 a 2024-01-07"
606;sucursales_lugares.csv;Providencia;"fecha_fin_vigencia reparada de 06-02-24 a 2024-02-06"
607;sucursales_lugares.csv;Providencia;"tipo_precio tiene valor no permitido linea_hora, se deja nulo."
607;sucursales_lugares.csv;Providencia;"fecha_inicio_vigencia reparada de 13-05-24 a 2024-05-13"
607;sucursales_lugares.csv;Providencia;"fecha_fin_vigencia reparada de 12-07-24 a 2024-07-12"
608;sucursales_lugares.csv;Providencia;"tipo_precio tiene valor no permitido linea_hora, se deja nulo."
608;sucursales_lugares.csv;Providencia;"fecha_inicio_vigencia reparada de 25-09-25 a 2025-09-25"
608;sucursales_lugares.csv;Providencia;"fecha_fin_vigencia reparada de 25-10-25 a 2025-10-25"
609;sucursales_lugares.csv;Providencia;"tipo_precio tiene valor no permitido linea_hora, se deja nulo."
609;sucursales_lugares.csv;Providencia;"fecha_inicio_vigencia reparada de 13-04-25 a 2025-04-13"
609;sucursales_lugares.csv;Providencia;"fecha_fin_vigencia reparada de 27-04-25 a 2025-04-27"
610;sucursales_lugares.csv;Providencia;"tipo_precio tiene valor no permitido tramo, se deja nulo."
610;sucursales_lugares.csv;Providencia;"fecha_inicio_vigencia reparada de 27-06-25 a 2025-06-27"
610;sucursales_lugares.csv;Providencia;"fecha_fin_vigencia reparada de 04-07-25 a 2025-07-04"
611;sucursales_lugares.csv;Providencia;"tipo_precio tiene valor no permitido tramo, se deja nulo."
611;sucursales_lugares.csv;Providencia;"fecha_inicio_vigencia reparada de 24-11-25 a 2025-11-24"
611;sucursales_lugares.csv;Providencia;"fecha_fin_vigencia reparada de 01-12-25 a 2025-12-01"
612;sucursales_lugares.csv;Providencia;"tipo_precio tiene valor no permitido tramo, se deja nulo."
612;sucursales_lugares.csv;Providencia;"fecha_inicio_vigencia reparada de 05-03-24 a 2024-03-05"
612;sucursales_lugares.csv;Providencia;"fecha_fin_vigencia reparada de 04-04-24 a 2024-04-04"
612;sucursales_lugares.csv;Providencia;"Fila enviada a ERR: precio debe ser un numero."
613;sucursales_lugares.csv;Providencia;"tipo_precio tiene valor no permitido tramo, se deja nulo."
613;sucursales_lugares.csv;Providencia;"fecha_inicio_vigencia reparada de 16-07-24 a 2024-07-16"
613;sucursales_lugares.csv;Providencia;"fecha_fin_vigencia reparada de 15-08-24 a 2024-08-15"
614;sucursales_lugares.csv;Providencia;"tipo_precio reparado de dia a día"
614;sucursales_lugares.csv;Providencia;"fecha_inicio_vigencia reparada de 04-03-25 a 2025-03-04"
614;sucursales_lugares.csv;Providencia;"fecha_fin_vigencia reparada de 18-03-25 a 2025-03-18"
615;sucursales_lugares.csv;Providencia;"tipo_precio reparado de dia a día"
615;sucursales_lugares.csv;Providencia;"fecha_inicio_vigencia reparada de 06-09-25 a 2025-09-06"
615;sucursales_lugares.csv;Providencia;"fecha_fin_vigencia reparada de 05-12-25 a 2025-12-05"
616;sucursales_lugares.csv;Providencia;"tipo_precio reparado de dia a día"
616;sucursales_lugares.csv;Providencia;"fecha_inicio_vigencia reparada de 14-12-24 a 2024-12-14"
616;sucursales_lugares.csv;Providencia;"fecha_fin_vigencia reparada de 13-01-25 a 2025-01-13"
617;sucursales_lugares.csv;Providencia;"tipo_precio reparado de dia a día"
617;sucursales_lugares.csv;Providencia;"fecha_inicio_vigencia reparada de 07-07-24 a 2024-07-07"
617;sucursales_lugares.csv;Providencia;"fecha_fin_vigencia reparada de 21-07-24 a 2024-07-21"
618;sucursales_lugares.csv;Providencia;"tipo_precio reparado de dia a día"
618;sucursales_lugares.csv;Providencia;"fecha_inicio_vigencia reparada de 21-01-24 a 2024-01-21"
618;sucursales_lugares.csv;Providencia;"fecha_fin_vigencia reparada de 21-03-24 a 2024-03-21"
619;sucursales_lugares.csv;Providencia;"tipo_precio reparado de dia a día"
619;sucursales_lugares.csv;Providencia;"fecha_inicio_vigencia reparada de 25-09-25 a 2025-09-25"
619;sucursales_lugares.csv;Providencia;"fecha_fin_vigencia reparada de 09-10-25 a 2025-10-09"
620;sucursales_lugares.csv;Providencia;"tipo_precio reparado de dia a día"
620;sucursales_lugares.csv;Providencia;"fecha_inicio_vigencia reparada de 12-02-25 a 2025-02-12"
620;sucursales_lugares.csv;Providencia;"fecha_fin_vigencia reparada de 14-03-25 a 2025-03-14"
621;sucursales_lugares.csv;Providencia;"tipo_precio reparado de dia a día"
621;sucursales_lugares.csv;Providencia;"fecha_inicio_vigencia reparada de 27-01-24 a 2024-01-27"
621;sucursales_lugares.csv;Providencia;"fecha_fin_vigencia reparada de 03-02-24 a 2024-02-03"
622;sucursales_lugares.csv;Providencia;"tipo_precio reparado de dia a día"
622;sucursales_lugares.csv;Providencia;"fecha_inicio_vigencia reparada de 28-11-25 a 2025-11-28"
622;sucursales_lugares.csv;Providencia;"fecha_fin_vigencia reparada de 12-12-25 a 2025-12-12"
623;sucursales_lugares.csv;Providencia;"tipo_precio reparado de dia a día"
623;sucursales_lugares.csv;Providencia;"fecha_inicio_vigencia reparada de 13-05-24 a 2024-05-13"
623;sucursales_lugares.csv;Providencia;"fecha_fin_vigencia reparada de 20-05-24 a 2024-05-20"
624;sucursales_lugares.csv;Providencia;"tipo_precio reparado de dia a día"
624;sucursales_lugares.csv;Providencia;"fecha_inicio_vigencia reparada de 05-07-24 a 2024-07-05"
624;sucursales_lugares.csv;Providencia;"fecha_fin_vigencia reparada de 12-07-24 a 2024-07-12"
625;sucursales_lugares.csv;Providencia;"tipo_precio reparado de dia a día"
625;sucursales_lugares.csv;Providencia;"fecha_inicio_vigencia reparada de 29-11-24 a 2024-11-29"
625;sucursales_lugares.csv;Providencia;"fecha_fin_vigencia reparada de 28-01-25 a 2025-01-28"
626;sucursales_lugares.csv;Providencia;"tipo_precio reparado de dia a día"
626;sucursales_lugares.csv;Providencia;"fecha_inicio_vigencia reparada de 01-04-25 a 2025-04-01"
626;sucursales_lugares.csv;Providencia;"fecha_fin_vigencia reparada de 15-04-25 a 2025-04-15"
627;sucursales_lugares.csv;Providencia;"tipo_precio reparado de dia a día"
627;sucursales_lugares.csv;Providencia;"fecha_inicio_vigencia reparada de 18-03-24 a 2024-03-18"
627;sucursales_lugares.csv;Providencia;"fecha_fin_vigencia reparada de 17-04-24 a 2024-04-17"
628;sucursales_lugares.csv;Providencia;"tipo_precio reparado de dia a día"
628;sucursales_lugares.csv;Providencia;"fecha_inicio_vigencia reparada de 25-08-25 a 2025-08-25"
628;sucursales_lugares.csv;Providencia;"fecha_fin_vigencia reparada de 24-10-25 a 2025-10-24"
629;sucursales_lugares.csv;Providencia;"tipo_precio reparado de dia a día"
629;sucursales_lugares.csv;Providencia;"fecha_inicio_vigencia reparada de 03-07-24 a 2024-07-03"
629;sucursales_lugares.csv;Providencia;"fecha_fin_vigencia reparada de 02-08-24 a 2024-08-02"
630;sucursales_lugares.csv;Providencia;"tipo_precio reparado de dia a día"
630;sucursales_lugares.csv;Providencia;"fecha_inicio_vigencia reparada de 26-07-24 a 2024-07-26"
630;sucursales_lugares.csv;Providencia;"fecha_fin_vigencia reparada de 25-08-24 a 2024-08-25"
631;sucursales_lugares.csv;Providencia;"tipo_precio reparado de dia a día"
631;sucursales_lugares.csv;Providencia;"fecha_inicio_vigencia reparada de 04-01-25 a 2025-01-04"
631;sucursales_lugares.csv;Providencia;"fecha_fin_vigencia reparada de 11-01-25 a 2025-01-11"
632;sucursales_lugares.csv;Providencia;"tipo_precio reparado de dia a día"
632;sucursales_lugares.csv;Providencia;"fecha_inicio_vigencia reparada de 01-03-24 a 2024-03-01"
632;sucursales_lugares.csv;Providencia;"fecha_fin_vigencia reparada de 15-03-24 a 2024-03-15"
633;sucursales_lugares.csv;Providencia;"tipo_precio reparado de dia a día"
633;sucursales_lugares.csv;Providencia;"fecha_inicio_vigencia reparada de 12-03-24 a 2024-03-12"
633;sucursales_lugares.csv;Providencia;"fecha_fin_vigencia reparada de 26-03-24 a 2024-03-26"
634;sucursales_lugares.csv;Providencia;"fecha_inicio_vigencia reparada de 13-01-24 a 2024-01-13"
634;sucursales_lugares.csv;Providencia;"fecha_fin_vigencia reparada de 20-01-24 a 2024-01-20"
635;sucursales_lugares.csv;Providencia;"fecha_inicio_vigencia reparada de 29-11-25 a 2025-11-29"
635;sucursales_lugares.csv;Providencia;"fecha_fin_vigencia reparada de 13-12-25 a 2025-12-13"
636;sucursales_lugares.csv;Providencia;"fecha_inicio_vigencia reparada de 10-04-24 a 2024-04-10"
636;sucursales_lugares.csv;Providencia;"fecha_fin_vigencia reparada de 17-04-24 a 2024-04-17"
637;sucursales_lugares.csv;Providencia;"fecha_inicio_vigencia reparada de 10-06-25 a 2025-06-10"
637;sucursales_lugares.csv;Providencia;"fecha_fin_vigencia reparada de 09-08-25 a 2025-08-09"
638;sucursales_lugares.csv;Providencia;"fecha_inicio_vigencia reparada de 06-03-25 a 2025-03-06"
638;sucursales_lugares.csv;Providencia;"fecha_fin_vigencia reparada de 13-03-25 a 2025-03-13"
639;sucursales_lugares.csv;Providencia;"fecha_inicio_vigencia reparada de 28-06-25 a 2025-06-28"
639;sucursales_lugares.csv;Providencia;"fecha_fin_vigencia reparada de 26-09-25 a 2025-09-26"
640;sucursales_lugares.csv;Providencia;"fecha_inicio_vigencia reparada de 18-10-25 a 2025-10-18"
640;sucursales_lugares.csv;Providencia;"fecha_fin_vigencia reparada de 01-11-25 a 2025-11-01"
641;sucursales_lugares.csv;Providencia;"fecha_inicio_vigencia reparada de 28-10-24 a 2024-10-28"
641;sucursales_lugares.csv;Providencia;"fecha_fin_vigencia reparada de 27-11-24 a 2024-11-27"
642;sucursales_lugares.csv;"La Florida";"tipo_precio tiene valor no permitido mesa_hora, se deja nulo."
642;sucursales_lugares.csv;"La Florida";"fecha_inicio_vigencia reparada de 24-01-24 a 2024-01-24"
642;sucursales_lugares.csv;"La Florida";"fecha_fin_vigencia reparada de 23-02-24 a 2024-02-23"
642;sucursales_lugares.csv;"La Florida";"Fila enviada a ERR: precio es obligatorio y viene nulo."
643;sucursales_lugares.csv;"La Florida";"tipo_precio tiene valor no permitido mesa_hora, se deja nulo."
643;sucursales_lugares.csv;"La Florida";"fecha_inicio_vigencia reparada de 29-06-24 a 2024-06-29"
643;sucursales_lugares.csv;"La Florida";"fecha_fin_vigencia reparada de 13-07-24 a 2024-07-13"
643;sucursales_lugares.csv;"La Florida";"Fila enviada a ERR: precio es obligatorio y viene nulo."
644;sucursales_lugares.csv;"La Florida";"tipo_precio tiene valor no permitido mesa_hora, se deja nulo."
644;sucursales_lugares.csv;"La Florida";"fecha_inicio_vigencia reparada de 03-09-25 a 2025-09-03"
644;sucursales_lugares.csv;"La Florida";"fecha_fin_vigencia reparada de 17-09-25 a 2025-09-17"
644;sucursales_lugares.csv;"La Florida";"Fila enviada a ERR: precio es obligatorio y viene nulo."
645;sucursales_lugares.csv;"La Florida";"tipo_precio tiene valor no permitido mesa_hora, se deja nulo."
645;sucursales_lugares.csv;"La Florida";"fecha_inicio_vigencia reparada de 06-04-25 a 2025-04-06"
645;sucursales_lugares.csv;"La Florida";"fecha_fin_vigencia reparada de 13-04-25 a 2025-04-13"
645;sucursales_lugares.csv;"La Florida";"Fila enviada a ERR: precio es obligatorio y viene nulo."
646;sucursales_lugares.csv;"La Florida";"tipo_precio tiene valor no permitido mesa_hora, se deja nulo."
646;sucursales_lugares.csv;"La Florida";"fecha_inicio_vigencia reparada de 07-02-25 a 2025-02-07"
646;sucursales_lugares.csv;"La Florida";"fecha_fin_vigencia reparada de 08-04-25 a 2025-04-08"
646;sucursales_lugares.csv;"La Florida";"Fila enviada a ERR: precio es obligatorio y viene nulo."
647;sucursales_lugares.csv;"La Florida";"tipo_precio tiene valor no permitido mesa_hora, se deja nulo."
647;sucursales_lugares.csv;"La Florida";"fecha_inicio_vigencia reparada de 06-09-24 a 2024-09-06"
647;sucursales_lugares.csv;"La Florida";"fecha_fin_vigencia reparada de 05-11-24 a 2024-11-05"
647;sucursales_lugares.csv;"La Florida";"Fila enviada a ERR: precio es obligatorio y viene nulo."
648;sucursales_lugares.csv;"La Florida";"tipo_precio tiene valor no permitido mesa_hora, se deja nulo."
648;sucursales_lugares.csv;"La Florida";"fecha_inicio_vigencia reparada de 17-03-25 a 2025-03-17"
648;sucursales_lugares.csv;"La Florida";"fecha_fin_vigencia reparada de 31-03-25 a 2025-03-31"
648;sucursales_lugares.csv;"La Florida";"Fila enviada a ERR: precio es obligatorio y viene nulo."
649;sucursales_lugares.csv;"La Florida";"tipo_precio tiene valor no permitido mesa_hora, se deja nulo."
649;sucursales_lugares.csv;"La Florida";"fecha_inicio_vigencia reparada de 12-01-25 a 2025-01-12"
649;sucursales_lugares.csv;"La Florida";"fecha_fin_vigencia reparada de 12-04-25 a 2025-04-12"
649;sucursales_lugares.csv;"La Florida";"Fila enviada a ERR: precio es obligatorio y viene nulo."
650;sucursales_lugares.csv;"La Florida";"tipo_precio tiene valor no permitido mesa_hora, se deja nulo."
650;sucursales_lugares.csv;"La Florida";"fecha_inicio_vigencia reparada de 19-05-24 a 2024-05-19"
650;sucursales_lugares.csv;"La Florida";"fecha_fin_vigencia reparada de 17-08-24 a 2024-08-17"
650;sucursales_lugares.csv;"La Florida";"Fila enviada a ERR: precio es obligatorio y viene nulo."
651;sucursales_lugares.csv;"La Florida";"tipo_precio tiene valor no permitido mesa_hora, se deja nulo."
651;sucursales_lugares.csv;"La Florida";"fecha_inicio_vigencia reparada de 28-07-25 a 2025-07-28"
651;sucursales_lugares.csv;"La Florida";"fecha_fin_vigencia reparada de 11-08-25 a 2025-08-11"
651;sucursales_lugares.csv;"La Florida";"Fila enviada a ERR: precio es obligatorio y viene nulo."
652;sucursales_lugares.csv;"La Florida";"tipo_precio tiene valor no permitido mesa_hora, se deja nulo."
652;sucursales_lugares.csv;"La Florida";"fecha_inicio_vigencia reparada de 06-07-24 a 2024-07-06"
652;sucursales_lugares.csv;"La Florida";"fecha_fin_vigencia reparada de 04-09-24 a 2024-09-04"
652;sucursales_lugares.csv;"La Florida";"Fila enviada a ERR: precio es obligatorio y viene nulo."
653;sucursales_lugares.csv;"La Florida";"tipo_precio tiene valor no permitido mesa_hora, se deja nulo."
653;sucursales_lugares.csv;"La Florida";"fecha_inicio_vigencia reparada de 30-04-25 a 2025-04-30"
653;sucursales_lugares.csv;"La Florida";"fecha_fin_vigencia reparada de 07-05-25 a 2025-05-07"
653;sucursales_lugares.csv;"La Florida";"Fila enviada a ERR: precio es obligatorio y viene nulo."
654;sucursales_lugares.csv;"La Florida";"tipo_precio tiene valor no permitido mesa_hora, se deja nulo."
654;sucursales_lugares.csv;"La Florida";"fecha_inicio_vigencia reparada de 28-07-24 a 2024-07-28"
654;sucursales_lugares.csv;"La Florida";"fecha_fin_vigencia reparada de 27-08-24 a 2024-08-27"
654;sucursales_lugares.csv;"La Florida";"Fila enviada a ERR: precio es obligatorio y viene nulo."
655;sucursales_lugares.csv;"La Florida";"tipo_precio tiene valor no permitido mesa_hora, se deja nulo."
655;sucursales_lugares.csv;"La Florida";"fecha_inicio_vigencia reparada de 08-08-24 a 2024-08-08"
655;sucursales_lugares.csv;"La Florida";"fecha_fin_vigencia reparada de 15-08-24 a 2024-08-15"
655;sucursales_lugares.csv;"La Florida";"Fila enviada a ERR: precio es obligatorio y viene nulo."
656;sucursales_lugares.csv;"La Florida";"tipo_precio tiene valor no permitido mesa_hora, se deja nulo."
656;sucursales_lugares.csv;"La Florida";"fecha_inicio_vigencia reparada de 14-11-24 a 2024-11-14"
656;sucursales_lugares.csv;"La Florida";"fecha_fin_vigencia reparada de 12-02-25 a 2025-02-12"
656;sucursales_lugares.csv;"La Florida";"Fila enviada a ERR: precio es obligatorio y viene nulo."
657;sucursales_lugares.csv;"La Florida";"tipo_precio tiene valor no permitido mesa_hora, se deja nulo."
657;sucursales_lugares.csv;"La Florida";"fecha_inicio_vigencia reparada de 25-03-24 a 2024-03-25"
657;sucursales_lugares.csv;"La Florida";"fecha_fin_vigencia reparada de 01-04-24 a 2024-04-01"
657;sucursales_lugares.csv;"La Florida";"Fila enviada a ERR: precio es obligatorio y viene nulo."
658;sucursales_lugares.csv;"La Florida";"tipo_precio tiene valor no permitido linea_hora, se deja nulo."
658;sucursales_lugares.csv;"La Florida";"fecha_inicio_vigencia reparada de 22-06-24 a 2024-06-22"
658;sucursales_lugares.csv;"La Florida";"fecha_fin_vigencia reparada de 06-07-24 a 2024-07-06"
659;sucursales_lugares.csv;"La Florida";"tipo_precio tiene valor no permitido linea_hora, se deja nulo."
659;sucursales_lugares.csv;"La Florida";"fecha_inicio_vigencia reparada de 04-01-24 a 2024-01-04"
659;sucursales_lugares.csv;"La Florida";"fecha_fin_vigencia reparada de 03-04-24 a 2024-04-03"
660;sucursales_lugares.csv;"La Florida";"tipo_precio tiene valor no permitido linea_hora, se deja nulo."
660;sucursales_lugares.csv;"La Florida";"fecha_inicio_vigencia reparada de 27-02-24 a 2024-02-27"
660;sucursales_lugares.csv;"La Florida";"fecha_fin_vigencia reparada de 28-03-24 a 2024-03-28"
661;sucursales_lugares.csv;"La Florida";"tipo_precio tiene valor no permitido linea_hora, se deja nulo."
661;sucursales_lugares.csv;"La Florida";"fecha_inicio_vigencia reparada de 02-12-24 a 2024-12-02"
661;sucursales_lugares.csv;"La Florida";"fecha_fin_vigencia reparada de 02-03-25 a 2025-03-02"
662;sucursales_lugares.csv;"La Florida";"tipo_precio tiene valor no permitido linea_hora, se deja nulo."
662;sucursales_lugares.csv;"La Florida";"fecha_inicio_vigencia reparada de 02-11-24 a 2024-11-02"
662;sucursales_lugares.csv;"La Florida";"fecha_fin_vigencia reparada de 01-01-25 a 2025-01-01"
663;sucursales_lugares.csv;"La Florida";"tipo_precio tiene valor no permitido linea_hora, se deja nulo."
663;sucursales_lugares.csv;"La Florida";"fecha_inicio_vigencia reparada de 01-06-25 a 2025-06-01"
663;sucursales_lugares.csv;"La Florida";"fecha_fin_vigencia reparada de 15-06-25 a 2025-06-15"
664;sucursales_lugares.csv;"La Florida";"tipo_precio tiene valor no permitido linea_hora, se deja nulo."
664;sucursales_lugares.csv;"La Florida";"fecha_inicio_vigencia reparada de 27-10-25 a 2025-10-27"
664;sucursales_lugares.csv;"La Florida";"fecha_fin_vigencia reparada de 26-11-25 a 2025-11-26"
665;sucursales_lugares.csv;"La Florida";"tipo_precio tiene valor no permitido linea_hora, se deja nulo."
665;sucursales_lugares.csv;"La Florida";"fecha_inicio_vigencia reparada de 21-09-24 a 2024-09-21"
665;sucursales_lugares.csv;"La Florida";"fecha_fin_vigencia reparada de 20-11-24 a 2024-11-20"
665;sucursales_lugares.csv;"La Florida";"Fila enviada a ERR: precio debe ser un numero."
666;sucursales_lugares.csv;"La Florida";"tipo_precio tiene valor no permitido linea_hora, se deja nulo."
666;sucursales_lugares.csv;"La Florida";"fecha_inicio_vigencia reparada de 31-10-24 a 2024-10-31"
666;sucursales_lugares.csv;"La Florida";"fecha_fin_vigencia reparada de 30-12-24 a 2024-12-30"
667;sucursales_lugares.csv;"La Florida";"tipo_precio tiene valor no permitido linea_hora, se deja nulo."
667;sucursales_lugares.csv;"La Florida";"fecha_inicio_vigencia reparada de 23-06-25 a 2025-06-23"
667;sucursales_lugares.csv;"La Florida";"fecha_fin_vigencia reparada de 22-08-25 a 2025-08-22"
668;sucursales_lugares.csv;"La Florida";"tipo_precio tiene valor no permitido linea_hora, se deja nulo."
668;sucursales_lugares.csv;"La Florida";"fecha_inicio_vigencia reparada de 08-01-24 a 2024-01-08"
668;sucursales_lugares.csv;"La Florida";"fecha_fin_vigencia reparada de 08-03-24 a 2024-03-08"
669;sucursales_lugares.csv;"La Florida";"tipo_precio tiene valor no permitido linea_hora, se deja nulo."
669;sucursales_lugares.csv;"La Florida";"fecha_inicio_vigencia reparada de 28-09-25 a 2025-09-28"
669;sucursales_lugares.csv;"La Florida";"fecha_fin_vigencia reparada de 28-10-25 a 2025-10-28"
670;sucursales_lugares.csv;"La Florida";"tipo_precio tiene valor no permitido linea_hora, se deja nulo."
670;sucursales_lugares.csv;"La Florida";"fecha_inicio_vigencia reparada de 24-10-25 a 2025-10-24"
670;sucursales_lugares.csv;"La Florida";"fecha_fin_vigencia reparada de 07-11-25 a 2025-11-07"
671;sucursales_lugares.csv;"La Florida";"tipo_precio tiene valor no permitido linea_hora, se deja nulo."
671;sucursales_lugares.csv;"La Florida";"fecha_inicio_vigencia reparada de 13-03-25 a 2025-03-13"
671;sucursales_lugares.csv;"La Florida";"fecha_fin_vigencia reparada de 27-03-25 a 2025-03-27"
672;sucursales_lugares.csv;"La Florida";"tipo_precio tiene valor no permitido linea_hora, se deja nulo."
672;sucursales_lugares.csv;"La Florida";"fecha_inicio_vigencia reparada de 27-03-24 a 2024-03-27"
672;sucursales_lugares.csv;"La Florida";"fecha_fin_vigencia reparada de 26-04-24 a 2024-04-26"
673;sucursales_lugares.csv;"La Florida";"tipo_precio tiene valor no permitido linea_hora, se deja nulo."
673;sucursales_lugares.csv;"La Florida";"fecha_inicio_vigencia reparada de 01-04-24 a 2024-04-01"
673;sucursales_lugares.csv;"La Florida";"fecha_fin_vigencia reparada de 31-05-24 a 2024-05-31"
673;sucursales_lugares.csv;"La Florida";"Fila enviada a ERR: precio debe ser un numero."
674;sucursales_lugares.csv;"La Florida";"tipo_precio reparado de dia a día"
674;sucursales_lugares.csv;"La Florida";"fecha_inicio_vigencia reparada de 06-01-25 a 2025-01-06"
674;sucursales_lugares.csv;"La Florida";"fecha_fin_vigencia reparada de 13-01-25 a 2025-01-13"
675;sucursales_lugares.csv;"La Florida";"tipo_precio reparado de dia a día"
675;sucursales_lugares.csv;"La Florida";"fecha_inicio_vigencia reparada de 03-04-24 a 2024-04-03"
675;sucursales_lugares.csv;"La Florida";"fecha_fin_vigencia reparada de 02-06-24 a 2024-06-02"
676;sucursales_lugares.csv;"La Florida";"tipo_precio reparado de dia a día"
676;sucursales_lugares.csv;"La Florida";"fecha_inicio_vigencia reparada de 18-02-25 a 2025-02-18"
676;sucursales_lugares.csv;"La Florida";"fecha_fin_vigencia reparada de 20-03-25 a 2025-03-20"
677;sucursales_lugares.csv;"La Florida";"tipo_precio tiene valor no permitido tramo, se deja nulo."
677;sucursales_lugares.csv;"La Florida";"fecha_inicio_vigencia reparada de 29-01-24 a 2024-01-29"
677;sucursales_lugares.csv;"La Florida";"fecha_fin_vigencia reparada de 05-02-24 a 2024-02-05"
678;sucursales_lugares.csv;"La Florida";"tipo_precio reparado de dia a día"
678;sucursales_lugares.csv;"La Florida";"fecha_inicio_vigencia reparada de 28-09-24 a 2024-09-28"
678;sucursales_lugares.csv;"La Florida";"fecha_fin_vigencia reparada de 05-10-24 a 2024-10-05"
679;sucursales_lugares.csv;"La Florida";"tipo_precio reparado de dia a día"
679;sucursales_lugares.csv;"La Florida";"fecha_inicio_vigencia reparada de 16-11-24 a 2024-11-16"
679;sucursales_lugares.csv;"La Florida";"fecha_fin_vigencia reparada de 15-01-25 a 2025-01-15"
680;sucursales_lugares.csv;"La Florida";"tipo_precio reparado de dia a día"
680;sucursales_lugares.csv;"La Florida";"fecha_inicio_vigencia reparada de 22-05-25 a 2025-05-22"
680;sucursales_lugares.csv;"La Florida";"fecha_fin_vigencia reparada de 29-05-25 a 2025-05-29"
681;sucursales_lugares.csv;"La Florida";"tipo_precio reparado de dia a día"
681;sucursales_lugares.csv;"La Florida";"fecha_inicio_vigencia reparada de 04-10-25 a 2025-10-04"
681;sucursales_lugares.csv;"La Florida";"fecha_fin_vigencia reparada de 02-01-26 a 2026-01-02"
682;sucursales_lugares.csv;"La Florida";"tipo_precio reparado de dia a día"
682;sucursales_lugares.csv;"La Florida";"fecha_inicio_vigencia reparada de 13-04-24 a 2024-04-13"
682;sucursales_lugares.csv;"La Florida";"fecha_fin_vigencia reparada de 13-05-24 a 2024-05-13"
683;sucursales_lugares.csv;"La Florida";"tipo_precio reparado de dia a día"
683;sucursales_lugares.csv;"La Florida";"fecha_inicio_vigencia reparada de 28-01-25 a 2025-01-28"
683;sucursales_lugares.csv;"La Florida";"fecha_fin_vigencia reparada de 27-02-25 a 2025-02-27"
684;sucursales_lugares.csv;"La Florida";"tipo_precio reparado de dia a día"
684;sucursales_lugares.csv;"La Florida";"fecha_inicio_vigencia reparada de 21-03-25 a 2025-03-21"
684;sucursales_lugares.csv;"La Florida";"fecha_fin_vigencia reparada de 20-04-25 a 2025-04-20"
685;sucursales_lugares.csv;"La Florida";"tipo_precio reparado de dia a día"
685;sucursales_lugares.csv;"La Florida";"fecha_inicio_vigencia reparada de 04-01-25 a 2025-01-04"
685;sucursales_lugares.csv;"La Florida";"fecha_fin_vigencia reparada de 18-01-25 a 2025-01-18"
686;sucursales_lugares.csv;"La Florida";"tipo_precio reparado de dia a día"
686;sucursales_lugares.csv;"La Florida";"fecha_inicio_vigencia reparada de 22-10-25 a 2025-10-22"
686;sucursales_lugares.csv;"La Florida";"fecha_fin_vigencia reparada de 29-10-25 a 2025-10-29"
687;sucursales_lugares.csv;"La Florida";"tipo_precio reparado de dia a día"
687;sucursales_lugares.csv;"La Florida";"fecha_inicio_vigencia reparada de 10-08-24 a 2024-08-10"
687;sucursales_lugares.csv;"La Florida";"fecha_fin_vigencia reparada de 09-10-24 a 2024-10-09"
688;sucursales_lugares.csv;"La Florida";"tipo_precio reparado de dia a día"
688;sucursales_lugares.csv;"La Florida";"fecha_inicio_vigencia reparada de 18-07-24 a 2024-07-18"
688;sucursales_lugares.csv;"La Florida";"fecha_fin_vigencia reparada de 16-10-24 a 2024-10-16"
689;sucursales_lugares.csv;"La Florida";"tipo_precio reparado de dia a día"
689;sucursales_lugares.csv;"La Florida";"fecha_inicio_vigencia reparada de 06-01-24 a 2024-01-06"
689;sucursales_lugares.csv;"La Florida";"fecha_fin_vigencia reparada de 20-01-24 a 2024-01-20"
690;sucursales_lugares.csv;"La Florida";"tipo_precio reparado de dia a día"
690;sucursales_lugares.csv;"La Florida";"fecha_inicio_vigencia reparada de 25-03-25 a 2025-03-25"
690;sucursales_lugares.csv;"La Florida";"fecha_fin_vigencia reparada de 23-06-25 a 2025-06-23"
691;sucursales_lugares.csv;"La Florida";"tipo_precio reparado de dia a día"
691;sucursales_lugares.csv;"La Florida";"fecha_inicio_vigencia reparada de 19-03-24 a 2024-03-19"
691;sucursales_lugares.csv;"La Florida";"fecha_fin_vigencia reparada de 18-04-24 a 2024-04-18"
692;sucursales_lugares.csv;"La Florida";"tipo_precio reparado de dia a día"
692;sucursales_lugares.csv;"La Florida";"fecha_inicio_vigencia reparada de 23-05-24 a 2024-05-23"
692;sucursales_lugares.csv;"La Florida";"fecha_fin_vigencia reparada de 22-06-24 a 2024-06-22"
692;sucursales_lugares.csv;"La Florida";"Fila enviada a ERR: precio debe ser un numero."
693;sucursales_lugares.csv;"La Florida";"tipo_precio reparado de dia a día"
693;sucursales_lugares.csv;"La Florida";"fecha_inicio_vigencia reparada de 19-08-24 a 2024-08-19"
693;sucursales_lugares.csv;"La Florida";"fecha_fin_vigencia reparada de 02-09-24 a 2024-09-02"
694;sucursales_lugares.csv;"La Florida";"tipo_precio reparado de dia a día"
694;sucursales_lugares.csv;"La Florida";"fecha_inicio_vigencia reparada de 07-11-25 a 2025-11-07"
694;sucursales_lugares.csv;"La Florida";"fecha_fin_vigencia reparada de 05-02-26 a 2026-02-05"
695;sucursales_lugares.csv;"La Florida";"tipo_precio reparado de dia a día"
695;sucursales_lugares.csv;"La Florida";"fecha_inicio_vigencia reparada de 22-01-24 a 2024-01-22"
695;sucursales_lugares.csv;"La Florida";"fecha_fin_vigencia reparada de 21-02-24 a 2024-02-21"
696;sucursales_lugares.csv;"La Florida";"tipo_precio reparado de dia a día"
696;sucursales_lugares.csv;"La Florida";"fecha_inicio_vigencia reparada de 16-03-25 a 2025-03-16"
696;sucursales_lugares.csv;"La Florida";"fecha_fin_vigencia reparada de 23-03-25 a 2025-03-23"
697;sucursales_lugares.csv;"La Florida";"tipo_precio reparado de dia a día"
697;sucursales_lugares.csv;"La Florida";"fecha_inicio_vigencia reparada de 20-09-25 a 2025-09-20"
697;sucursales_lugares.csv;"La Florida";"fecha_fin_vigencia reparada de 27-09-25 a 2025-09-27"
698;sucursales_lugares.csv;"La Florida";"fecha_inicio_vigencia reparada de 04-02-24 a 2024-02-04"
698;sucursales_lugares.csv;"La Florida";"fecha_fin_vigencia reparada de 11-02-24 a 2024-02-11"
699;sucursales_lugares.csv;"La Florida";"fecha_inicio_vigencia reparada de 16-11-25 a 2025-11-16"
699;sucursales_lugares.csv;"La Florida";"fecha_fin_vigencia reparada de 16-12-25 a 2025-12-16"
700;sucursales_lugares.csv;"La Florida";"fecha_inicio_vigencia reparada de 02-10-24 a 2024-10-02"
700;sucursales_lugares.csv;"La Florida";"fecha_fin_vigencia reparada de 16-10-24 a 2024-10-16"
701;sucursales_lugares.csv;"La Florida";"fecha_inicio_vigencia reparada de 01-10-25 a 2025-10-01"
701;sucursales_lugares.csv;"La Florida";"fecha_fin_vigencia reparada de 30-12-25 a 2025-12-30"
702;sucursales_lugares.csv;"La Florida";"fecha_inicio_vigencia reparada de 09-06-25 a 2025-06-09"
702;sucursales_lugares.csv;"La Florida";"fecha_fin_vigencia reparada de 23-06-25 a 2025-06-23"
703;sucursales_lugares.csv;"La Florida";"fecha_inicio_vigencia reparada de 12-05-25 a 2025-05-12"
703;sucursales_lugares.csv;"La Florida";"fecha_fin_vigencia reparada de 10-08-25 a 2025-08-10"
704;sucursales_lugares.csv;"La Florida";"fecha_inicio_vigencia reparada de 14-01-24 a 2024-01-14"
704;sucursales_lugares.csv;"La Florida";"fecha_fin_vigencia reparada de 28-01-24 a 2024-01-28"
705;sucursales_lugares.csv;"La Florida";"fecha_inicio_vigencia reparada de 12-05-24 a 2024-05-12"
705;sucursales_lugares.csv;"La Florida";"fecha_fin_vigencia reparada de 26-05-24 a 2024-05-26"
706;sucursales_lugares.csv;"Santa Cruz";"tipo_precio tiene valor no permitido mesa_hora, se deja nulo."
706;sucursales_lugares.csv;"Santa Cruz";"fecha_inicio_vigencia reparada de 12-03-24 a 2024-03-12"
706;sucursales_lugares.csv;"Santa Cruz";"fecha_fin_vigencia reparada de 10-06-24 a 2024-06-10"
706;sucursales_lugares.csv;"Santa Cruz";"Fila enviada a ERR: precio es obligatorio y viene nulo."
707;sucursales_lugares.csv;"Santa Cruz";"tipo_precio tiene valor no permitido mesa_hora, se deja nulo."
707;sucursales_lugares.csv;"Santa Cruz";"fecha_inicio_vigencia reparada de 21-07-24 a 2024-07-21"
707;sucursales_lugares.csv;"Santa Cruz";"fecha_fin_vigencia reparada de 19-09-24 a 2024-09-19"
707;sucursales_lugares.csv;"Santa Cruz";"Fila enviada a ERR: precio es obligatorio y viene nulo."
708;sucursales_lugares.csv;"Santa Cruz";"tipo_precio tiene valor no permitido mesa_hora, se deja nulo."
708;sucursales_lugares.csv;"Santa Cruz";"fecha_inicio_vigencia reparada de 28-02-24 a 2024-02-28"
708;sucursales_lugares.csv;"Santa Cruz";"fecha_fin_vigencia reparada de 29-03-24 a 2024-03-29"
708;sucursales_lugares.csv;"Santa Cruz";"Fila enviada a ERR: precio es obligatorio y viene nulo."
709;sucursales_lugares.csv;"Santa Cruz";"tipo_precio tiene valor no permitido mesa_hora, se deja nulo."
709;sucursales_lugares.csv;"Santa Cruz";"fecha_inicio_vigencia reparada de 22-11-25 a 2025-11-22"
709;sucursales_lugares.csv;"Santa Cruz";"fecha_fin_vigencia reparada de 22-12-25 a 2025-12-22"
709;sucursales_lugares.csv;"Santa Cruz";"Fila enviada a ERR: precio es obligatorio y viene nulo."
710;sucursales_lugares.csv;"Santa Cruz";"tipo_precio tiene valor no permitido mesa_hora, se deja nulo."
710;sucursales_lugares.csv;"Santa Cruz";"fecha_inicio_vigencia con formato incompleto o que no se pudo reparar, se reemplaza por nulo"
710;sucursales_lugares.csv;"Santa Cruz";"fecha_fin_vigencia reparada de 30-07-24 a 2024-07-30"
710;sucursales_lugares.csv;"Santa Cruz";"Fila enviada a ERR: precio es obligatorio y viene nulo."
711;sucursales_lugares.csv;"Santa Cruz";"tipo_precio tiene valor no permitido mesa_hora, se deja nulo."
711;sucursales_lugares.csv;"Santa Cruz";"fecha_inicio_vigencia reparada de 08-06-24 a 2024-06-08"
711;sucursales_lugares.csv;"Santa Cruz";"fecha_fin_vigencia reparada de 15-06-24 a 2024-06-15"
711;sucursales_lugares.csv;"Santa Cruz";"Fila enviada a ERR: precio es obligatorio y viene nulo."
712;sucursales_lugares.csv;"Santa Cruz";"tipo_precio tiene valor no permitido mesa_hora, se deja nulo."
712;sucursales_lugares.csv;"Santa Cruz";"fecha_inicio_vigencia con formato incompleto o que no se pudo reparar, se reemplaza por nulo"
712;sucursales_lugares.csv;"Santa Cruz";"fecha_fin_vigencia reparada de 30-10-25 a 2025-10-30"
712;sucursales_lugares.csv;"Santa Cruz";"Fila enviada a ERR: precio es obligatorio y viene nulo."
713;sucursales_lugares.csv;"Santa Cruz";"tipo_precio tiene valor no permitido mesa_hora, se deja nulo."
713;sucursales_lugares.csv;"Santa Cruz";"fecha_inicio_vigencia reparada de 12-10-24 a 2024-10-12"
713;sucursales_lugares.csv;"Santa Cruz";"fecha_fin_vigencia reparada de 10-01-25 a 2025-01-10"
713;sucursales_lugares.csv;"Santa Cruz";"Fila enviada a ERR: precio es obligatorio y viene nulo."
714;sucursales_lugares.csv;"Santa Cruz";"tipo_precio tiene valor no permitido mesa_hora, se deja nulo."
714;sucursales_lugares.csv;"Santa Cruz";"fecha_inicio_vigencia reparada de 18-10-24 a 2024-10-18"
714;sucursales_lugares.csv;"Santa Cruz";"fecha_fin_vigencia reparada de 16-01-25 a 2025-01-16"
714;sucursales_lugares.csv;"Santa Cruz";"Fila enviada a ERR: precio es obligatorio y viene nulo."
715;sucursales_lugares.csv;"Santa Cruz";"tipo_precio tiene valor no permitido mesa_hora, se deja nulo."
715;sucursales_lugares.csv;"Santa Cruz";"fecha_inicio_vigencia reparada de 02-11-25 a 2025-11-02"
715;sucursales_lugares.csv;"Santa Cruz";"fecha_fin_vigencia reparada de 01-01-26 a 2026-01-01"
715;sucursales_lugares.csv;"Santa Cruz";"Fila enviada a ERR: precio es obligatorio y viene nulo."
716;sucursales_lugares.csv;"Santa Cruz";"tipo_precio tiene valor no permitido mesa_hora, se deja nulo."
716;sucursales_lugares.csv;"Santa Cruz";"fecha_inicio_vigencia reparada de 01-12-25 a 2025-12-01"
716;sucursales_lugares.csv;"Santa Cruz";"fecha_fin_vigencia reparada de 15-12-25 a 2025-12-15"
716;sucursales_lugares.csv;"Santa Cruz";"Fila enviada a ERR: precio es obligatorio y viene nulo."
717;sucursales_lugares.csv;"Santa Cruz";"tipo_precio tiene valor no permitido mesa_hora, se deja nulo."
717;sucursales_lugares.csv;"Santa Cruz";"fecha_inicio_vigencia reparada de 02-01-25 a 2025-01-02"
717;sucursales_lugares.csv;"Santa Cruz";"fecha_fin_vigencia reparada de 09-01-25 a 2025-01-09"
717;sucursales_lugares.csv;"Santa Cruz";"Fila enviada a ERR: precio es obligatorio y viene nulo."
718;sucursales_lugares.csv;"Santa Cruz";"tipo_precio tiene valor no permitido mesa_hora, se deja nulo."
718;sucursales_lugares.csv;"Santa Cruz";"fecha_inicio_vigencia reparada de 22-04-25 a 2025-04-22"
718;sucursales_lugares.csv;"Santa Cruz";"fecha_fin_vigencia reparada de 29-04-25 a 2025-04-29"
718;sucursales_lugares.csv;"Santa Cruz";"Fila enviada a ERR: precio es obligatorio y viene nulo."
719;sucursales_lugares.csv;"Santa Cruz";"tipo_precio tiene valor no permitido mesa_hora, se deja nulo."
719;sucursales_lugares.csv;"Santa Cruz";"fecha_inicio_vigencia reparada de 06-11-25 a 2025-11-06"
719;sucursales_lugares.csv;"Santa Cruz";"fecha_fin_vigencia reparada de 20-11-25 a 2025-11-20"
719;sucursales_lugares.csv;"Santa Cruz";"Fila enviada a ERR: precio es obligatorio y viene nulo."
720;sucursales_lugares.csv;"Santa Cruz";"tipo_precio tiene valor no permitido mesa_hora, se deja nulo."
720;sucursales_lugares.csv;"Santa Cruz";"fecha_inicio_vigencia reparada de 06-07-25 a 2025-07-06"
720;sucursales_lugares.csv;"Santa Cruz";"fecha_fin_vigencia reparada de 13-07-25 a 2025-07-13"
720;sucursales_lugares.csv;"Santa Cruz";"Fila enviada a ERR: precio es obligatorio y viene nulo."
721;sucursales_lugares.csv;"Santa Cruz";"tipo_precio tiene valor no permitido mesa_hora, se deja nulo."
721;sucursales_lugares.csv;"Santa Cruz";"fecha_inicio_vigencia reparada de 15-11-25 a 2025-11-15"
721;sucursales_lugares.csv;"Santa Cruz";"fecha_fin_vigencia reparada de 14-01-26 a 2026-01-14"
721;sucursales_lugares.csv;"Santa Cruz";"Fila enviada a ERR: precio es obligatorio y viene nulo."
722;sucursales_lugares.csv;"Santa Cruz";"tipo_precio tiene valor no permitido linea_hora, se deja nulo."
722;sucursales_lugares.csv;"Santa Cruz";"fecha_inicio_vigencia reparada de 27-08-24 a 2024-08-27"
722;sucursales_lugares.csv;"Santa Cruz";"fecha_fin_vigencia reparada de 26-09-24 a 2024-09-26"
723;sucursales_lugares.csv;"Santa Cruz";"tipo_precio tiene valor no permitido linea_hora, se deja nulo."
723;sucursales_lugares.csv;"Santa Cruz";"fecha_inicio_vigencia reparada de 10-06-25 a 2025-06-10"
723;sucursales_lugares.csv;"Santa Cruz";"fecha_fin_vigencia reparada de 10-07-25 a 2025-07-10"
724;sucursales_lugares.csv;"Santa Cruz";"tipo_precio tiene valor no permitido linea_hora, se deja nulo."
724;sucursales_lugares.csv;"Santa Cruz";"fecha_inicio_vigencia reparada de 28-09-24 a 2024-09-28"
724;sucursales_lugares.csv;"Santa Cruz";"fecha_fin_vigencia reparada de 28-10-24 a 2024-10-28"
725;sucursales_lugares.csv;"Santa Cruz";"tipo_precio tiene valor no permitido linea_hora, se deja nulo."
725;sucursales_lugares.csv;"Santa Cruz";"fecha_inicio_vigencia reparada de 19-03-24 a 2024-03-19"
725;sucursales_lugares.csv;"Santa Cruz";"fecha_fin_vigencia reparada de 18-04-24 a 2024-04-18"
726;sucursales_lugares.csv;"Santa Cruz";"tipo_precio tiene valor no permitido linea_hora, se deja nulo."
726;sucursales_lugares.csv;"Santa Cruz";"fecha_inicio_vigencia reparada de 29-08-24 a 2024-08-29"
726;sucursales_lugares.csv;"Santa Cruz";"fecha_fin_vigencia reparada de 05-09-24 a 2024-09-05"
727;sucursales_lugares.csv;"Santa Cruz";"tipo_precio tiene valor no permitido linea_hora, se deja nulo."
727;sucursales_lugares.csv;"Santa Cruz";"fecha_inicio_vigencia reparada de 10-05-24 a 2024-05-10"
727;sucursales_lugares.csv;"Santa Cruz";"fecha_fin_vigencia reparada de 08-08-24 a 2024-08-08"
728;sucursales_lugares.csv;"Santa Cruz";"tipo_precio tiene valor no permitido linea_hora, se deja nulo."
728;sucursales_lugares.csv;"Santa Cruz";"fecha_inicio_vigencia reparada de 02-03-24 a 2024-03-02"
728;sucursales_lugares.csv;"Santa Cruz";"fecha_fin_vigencia reparada de 01-04-24 a 2024-04-01"
729;sucursales_lugares.csv;"Santa Cruz";"tipo_precio tiene valor no permitido linea_hora, se deja nulo."
729;sucursales_lugares.csv;"Santa Cruz";"fecha_inicio_vigencia reparada de 20-09-24 a 2024-09-20"
729;sucursales_lugares.csv;"Santa Cruz";"fecha_fin_vigencia reparada de 04-10-24 a 2024-10-04"
730;sucursales_lugares.csv;"Santa Cruz";"tipo_precio tiene valor no permitido linea_hora, se deja nulo."
730;sucursales_lugares.csv;"Santa Cruz";"fecha_inicio_vigencia reparada de 26-12-24 a 2024-12-26"
730;sucursales_lugares.csv;"Santa Cruz";"fecha_fin_vigencia reparada de 09-01-25 a 2025-01-09"
731;sucursales_lugares.csv;"Santa Cruz";"tipo_precio tiene valor no permitido linea_hora, se deja nulo."
731;sucursales_lugares.csv;"Santa Cruz";"fecha_inicio_vigencia reparada de 07-02-25 a 2025-02-07"
731;sucursales_lugares.csv;"Santa Cruz";"fecha_fin_vigencia reparada de 21-02-25 a 2025-02-21"
731;sucursales_lugares.csv;"Santa Cruz";"Fila enviada a ERR: precio debe ser un numero."
732;sucursales_lugares.csv;"Santa Cruz";"tipo_precio tiene valor no permitido linea_hora, se deja nulo."
732;sucursales_lugares.csv;"Santa Cruz";"fecha_inicio_vigencia reparada de 20-10-25 a 2025-10-20"
732;sucursales_lugares.csv;"Santa Cruz";"fecha_fin_vigencia reparada de 19-12-25 a 2025-12-19"
733;sucursales_lugares.csv;"Santa Cruz";"tipo_precio tiene valor no permitido linea_hora, se deja nulo."
733;sucursales_lugares.csv;"Santa Cruz";"fecha_inicio_vigencia con formato incompleto o que no se pudo reparar, se reemplaza por nulo"
733;sucursales_lugares.csv;"Santa Cruz";"fecha_fin_vigencia reparada de 21-09-25 a 2025-09-21"
734;sucursales_lugares.csv;"Santa Cruz";"tipo_precio tiene valor no permitido linea_hora, se deja nulo."
734;sucursales_lugares.csv;"Santa Cruz";"fecha_inicio_vigencia reparada de 30-11-25 a 2025-11-30"
734;sucursales_lugares.csv;"Santa Cruz";"fecha_fin_vigencia reparada de 29-01-26 a 2026-01-29"
735;sucursales_lugares.csv;"Santa Cruz";"tipo_precio tiene valor no permitido linea_hora, se deja nulo."
735;sucursales_lugares.csv;"Santa Cruz";"fecha_inicio_vigencia reparada de 21-12-24 a 2024-12-21"
735;sucursales_lugares.csv;"Santa Cruz";"fecha_fin_vigencia reparada de 19-02-25 a 2025-02-19"
736;sucursales_lugares.csv;"Santa Cruz";"tipo_precio tiene valor no permitido linea_hora, se deja nulo."
736;sucursales_lugares.csv;"Santa Cruz";"fecha_inicio_vigencia reparada de 03-09-24 a 2024-09-03"
736;sucursales_lugares.csv;"Santa Cruz";"fecha_fin_vigencia reparada de 17-09-24 a 2024-09-17"
737;sucursales_lugares.csv;"Santa Cruz";"tipo_precio tiene valor no permitido linea_hora, se deja nulo."
737;sucursales_lugares.csv;"Santa Cruz";"fecha_inicio_vigencia reparada de 06-04-25 a 2025-04-06"
737;sucursales_lugares.csv;"Santa Cruz";"fecha_fin_vigencia reparada de 05-06-25 a 2025-06-05"
738;sucursales_lugares.csv;"Santa Cruz";"tipo_precio tiene valor no permitido tramo, se deja nulo."
738;sucursales_lugares.csv;"Santa Cruz";"fecha_inicio_vigencia reparada de 01-03-24 a 2024-03-01"
738;sucursales_lugares.csv;"Santa Cruz";"fecha_fin_vigencia reparada de 15-03-24 a 2024-03-15"
739;sucursales_lugares.csv;"Santa Cruz";"tipo_precio tiene valor no permitido tramo, se deja nulo."
739;sucursales_lugares.csv;"Santa Cruz";"fecha_inicio_vigencia reparada de 02-10-24 a 2024-10-02"
739;sucursales_lugares.csv;"Santa Cruz";"fecha_fin_vigencia reparada de 16-10-24 a 2024-10-16"
740;sucursales_lugares.csv;"Santa Cruz";"tipo_precio tiene valor no permitido tramo, se deja nulo."
740;sucursales_lugares.csv;"Santa Cruz";"fecha_inicio_vigencia reparada de 28-01-25 a 2025-01-28"
740;sucursales_lugares.csv;"Santa Cruz";"fecha_fin_vigencia reparada de 27-02-25 a 2025-02-27"
741;sucursales_lugares.csv;"Santa Cruz";"tipo_precio reparado de dia a día"
741;sucursales_lugares.csv;"Santa Cruz";"fecha_inicio_vigencia reparada de 19-02-25 a 2025-02-19"
741;sucursales_lugares.csv;"Santa Cruz";"fecha_fin_vigencia reparada de 20-05-25 a 2025-05-20"
742;sucursales_lugares.csv;"Santa Cruz";"tipo_precio reparado de dia a día"
742;sucursales_lugares.csv;"Santa Cruz";"fecha_inicio_vigencia reparada de 15-12-24 a 2024-12-15"
742;sucursales_lugares.csv;"Santa Cruz";"fecha_fin_vigencia reparada de 13-02-25 a 2025-02-13"
743;sucursales_lugares.csv;"Santa Cruz";"tipo_precio reparado de dia a día"
743;sucursales_lugares.csv;"Santa Cruz";"fecha_inicio_vigencia reparada de 29-08-24 a 2024-08-29"
743;sucursales_lugares.csv;"Santa Cruz";"fecha_fin_vigencia reparada de 28-09-24 a 2024-09-28"
744;sucursales_lugares.csv;"Santa Cruz";"tipo_precio reparado de dia a día"
744;sucursales_lugares.csv;"Santa Cruz";"fecha_inicio_vigencia reparada de 11-09-24 a 2024-09-11"
744;sucursales_lugares.csv;"Santa Cruz";"fecha_fin_vigencia reparada de 18-09-24 a 2024-09-18"
745;sucursales_lugares.csv;"Santa Cruz";"tipo_precio reparado de dia a día"
745;sucursales_lugares.csv;"Santa Cruz";"fecha_inicio_vigencia reparada de 05-06-24 a 2024-06-05"
745;sucursales_lugares.csv;"Santa Cruz";"fecha_fin_vigencia reparada de 04-08-24 a 2024-08-04"
746;sucursales_lugares.csv;"Santa Cruz";"tipo_precio reparado de dia a día"
746;sucursales_lugares.csv;"Santa Cruz";"fecha_inicio_vigencia reparada de 01-12-25 a 2025-12-01"
746;sucursales_lugares.csv;"Santa Cruz";"fecha_fin_vigencia reparada de 01-03-26 a 2026-03-01"
747;sucursales_lugares.csv;"Santa Cruz";"tipo_precio reparado de dia a día"
747;sucursales_lugares.csv;"Santa Cruz";"fecha_inicio_vigencia reparada de 24-03-24 a 2024-03-24"
747;sucursales_lugares.csv;"Santa Cruz";"fecha_fin_vigencia reparada de 07-04-24 a 2024-04-07"
748;sucursales_lugares.csv;"Santa Cruz";"tipo_precio reparado de dia a día"
748;sucursales_lugares.csv;"Santa Cruz";"fecha_inicio_vigencia reparada de 18-05-25 a 2025-05-18"
748;sucursales_lugares.csv;"Santa Cruz";"fecha_fin_vigencia reparada de 17-07-25 a 2025-07-17"
749;sucursales_lugares.csv;"Santa Cruz";"tipo_precio reparado de dia a día"
749;sucursales_lugares.csv;"Santa Cruz";"fecha_inicio_vigencia reparada de 28-01-25 a 2025-01-28"
749;sucursales_lugares.csv;"Santa Cruz";"fecha_fin_vigencia reparada de 27-02-25 a 2025-02-27"
750;sucursales_lugares.csv;"Santa Cruz";"tipo_precio reparado de dia a día"
750;sucursales_lugares.csv;"Santa Cruz";"fecha_inicio_vigencia reparada de 23-02-24 a 2024-02-23"
750;sucursales_lugares.csv;"Santa Cruz";"fecha_fin_vigencia reparada de 23-04-24 a 2024-04-23"
751;sucursales_lugares.csv;"Santa Cruz";"tipo_precio reparado de dia a día"
751;sucursales_lugares.csv;"Santa Cruz";"fecha_inicio_vigencia reparada de 12-04-25 a 2025-04-12"
751;sucursales_lugares.csv;"Santa Cruz";"fecha_fin_vigencia reparada de 12-05-25 a 2025-05-12"
752;sucursales_lugares.csv;"Santa Cruz";"tipo_precio reparado de dia a día"
752;sucursales_lugares.csv;"Santa Cruz";"fecha_inicio_vigencia reparada de 06-08-25 a 2025-08-06"
752;sucursales_lugares.csv;"Santa Cruz";"fecha_fin_vigencia reparada de 04-11-25 a 2025-11-04"
753;sucursales_lugares.csv;"Santa Cruz";"tipo_precio reparado de dia a día"
753;sucursales_lugares.csv;"Santa Cruz";"fecha_inicio_vigencia reparada de 25-01-25 a 2025-01-25"
753;sucursales_lugares.csv;"Santa Cruz";"fecha_fin_vigencia reparada de 26-03-25 a 2025-03-26"
754;sucursales_lugares.csv;"Santa Cruz";"tipo_precio reparado de dia a día"
754;sucursales_lugares.csv;"Santa Cruz";"fecha_inicio_vigencia reparada de 09-01-24 a 2024-01-09"
754;sucursales_lugares.csv;"Santa Cruz";"fecha_fin_vigencia reparada de 08-04-24 a 2024-04-08"
755;sucursales_lugares.csv;"Santa Cruz";"tipo_precio reparado de dia a día"
755;sucursales_lugares.csv;"Santa Cruz";"fecha_inicio_vigencia reparada de 14-02-24 a 2024-02-14"
755;sucursales_lugares.csv;"Santa Cruz";"fecha_fin_vigencia reparada de 14-05-24 a 2024-05-14"
756;sucursales_lugares.csv;"Santa Cruz";"tipo_precio reparado de dia a día"
756;sucursales_lugares.csv;"Santa Cruz";"fecha_inicio_vigencia reparada de 09-03-25 a 2025-03-09"
756;sucursales_lugares.csv;"Santa Cruz";"fecha_fin_vigencia reparada de 07-06-25 a 2025-06-07"
757;sucursales_lugares.csv;"Santa Cruz";"tipo_precio reparado de dia a día"
757;sucursales_lugares.csv;"Santa Cruz";"fecha_inicio_vigencia reparada de 21-08-25 a 2025-08-21"
757;sucursales_lugares.csv;"Santa Cruz";"fecha_fin_vigencia reparada de 19-11-25 a 2025-11-19"
758;sucursales_lugares.csv;"Santa Cruz";"tipo_precio reparado de dia a día"
758;sucursales_lugares.csv;"Santa Cruz";"fecha_inicio_vigencia reparada de 17-03-25 a 2025-03-17"
758;sucursales_lugares.csv;"Santa Cruz";"fecha_fin_vigencia reparada de 31-03-25 a 2025-03-31"
759;sucursales_lugares.csv;"Santa Cruz";"tipo_precio reparado de dia a día"
759;sucursales_lugares.csv;"Santa Cruz";"fecha_inicio_vigencia reparada de 06-10-25 a 2025-10-06"
759;sucursales_lugares.csv;"Santa Cruz";"fecha_fin_vigencia reparada de 20-10-25 a 2025-10-20"
760;sucursales_lugares.csv;"Santa Cruz";"tipo_precio reparado de dia a día"
760;sucursales_lugares.csv;"Santa Cruz";"fecha_inicio_vigencia reparada de 27-03-25 a 2025-03-27"
760;sucursales_lugares.csv;"Santa Cruz";"fecha_fin_vigencia reparada de 26-04-25 a 2025-04-26"
761;sucursales_lugares.csv;"Santa Cruz";"tipo_precio reparado de dia a día"
761;sucursales_lugares.csv;"Santa Cruz";"fecha_inicio_vigencia reparada de 15-08-25 a 2025-08-15"
761;sucursales_lugares.csv;"Santa Cruz";"fecha_fin_vigencia reparada de 22-08-25 a 2025-08-22"
762;sucursales_lugares.csv;"Santa Cruz";"fecha_inicio_vigencia reparada de 19-08-25 a 2025-08-19"
762;sucursales_lugares.csv;"Santa Cruz";"fecha_fin_vigencia reparada de 17-11-25 a 2025-11-17"
763;sucursales_lugares.csv;"Santa Cruz";"fecha_inicio_vigencia reparada de 30-01-24 a 2024-01-30"
763;sucursales_lugares.csv;"Santa Cruz";"fecha_fin_vigencia reparada de 29-04-24 a 2024-04-29"
764;sucursales_lugares.csv;"Santa Cruz";"fecha_inicio_vigencia reparada de 25-02-24 a 2024-02-25"
764;sucursales_lugares.csv;"Santa Cruz";"fecha_fin_vigencia reparada de 03-03-24 a 2024-03-03"
765;sucursales_lugares.csv;"Santa Cruz";"fecha_inicio_vigencia reparada de 10-08-25 a 2025-08-10"
765;sucursales_lugares.csv;"Santa Cruz";"fecha_fin_vigencia reparada de 09-10-25 a 2025-10-09"
766;sucursales_lugares.csv;"Santa Cruz";"fecha_inicio_vigencia reparada de 23-06-25 a 2025-06-23"
766;sucursales_lugares.csv;"Santa Cruz";"fecha_fin_vigencia reparada de 23-07-25 a 2025-07-23"
767;sucursales_lugares.csv;"Santa Cruz";"fecha_inicio_vigencia reparada de 29-01-25 a 2025-01-29"
767;sucursales_lugares.csv;"Santa Cruz";"fecha_fin_vigencia reparada de 05-02-25 a 2025-02-05"
768;sucursales_lugares.csv;"Santa Cruz";"fecha_inicio_vigencia reparada de 21-01-25 a 2025-01-21"
768;sucursales_lugares.csv;"Santa Cruz";"fecha_fin_vigencia reparada de 28-01-25 a 2025-01-28"
769;sucursales_lugares.csv;"Santa Cruz";"fecha_inicio_vigencia con formato incompleto o que no se pudo reparar, se reemplaza por nulo"
769;sucursales_lugares.csv;"Santa Cruz";"fecha_fin_vigencia reparada de 29-07-25 a 2025-07-29"
769;sucursales_lugares.csv;"Santa Cruz";"Fila enviada a ERR: precio debe ser un numero."
770;sucursales_lugares.csv;"Santiago Centro";"tipo_precio tiene valor no permitido mesa_hora, se deja nulo."
770;sucursales_lugares.csv;"Santiago Centro";"fecha_inicio_vigencia reparada de 02-09-25 a 2025-09-02"
770;sucursales_lugares.csv;"Santiago Centro";"fecha_fin_vigencia reparada de 02-10-25 a 2025-10-02"
770;sucursales_lugares.csv;"Santiago Centro";"Fila enviada a ERR: precio es obligatorio y viene nulo."
771;sucursales_lugares.csv;"Santiago Centro";"tipo_precio tiene valor no permitido mesa_hora, se deja nulo."
771;sucursales_lugares.csv;"Santiago Centro";"fecha_inicio_vigencia reparada de 15-05-25 a 2025-05-15"
771;sucursales_lugares.csv;"Santiago Centro";"fecha_fin_vigencia reparada de 29-05-25 a 2025-05-29"
771;sucursales_lugares.csv;"Santiago Centro";"Fila enviada a ERR: precio es obligatorio y viene nulo."
772;sucursales_lugares.csv;"Santiago Centro";"tipo_precio tiene valor no permitido mesa_hora, se deja nulo."
772;sucursales_lugares.csv;"Santiago Centro";"fecha_inicio_vigencia reparada de 21-10-24 a 2024-10-21"
772;sucursales_lugares.csv;"Santiago Centro";"fecha_fin_vigencia reparada de 20-11-24 a 2024-11-20"
772;sucursales_lugares.csv;"Santiago Centro";"Fila enviada a ERR: precio es obligatorio y viene nulo."
773;sucursales_lugares.csv;"Santiago Centro";"tipo_precio tiene valor no permitido mesa_hora, se deja nulo."
773;sucursales_lugares.csv;"Santiago Centro";"fecha_inicio_vigencia reparada de 08-11-24 a 2024-11-08"
773;sucursales_lugares.csv;"Santiago Centro";"fecha_fin_vigencia reparada de 22-11-24 a 2024-11-22"
773;sucursales_lugares.csv;"Santiago Centro";"Fila enviada a ERR: precio es obligatorio y viene nulo."
774;sucursales_lugares.csv;"Santiago Centro";"tipo_precio tiene valor no permitido mesa_hora, se deja nulo."
774;sucursales_lugares.csv;"Santiago Centro";"fecha_inicio_vigencia reparada de 24-02-24 a 2024-02-24"
774;sucursales_lugares.csv;"Santiago Centro";"fecha_fin_vigencia reparada de 02-03-24 a 2024-03-02"
774;sucursales_lugares.csv;"Santiago Centro";"Fila enviada a ERR: precio es obligatorio y viene nulo."
775;sucursales_lugares.csv;"Santiago Centro";"tipo_precio tiene valor no permitido mesa_hora, se deja nulo."
775;sucursales_lugares.csv;"Santiago Centro";"fecha_inicio_vigencia reparada de 26-08-24 a 2024-08-26"
775;sucursales_lugares.csv;"Santiago Centro";"fecha_fin_vigencia reparada de 09-09-24 a 2024-09-09"
775;sucursales_lugares.csv;"Santiago Centro";"Fila enviada a ERR: precio es obligatorio y viene nulo."
776;sucursales_lugares.csv;"Santiago Centro";"tipo_precio tiene valor no permitido mesa_hora, se deja nulo."
776;sucursales_lugares.csv;"Santiago Centro";"fecha_inicio_vigencia reparada de 22-05-25 a 2025-05-22"
776;sucursales_lugares.csv;"Santiago Centro";"fecha_fin_vigencia reparada de 29-05-25 a 2025-05-29"
776;sucursales_lugares.csv;"Santiago Centro";"Fila enviada a ERR: precio es obligatorio y viene nulo."
777;sucursales_lugares.csv;"Santiago Centro";"tipo_precio tiene valor no permitido mesa_hora, se deja nulo."
777;sucursales_lugares.csv;"Santiago Centro";"fecha_inicio_vigencia reparada de 23-11-25 a 2025-11-23"
777;sucursales_lugares.csv;"Santiago Centro";"fecha_fin_vigencia reparada de 30-11-25 a 2025-11-30"
777;sucursales_lugares.csv;"Santiago Centro";"Fila enviada a ERR: precio es obligatorio y viene nulo."
778;sucursales_lugares.csv;"Santiago Centro";"tipo_precio tiene valor no permitido mesa_hora, se deja nulo."
778;sucursales_lugares.csv;"Santiago Centro";"fecha_inicio_vigencia reparada de 09-12-24 a 2024-12-09"
778;sucursales_lugares.csv;"Santiago Centro";"fecha_fin_vigencia reparada de 08-01-25 a 2025-01-08"
778;sucursales_lugares.csv;"Santiago Centro";"Fila enviada a ERR: precio es obligatorio y viene nulo."
779;sucursales_lugares.csv;"Santiago Centro";"tipo_precio tiene valor no permitido mesa_hora, se deja nulo."
779;sucursales_lugares.csv;"Santiago Centro";"fecha_inicio_vigencia reparada de 01-07-25 a 2025-07-01"
779;sucursales_lugares.csv;"Santiago Centro";"fecha_fin_vigencia reparada de 29-09-25 a 2025-09-29"
779;sucursales_lugares.csv;"Santiago Centro";"Fila enviada a ERR: precio es obligatorio y viene nulo."
780;sucursales_lugares.csv;"Santiago Centro";"tipo_precio tiene valor no permitido mesa_hora, se deja nulo."
780;sucursales_lugares.csv;"Santiago Centro";"fecha_inicio_vigencia con formato incompleto o que no se pudo reparar, se reemplaza por nulo"
780;sucursales_lugares.csv;"Santiago Centro";"fecha_fin_vigencia reparada de 07-02-25 a 2025-02-07"
780;sucursales_lugares.csv;"Santiago Centro";"Fila enviada a ERR: precio es obligatorio y viene nulo."
781;sucursales_lugares.csv;"Santiago Centro";"tipo_precio tiene valor no permitido mesa_hora, se deja nulo."
781;sucursales_lugares.csv;"Santiago Centro";"fecha_inicio_vigencia reparada de 04-12-24 a 2024-12-04"
781;sucursales_lugares.csv;"Santiago Centro";"fecha_fin_vigencia reparada de 03-01-25 a 2025-01-03"
781;sucursales_lugares.csv;"Santiago Centro";"Fila enviada a ERR: precio es obligatorio y viene nulo."
782;sucursales_lugares.csv;"Santiago Centro";"tipo_precio tiene valor no permitido mesa_hora, se deja nulo."
782;sucursales_lugares.csv;"Santiago Centro";"fecha_inicio_vigencia reparada de 30-07-24 a 2024-07-30"
782;sucursales_lugares.csv;"Santiago Centro";"fecha_fin_vigencia reparada de 06-08-24 a 2024-08-06"
782;sucursales_lugares.csv;"Santiago Centro";"Fila enviada a ERR: precio es obligatorio y viene nulo."
783;sucursales_lugares.csv;"Santiago Centro";"tipo_precio tiene valor no permitido mesa_hora, se deja nulo."
783;sucursales_lugares.csv;"Santiago Centro";"fecha_inicio_vigencia reparada de 13-08-25 a 2025-08-13"
783;sucursales_lugares.csv;"Santiago Centro";"fecha_fin_vigencia reparada de 12-09-25 a 2025-09-12"
783;sucursales_lugares.csv;"Santiago Centro";"Fila enviada a ERR: precio es obligatorio y viene nulo."
784;sucursales_lugares.csv;"Santiago Centro";"tipo_precio tiene valor no permitido mesa_hora, se deja nulo."
784;sucursales_lugares.csv;"Santiago Centro";"fecha_inicio_vigencia reparada de 04-10-24 a 2024-10-04"
784;sucursales_lugares.csv;"Santiago Centro";"fecha_fin_vigencia reparada de 02-01-25 a 2025-01-02"
784;sucursales_lugares.csv;"Santiago Centro";"Fila enviada a ERR: precio es obligatorio y viene nulo."
785;sucursales_lugares.csv;"Santiago Centro";"tipo_precio tiene valor no permitido mesa_hora, se deja nulo."
785;sucursales_lugares.csv;"Santiago Centro";"fecha_inicio_vigencia reparada de 11-04-24 a 2024-04-11"
785;sucursales_lugares.csv;"Santiago Centro";"fecha_fin_vigencia reparada de 11-05-24 a 2024-05-11"
785;sucursales_lugares.csv;"Santiago Centro";"Fila enviada a ERR: precio es obligatorio y viene nulo."
786;sucursales_lugares.csv;"Santiago Centro";"tipo_precio tiene valor no permitido linea_hora, se deja nulo."
786;sucursales_lugares.csv;"Santiago Centro";"fecha_inicio_vigencia reparada de 26-03-25 a 2025-03-26"
786;sucursales_lugares.csv;"Santiago Centro";"fecha_fin_vigencia reparada de 02-04-25 a 2025-04-02"
787;sucursales_lugares.csv;"Santiago Centro";"tipo_precio tiene valor no permitido linea_hora, se deja nulo."
787;sucursales_lugares.csv;"Santiago Centro";"fecha_inicio_vigencia reparada de 18-06-25 a 2025-06-18"
787;sucursales_lugares.csv;"Santiago Centro";"fecha_fin_vigencia reparada de 17-08-25 a 2025-08-17"
788;sucursales_lugares.csv;"Santiago Centro";"tipo_precio tiene valor no permitido linea_hora, se deja nulo."
788;sucursales_lugares.csv;"Santiago Centro";"fecha_inicio_vigencia reparada de 18-03-24 a 2024-03-18"
788;sucursales_lugares.csv;"Santiago Centro";"fecha_fin_vigencia reparada de 16-06-24 a 2024-06-16"
789;sucursales_lugares.csv;"Santiago Centro";"tipo_precio tiene valor no permitido linea_hora, se deja nulo."
789;sucursales_lugares.csv;"Santiago Centro";"fecha_inicio_vigencia reparada de 06-04-25 a 2025-04-06"
789;sucursales_lugares.csv;"Santiago Centro";"fecha_fin_vigencia reparada de 20-04-25 a 2025-04-20"
790;sucursales_lugares.csv;"Santiago Centro";"tipo_precio tiene valor no permitido linea_hora, se deja nulo."
790;sucursales_lugares.csv;"Santiago Centro";"fecha_inicio_vigencia reparada de 21-04-24 a 2024-04-21"
790;sucursales_lugares.csv;"Santiago Centro";"fecha_fin_vigencia reparada de 05-05-24 a 2024-05-05"
791;sucursales_lugares.csv;"Santiago Centro";"tipo_precio tiene valor no permitido linea_hora, se deja nulo."
791;sucursales_lugares.csv;"Santiago Centro";"fecha_inicio_vigencia reparada de 25-09-25 a 2025-09-25"
791;sucursales_lugares.csv;"Santiago Centro";"fecha_fin_vigencia reparada de 25-10-25 a 2025-10-25"
792;sucursales_lugares.csv;"Santiago Centro";"tipo_precio tiene valor no permitido linea_hora, se deja nulo."
792;sucursales_lugares.csv;"Santiago Centro";"fecha_inicio_vigencia reparada de 16-01-24 a 2024-01-16"
792;sucursales_lugares.csv;"Santiago Centro";"fecha_fin_vigencia reparada de 15-04-24 a 2024-04-15"
793;sucursales_lugares.csv;"Santiago Centro";"tipo_precio tiene valor no permitido linea_hora, se deja nulo."
793;sucursales_lugares.csv;"Santiago Centro";"fecha_inicio_vigencia reparada de 30-06-24 a 2024-06-30"
793;sucursales_lugares.csv;"Santiago Centro";"fecha_fin_vigencia reparada de 14-07-24 a 2024-07-14"
794;sucursales_lugares.csv;"Santiago Centro";"tipo_precio tiene valor no permitido linea_hora, se deja nulo."
794;sucursales_lugares.csv;"Santiago Centro";"fecha_inicio_vigencia reparada de 15-02-25 a 2025-02-15"
794;sucursales_lugares.csv;"Santiago Centro";"fecha_fin_vigencia reparada de 17-03-25 a 2025-03-17"
795;sucursales_lugares.csv;"Santiago Centro";"tipo_precio tiene valor no permitido linea_hora, se deja nulo."
795;sucursales_lugares.csv;"Santiago Centro";"fecha_inicio_vigencia reparada de 18-08-24 a 2024-08-18"
795;sucursales_lugares.csv;"Santiago Centro";"fecha_fin_vigencia reparada de 17-09-24 a 2024-09-17"
796;sucursales_lugares.csv;"Santiago Centro";"tipo_precio tiene valor no permitido linea_hora, se deja nulo."
796;sucursales_lugares.csv;"Santiago Centro";"fecha_inicio_vigencia reparada de 24-01-25 a 2025-01-24"
796;sucursales_lugares.csv;"Santiago Centro";"fecha_fin_vigencia reparada de 24-04-25 a 2025-04-24"
797;sucursales_lugares.csv;"Santiago Centro";"tipo_precio tiene valor no permitido linea_hora, se deja nulo."
797;sucursales_lugares.csv;"Santiago Centro";"fecha_inicio_vigencia reparada de 07-12-24 a 2024-12-07"
797;sucursales_lugares.csv;"Santiago Centro";"fecha_fin_vigencia reparada de 21-12-24 a 2024-12-21"
798;sucursales_lugares.csv;"Santiago Centro";"tipo_precio tiene valor no permitido linea_hora, se deja nulo."
798;sucursales_lugares.csv;"Santiago Centro";"fecha_inicio_vigencia reparada de 26-03-25 a 2025-03-26"
798;sucursales_lugares.csv;"Santiago Centro";"fecha_fin_vigencia reparada de 25-05-25 a 2025-05-25"
799;sucursales_lugares.csv;"Santiago Centro";"tipo_precio tiene valor no permitido linea_hora, se deja nulo."
799;sucursales_lugares.csv;"Santiago Centro";"fecha_inicio_vigencia reparada de 17-08-25 a 2025-08-17"
799;sucursales_lugares.csv;"Santiago Centro";"fecha_fin_vigencia reparada de 16-10-25 a 2025-10-16"
800;sucursales_lugares.csv;"Santiago Centro";"tipo_precio tiene valor no permitido linea_hora, se deja nulo."
800;sucursales_lugares.csv;"Santiago Centro";"fecha_inicio_vigencia reparada de 04-05-25 a 2025-05-04"
800;sucursales_lugares.csv;"Santiago Centro";"fecha_fin_vigencia reparada de 18-05-25 a 2025-05-18"
801;sucursales_lugares.csv;"Santiago Centro";"tipo_precio tiene valor no permitido linea_hora, se deja nulo."
801;sucursales_lugares.csv;"Santiago Centro";"fecha_inicio_vigencia reparada de 22-07-24 a 2024-07-22"
801;sucursales_lugares.csv;"Santiago Centro";"fecha_fin_vigencia reparada de 20-09-24 a 2024-09-20"
802;sucursales_lugares.csv;"Santiago Centro";"tipo_precio tiene valor no permitido tramo, se deja nulo."
802;sucursales_lugares.csv;"Santiago Centro";"fecha_inicio_vigencia reparada de 30-01-25 a 2025-01-30"
802;sucursales_lugares.csv;"Santiago Centro";"fecha_fin_vigencia reparada de 30-04-25 a 2025-04-30"
803;sucursales_lugares.csv;"Santiago Centro";"tipo_precio tiene valor no permitido tramo, se deja nulo."
803;sucursales_lugares.csv;"Santiago Centro";"fecha_inicio_vigencia reparada de 16-04-25 a 2025-04-16"
803;sucursales_lugares.csv;"Santiago Centro";"fecha_fin_vigencia reparada de 30-04-25 a 2025-04-30"
804;sucursales_lugares.csv;"Santiago Centro";"tipo_precio reparado de dia a día"
804;sucursales_lugares.csv;"Santiago Centro";"fecha_inicio_vigencia reparada de 05-09-25 a 2025-09-05"
804;sucursales_lugares.csv;"Santiago Centro";"fecha_fin_vigencia reparada de 04-12-25 a 2025-12-04"
805;sucursales_lugares.csv;"Santiago Centro";"tipo_precio tiene valor no permitido tramo, se deja nulo."
805;sucursales_lugares.csv;"Santiago Centro";"fecha_inicio_vigencia reparada de 10-07-25 a 2025-07-10"
805;sucursales_lugares.csv;"Santiago Centro";"fecha_fin_vigencia reparada de 08-09-25 a 2025-09-08"
806;sucursales_lugares.csv;"Santiago Centro";"tipo_precio reparado de dia a día"
806;sucursales_lugares.csv;"Santiago Centro";"fecha_inicio_vigencia reparada de 18-03-24 a 2024-03-18"
806;sucursales_lugares.csv;"Santiago Centro";"fecha_fin_vigencia reparada de 17-05-24 a 2024-05-17"
807;sucursales_lugares.csv;"Santiago Centro";"tipo_precio reparado de dia a día"
807;sucursales_lugares.csv;"Santiago Centro";"fecha_inicio_vigencia reparada de 06-04-25 a 2025-04-06"
807;sucursales_lugares.csv;"Santiago Centro";"fecha_fin_vigencia reparada de 20-04-25 a 2025-04-20"
808;sucursales_lugares.csv;"Santiago Centro";"tipo_precio reparado de dia a día"
808;sucursales_lugares.csv;"Santiago Centro";"fecha_inicio_vigencia reparada de 29-06-25 a 2025-06-29"
808;sucursales_lugares.csv;"Santiago Centro";"fecha_fin_vigencia reparada de 13-07-25 a 2025-07-13"
809;sucursales_lugares.csv;"Santiago Centro";"tipo_precio reparado de dia a día"
809;sucursales_lugares.csv;"Santiago Centro";"fecha_inicio_vigencia reparada de 13-03-25 a 2025-03-13"
809;sucursales_lugares.csv;"Santiago Centro";"fecha_fin_vigencia reparada de 11-06-25 a 2025-06-11"
810;sucursales_lugares.csv;"Santiago Centro";"tipo_precio reparado de dia a día"
810;sucursales_lugares.csv;"Santiago Centro";"fecha_inicio_vigencia reparada de 02-08-24 a 2024-08-02"
810;sucursales_lugares.csv;"Santiago Centro";"fecha_fin_vigencia reparada de 09-08-24 a 2024-08-09"
811;sucursales_lugares.csv;"Santiago Centro";"tipo_precio reparado de dia a día"
811;sucursales_lugares.csv;"Santiago Centro";"fecha_inicio_vigencia reparada de 13-06-24 a 2024-06-13"
811;sucursales_lugares.csv;"Santiago Centro";"fecha_fin_vigencia reparada de 20-06-24 a 2024-06-20"
812;sucursales_lugares.csv;"Santiago Centro";"tipo_precio reparado de dia a día"
812;sucursales_lugares.csv;"Santiago Centro";"fecha_inicio_vigencia reparada de 20-05-24 a 2024-05-20"
812;sucursales_lugares.csv;"Santiago Centro";"fecha_fin_vigencia reparada de 19-06-24 a 2024-06-19"
813;sucursales_lugares.csv;"Santiago Centro";"tipo_precio reparado de dia a día"
813;sucursales_lugares.csv;"Santiago Centro";"fecha_inicio_vigencia reparada de 15-05-25 a 2025-05-15"
813;sucursales_lugares.csv;"Santiago Centro";"fecha_fin_vigencia reparada de 13-08-25 a 2025-08-13"
814;sucursales_lugares.csv;"Santiago Centro";"tipo_precio reparado de dia a día"
814;sucursales_lugares.csv;"Santiago Centro";"fecha_inicio_vigencia reparada de 24-08-24 a 2024-08-24"
814;sucursales_lugares.csv;"Santiago Centro";"fecha_fin_vigencia reparada de 31-08-24 a 2024-08-31"
815;sucursales_lugares.csv;"Santiago Centro";"tipo_precio reparado de dia a día"
815;sucursales_lugares.csv;"Santiago Centro";"fecha_inicio_vigencia reparada de 18-10-25 a 2025-10-18"
815;sucursales_lugares.csv;"Santiago Centro";"fecha_fin_vigencia reparada de 16-01-26 a 2026-01-16"
816;sucursales_lugares.csv;"Santiago Centro";"tipo_precio reparado de dia a día"
816;sucursales_lugares.csv;"Santiago Centro";"fecha_inicio_vigencia con formato incompleto o que no se pudo reparar, se reemplaza por nulo"
816;sucursales_lugares.csv;"Santiago Centro";"fecha_fin_vigencia reparada de 13-08-24 a 2024-08-13"
817;sucursales_lugares.csv;"Santiago Centro";"tipo_precio reparado de dia a día"
817;sucursales_lugares.csv;"Santiago Centro";"fecha_inicio_vigencia reparada de 11-11-25 a 2025-11-11"
817;sucursales_lugares.csv;"Santiago Centro";"fecha_fin_vigencia reparada de 18-11-25 a 2025-11-18"
818;sucursales_lugares.csv;"Santiago Centro";"tipo_precio reparado de dia a día"
818;sucursales_lugares.csv;"Santiago Centro";"fecha_inicio_vigencia reparada de 18-04-25 a 2025-04-18"
818;sucursales_lugares.csv;"Santiago Centro";"fecha_fin_vigencia reparada de 02-05-25 a 2025-05-02"
819;sucursales_lugares.csv;"Santiago Centro";"tipo_precio reparado de dia a día"
819;sucursales_lugares.csv;"Santiago Centro";"fecha_inicio_vigencia reparada de 25-07-24 a 2024-07-25"
819;sucursales_lugares.csv;"Santiago Centro";"fecha_fin_vigencia reparada de 01-08-24 a 2024-08-01"
820;sucursales_lugares.csv;"Santiago Centro";"tipo_precio reparado de dia a día"
820;sucursales_lugares.csv;"Santiago Centro";"fecha_inicio_vigencia reparada de 17-04-24 a 2024-04-17"
820;sucursales_lugares.csv;"Santiago Centro";"fecha_fin_vigencia reparada de 01-05-24 a 2024-05-01"
821;sucursales_lugares.csv;"Santiago Centro";"tipo_precio reparado de dia a día"
821;sucursales_lugares.csv;"Santiago Centro";"fecha_inicio_vigencia reparada de 08-06-24 a 2024-06-08"
821;sucursales_lugares.csv;"Santiago Centro";"fecha_fin_vigencia reparada de 15-06-24 a 2024-06-15"
822;sucursales_lugares.csv;"Santiago Centro";"tipo_precio reparado de dia a día"
822;sucursales_lugares.csv;"Santiago Centro";"fecha_inicio_vigencia reparada de 05-02-25 a 2025-02-05"
822;sucursales_lugares.csv;"Santiago Centro";"fecha_fin_vigencia reparada de 07-03-25 a 2025-03-07"
823;sucursales_lugares.csv;"Santiago Centro";"tipo_precio reparado de dia a día"
823;sucursales_lugares.csv;"Santiago Centro";"fecha_inicio_vigencia reparada de 08-12-24 a 2024-12-08"
823;sucursales_lugares.csv;"Santiago Centro";"fecha_fin_vigencia reparada de 07-01-25 a 2025-01-07"
824;sucursales_lugares.csv;"Santiago Centro";"tipo_precio reparado de dia a día"
824;sucursales_lugares.csv;"Santiago Centro";"fecha_inicio_vigencia reparada de 19-01-24 a 2024-01-19"
824;sucursales_lugares.csv;"Santiago Centro";"fecha_fin_vigencia reparada de 18-04-24 a 2024-04-18"
825;sucursales_lugares.csv;"Santiago Centro";"tipo_precio reparado de dia a día"
825;sucursales_lugares.csv;"Santiago Centro";"fecha_inicio_vigencia reparada de 10-04-25 a 2025-04-10"
825;sucursales_lugares.csv;"Santiago Centro";"fecha_fin_vigencia reparada de 09-07-25 a 2025-07-09"
826;sucursales_lugares.csv;"Santiago Centro";"fecha_inicio_vigencia reparada de 23-02-25 a 2025-02-23"
826;sucursales_lugares.csv;"Santiago Centro";"fecha_fin_vigencia reparada de 25-03-25 a 2025-03-25"
827;sucursales_lugares.csv;"Santiago Centro";"fecha_inicio_vigencia reparada de 28-01-25 a 2025-01-28"
827;sucursales_lugares.csv;"Santiago Centro";"fecha_fin_vigencia reparada de 04-02-25 a 2025-02-04"
828;sucursales_lugares.csv;"Santiago Centro";"fecha_inicio_vigencia reparada de 28-07-25 a 2025-07-28"
828;sucursales_lugares.csv;"Santiago Centro";"fecha_fin_vigencia reparada de 26-10-25 a 2025-10-26"
829;sucursales_lugares.csv;"Santiago Centro";"fecha_inicio_vigencia reparada de 10-10-25 a 2025-10-10"
829;sucursales_lugares.csv;"Santiago Centro";"fecha_fin_vigencia reparada de 09-11-25 a 2025-11-09"
830;sucursales_lugares.csv;"Santiago Centro";"fecha_inicio_vigencia reparada de 21-08-25 a 2025-08-21"
830;sucursales_lugares.csv;"Santiago Centro";"fecha_fin_vigencia reparada de 04-09-25 a 2025-09-04"
831;sucursales_lugares.csv;"Santiago Centro";"fecha_inicio_vigencia reparada de 06-10-24 a 2024-10-06"
831;sucursales_lugares.csv;"Santiago Centro";"fecha_fin_vigencia reparada de 04-01-25 a 2025-01-04"
831;sucursales_lugares.csv;"Santiago Centro";"Fila enviada a ERR: precio debe ser un numero."
832;sucursales_lugares.csv;"Santiago Centro";"fecha_inicio_vigencia reparada de 11-09-24 a 2024-09-11"
832;sucursales_lugares.csv;"Santiago Centro";"fecha_fin_vigencia reparada de 18-09-24 a 2024-09-18"
833;sucursales_lugares.csv;"Santiago Centro";"fecha_inicio_vigencia reparada de 23-11-25 a 2025-11-23"
833;sucursales_lugares.csv;"Santiago Centro";"fecha_fin_vigencia reparada de 21-02-26 a 2026-02-21"
834;sucursales_lugares.csv;Providencia;"tipo_precio tiene valor no permitido mesa_hora, se deja nulo."
834;sucursales_lugares.csv;Providencia;"fecha_inicio_vigencia reparada de 01-11-25 a 2025-11-01"
834;sucursales_lugares.csv;Providencia;"fecha_fin_vigencia reparada de 30-01-26 a 2026-01-30"
834;sucursales_lugares.csv;Providencia;"Fila enviada a ERR: precio es obligatorio y viene nulo."
835;sucursales_lugares.csv;Providencia;"tipo_precio tiene valor no permitido mesa_hora, se deja nulo."
835;sucursales_lugares.csv;Providencia;"fecha_inicio_vigencia reparada de 29-02-24 a 2024-02-29"
835;sucursales_lugares.csv;Providencia;"fecha_fin_vigencia reparada de 29-04-24 a 2024-04-29"
835;sucursales_lugares.csv;Providencia;"Fila enviada a ERR: precio es obligatorio y viene nulo."
836;sucursales_lugares.csv;Providencia;"tipo_precio tiene valor no permitido mesa_hora, se deja nulo."
836;sucursales_lugares.csv;Providencia;"fecha_inicio_vigencia reparada de 19-03-25 a 2025-03-19"
836;sucursales_lugares.csv;Providencia;"fecha_fin_vigencia reparada de 17-06-25 a 2025-06-17"
836;sucursales_lugares.csv;Providencia;"Fila enviada a ERR: precio es obligatorio y viene nulo."
837;sucursales_lugares.csv;Providencia;"tipo_precio tiene valor no permitido mesa_hora, se deja nulo."
837;sucursales_lugares.csv;Providencia;"fecha_inicio_vigencia reparada de 03-04-25 a 2025-04-03"
837;sucursales_lugares.csv;Providencia;"fecha_fin_vigencia reparada de 02-06-25 a 2025-06-02"
837;sucursales_lugares.csv;Providencia;"Fila enviada a ERR: precio es obligatorio y viene nulo."
838;sucursales_lugares.csv;Providencia;"tipo_precio tiene valor no permitido mesa_hora, se deja nulo."
838;sucursales_lugares.csv;Providencia;"fecha_inicio_vigencia reparada de 15-04-25 a 2025-04-15"
838;sucursales_lugares.csv;Providencia;"fecha_fin_vigencia reparada de 14-07-25 a 2025-07-14"
838;sucursales_lugares.csv;Providencia;"Fila enviada a ERR: precio es obligatorio y viene nulo."
839;sucursales_lugares.csv;Providencia;"tipo_precio tiene valor no permitido mesa_hora, se deja nulo."
839;sucursales_lugares.csv;Providencia;"fecha_inicio_vigencia con formato incompleto o que no se pudo reparar, se reemplaza por nulo"
839;sucursales_lugares.csv;Providencia;"fecha_fin_vigencia reparada de 22-06-24 a 2024-06-22"
839;sucursales_lugares.csv;Providencia;"Fila enviada a ERR: precio debe ser un numero."
840;sucursales_lugares.csv;Providencia;"tipo_precio tiene valor no permitido mesa_hora, se deja nulo."
840;sucursales_lugares.csv;Providencia;"fecha_inicio_vigencia reparada de 04-11-24 a 2024-11-04"
840;sucursales_lugares.csv;Providencia;"fecha_fin_vigencia reparada de 03-01-25 a 2025-01-03"
840;sucursales_lugares.csv;Providencia;"Fila enviada a ERR: precio es obligatorio y viene nulo."
841;sucursales_lugares.csv;Providencia;"tipo_precio tiene valor no permitido mesa_hora, se deja nulo."
841;sucursales_lugares.csv;Providencia;"fecha_inicio_vigencia reparada de 26-02-25 a 2025-02-26"
841;sucursales_lugares.csv;Providencia;"fecha_fin_vigencia reparada de 27-05-25 a 2025-05-27"
841;sucursales_lugares.csv;Providencia;"Fila enviada a ERR: precio es obligatorio y viene nulo."
842;sucursales_lugares.csv;Providencia;"tipo_precio tiene valor no permitido mesa_hora, se deja nulo."
842;sucursales_lugares.csv;Providencia;"fecha_inicio_vigencia reparada de 06-03-24 a 2024-03-06"
842;sucursales_lugares.csv;Providencia;"fecha_fin_vigencia reparada de 13-03-24 a 2024-03-13"
842;sucursales_lugares.csv;Providencia;"Fila enviada a ERR: precio es obligatorio y viene nulo."
843;sucursales_lugares.csv;Providencia;"tipo_precio tiene valor no permitido mesa_hora, se deja nulo."
843;sucursales_lugares.csv;Providencia;"fecha_inicio_vigencia reparada de 04-04-25 a 2025-04-04"
843;sucursales_lugares.csv;Providencia;"fecha_fin_vigencia reparada de 18-04-25 a 2025-04-18"
843;sucursales_lugares.csv;Providencia;"Fila enviada a ERR: precio es obligatorio y viene nulo."
844;sucursales_lugares.csv;Providencia;"tipo_precio tiene valor no permitido mesa_hora, se deja nulo."
844;sucursales_lugares.csv;Providencia;"fecha_inicio_vigencia reparada de 13-09-24 a 2024-09-13"
844;sucursales_lugares.csv;Providencia;"fecha_fin_vigencia reparada de 12-12-24 a 2024-12-12"
844;sucursales_lugares.csv;Providencia;"Fila enviada a ERR: precio es obligatorio y viene nulo."
845;sucursales_lugares.csv;Providencia;"tipo_precio tiene valor no permitido mesa_hora, se deja nulo."
845;sucursales_lugares.csv;Providencia;"fecha_inicio_vigencia reparada de 11-05-24 a 2024-05-11"
845;sucursales_lugares.csv;Providencia;"fecha_fin_vigencia reparada de 09-08-24 a 2024-08-09"
845;sucursales_lugares.csv;Providencia;"Fila enviada a ERR: precio es obligatorio y viene nulo."
846;sucursales_lugares.csv;Providencia;"tipo_precio tiene valor no permitido mesa_hora, se deja nulo."
846;sucursales_lugares.csv;Providencia;"fecha_inicio_vigencia reparada de 30-10-24 a 2024-10-30"
846;sucursales_lugares.csv;Providencia;"fecha_fin_vigencia reparada de 29-12-24 a 2024-12-29"
846;sucursales_lugares.csv;Providencia;"Fila enviada a ERR: precio es obligatorio y viene nulo."
847;sucursales_lugares.csv;Providencia;"tipo_precio tiene valor no permitido mesa_hora, se deja nulo."
847;sucursales_lugares.csv;Providencia;"fecha_inicio_vigencia reparada de 30-06-24 a 2024-06-30"
847;sucursales_lugares.csv;Providencia;"fecha_fin_vigencia reparada de 14-07-24 a 2024-07-14"
847;sucursales_lugares.csv;Providencia;"Fila enviada a ERR: precio es obligatorio y viene nulo."
848;sucursales_lugares.csv;Providencia;"tipo_precio tiene valor no permitido mesa_hora, se deja nulo."
848;sucursales_lugares.csv;Providencia;"fecha_inicio_vigencia reparada de 08-01-25 a 2025-01-08"
848;sucursales_lugares.csv;Providencia;"fecha_fin_vigencia reparada de 07-02-25 a 2025-02-07"
848;sucursales_lugares.csv;Providencia;"Fila enviada a ERR: precio es obligatorio y viene nulo."
849;sucursales_lugares.csv;Providencia;"tipo_precio tiene valor no permitido mesa_hora, se deja nulo."
849;sucursales_lugares.csv;Providencia;"fecha_inicio_vigencia reparada de 31-03-24 a 2024-03-31"
849;sucursales_lugares.csv;Providencia;"fecha_fin_vigencia reparada de 29-06-24 a 2024-06-29"
849;sucursales_lugares.csv;Providencia;"Fila enviada a ERR: precio es obligatorio y viene nulo."
850;sucursales_lugares.csv;Providencia;"tipo_precio tiene valor no permitido linea_hora, se deja nulo."
850;sucursales_lugares.csv;Providencia;"fecha_inicio_vigencia reparada de 03-11-25 a 2025-11-03"
850;sucursales_lugares.csv;Providencia;"fecha_fin_vigencia reparada de 03-12-25 a 2025-12-03"
851;sucursales_lugares.csv;Providencia;"tipo_precio tiene valor no permitido linea_hora, se deja nulo."
851;sucursales_lugares.csv;Providencia;"fecha_inicio_vigencia reparada de 06-02-24 a 2024-02-06"
851;sucursales_lugares.csv;Providencia;"fecha_fin_vigencia reparada de 06-05-24 a 2024-05-06"
852;sucursales_lugares.csv;Providencia;"tipo_precio tiene valor no permitido linea_hora, se deja nulo."
852;sucursales_lugares.csv;Providencia;"fecha_inicio_vigencia reparada de 21-09-24 a 2024-09-21"
852;sucursales_lugares.csv;Providencia;"fecha_fin_vigencia reparada de 21-10-24 a 2024-10-21"
853;sucursales_lugares.csv;Providencia;"tipo_precio tiene valor no permitido linea_hora, se deja nulo."
853;sucursales_lugares.csv;Providencia;"fecha_inicio_vigencia reparada de 19-02-25 a 2025-02-19"
853;sucursales_lugares.csv;Providencia;"fecha_fin_vigencia reparada de 21-03-25 a 2025-03-21"
854;sucursales_lugares.csv;Providencia;"tipo_precio tiene valor no permitido linea_hora, se deja nulo."
854;sucursales_lugares.csv;Providencia;"fecha_inicio_vigencia reparada de 16-03-24 a 2024-03-16"
854;sucursales_lugares.csv;Providencia;"fecha_fin_vigencia reparada de 15-05-24 a 2024-05-15"
855;sucursales_lugares.csv;Providencia;"tipo_precio tiene valor no permitido linea_hora, se deja nulo."
855;sucursales_lugares.csv;Providencia;"fecha_inicio_vigencia reparada de 27-06-24 a 2024-06-27"
855;sucursales_lugares.csv;Providencia;"fecha_fin_vigencia reparada de 27-07-24 a 2024-07-27"
856;sucursales_lugares.csv;Providencia;"tipo_precio tiene valor no permitido linea_hora, se deja nulo."
856;sucursales_lugares.csv;Providencia;"fecha_inicio_vigencia reparada de 27-01-24 a 2024-01-27"
856;sucursales_lugares.csv;Providencia;"fecha_fin_vigencia reparada de 10-02-24 a 2024-02-10"
857;sucursales_lugares.csv;Providencia;"tipo_precio tiene valor no permitido linea_hora, se deja nulo."
857;sucursales_lugares.csv;Providencia;"fecha_inicio_vigencia reparada de 29-07-25 a 2025-07-29"
857;sucursales_lugares.csv;Providencia;"fecha_fin_vigencia reparada de 27-09-25 a 2025-09-27"
858;sucursales_lugares.csv;Providencia;"tipo_precio tiene valor no permitido linea_hora, se deja nulo."
858;sucursales_lugares.csv;Providencia;"fecha_inicio_vigencia reparada de 14-07-25 a 2025-07-14"
858;sucursales_lugares.csv;Providencia;"fecha_fin_vigencia reparada de 13-08-25 a 2025-08-13"
859;sucursales_lugares.csv;Providencia;"tipo_precio tiene valor no permitido linea_hora, se deja nulo."
859;sucursales_lugares.csv;Providencia;"fecha_inicio_vigencia con formato incompleto o que no se pudo reparar, se reemplaza por nulo"
859;sucursales_lugares.csv;Providencia;"fecha_fin_vigencia reparada de 20-05-25 a 2025-05-20"
860;sucursales_lugares.csv;Providencia;"tipo_precio tiene valor no permitido linea_hora, se deja nulo."
860;sucursales_lugares.csv;Providencia;"fecha_inicio_vigencia con formato incompleto o que no se pudo reparar, se reemplaza por nulo"
860;sucursales_lugares.csv;Providencia;"fecha_fin_vigencia reparada de 14-07-25 a 2025-07-14"
861;sucursales_lugares.csv;Providencia;"tipo_precio tiene valor no permitido linea_hora, se deja nulo."
861;sucursales_lugares.csv;Providencia;"fecha_inicio_vigencia reparada de 08-06-24 a 2024-06-08"
861;sucursales_lugares.csv;Providencia;"fecha_fin_vigencia reparada de 06-09-24 a 2024-09-06"
862;sucursales_lugares.csv;Providencia;"tipo_precio tiene valor no permitido linea_hora, se deja nulo."
862;sucursales_lugares.csv;Providencia;"fecha_inicio_vigencia reparada de 14-04-24 a 2024-04-14"
862;sucursales_lugares.csv;Providencia;"fecha_fin_vigencia reparada de 13-06-24 a 2024-06-13"
863;sucursales_lugares.csv;Providencia;"tipo_precio tiene valor no permitido linea_hora, se deja nulo."
863;sucursales_lugares.csv;Providencia;"fecha_inicio_vigencia reparada de 05-03-25 a 2025-03-05"
863;sucursales_lugares.csv;Providencia;"fecha_fin_vigencia reparada de 04-04-25 a 2025-04-04"
864;sucursales_lugares.csv;Providencia;"tipo_precio tiene valor no permitido linea_hora, se deja nulo."
864;sucursales_lugares.csv;Providencia;"fecha_inicio_vigencia reparada de 07-10-25 a 2025-10-07"
864;sucursales_lugares.csv;Providencia;"fecha_fin_vigencia reparada de 21-10-25 a 2025-10-21"
865;sucursales_lugares.csv;Providencia;"tipo_precio tiene valor no permitido linea_hora, se deja nulo."
865;sucursales_lugares.csv;Providencia;"fecha_inicio_vigencia reparada de 18-10-25 a 2025-10-18"
865;sucursales_lugares.csv;Providencia;"fecha_fin_vigencia reparada de 16-01-26 a 2026-01-16"
866;sucursales_lugares.csv;Providencia;"tipo_precio tiene valor no permitido tramo, se deja nulo."
866;sucursales_lugares.csv;Providencia;"fecha_inicio_vigencia reparada de 04-08-24 a 2024-08-04"
866;sucursales_lugares.csv;Providencia;"fecha_fin_vigencia reparada de 11-08-24 a 2024-08-11"
867;sucursales_lugares.csv;Providencia;"tipo_precio reparado de dia a día"
867;sucursales_lugares.csv;Providencia;"fecha_inicio_vigencia reparada de 11-01-25 a 2025-01-11"
867;sucursales_lugares.csv;Providencia;"fecha_fin_vigencia reparada de 11-04-25 a 2025-04-11"
868;sucursales_lugares.csv;Providencia;"tipo_precio tiene valor no permitido tramo, se deja nulo."
868;sucursales_lugares.csv;Providencia;"fecha_inicio_vigencia reparada de 21-08-25 a 2025-08-21"
868;sucursales_lugares.csv;Providencia;"fecha_fin_vigencia reparada de 20-10-25 a 2025-10-20"
869;sucursales_lugares.csv;Providencia;"tipo_precio tiene valor no permitido tramo, se deja nulo."
869;sucursales_lugares.csv;Providencia;"fecha_inicio_vigencia reparada de 03-09-25 a 2025-09-03"
869;sucursales_lugares.csv;Providencia;"fecha_fin_vigencia reparada de 17-09-25 a 2025-09-17"
870;sucursales_lugares.csv;Providencia;"tipo_precio reparado de dia a día"
870;sucursales_lugares.csv;Providencia;"fecha_inicio_vigencia con formato incompleto o que no se pudo reparar, se reemplaza por nulo"
870;sucursales_lugares.csv;Providencia;"fecha_fin_vigencia reparada de 13-03-24 a 2024-03-13"
870;sucursales_lugares.csv;Providencia;"Fila enviada a ERR: precio debe ser un numero."
871;sucursales_lugares.csv;Providencia;"tipo_precio reparado de dia a día"
871;sucursales_lugares.csv;Providencia;"fecha_inicio_vigencia reparada de 16-09-24 a 2024-09-16"
871;sucursales_lugares.csv;Providencia;"fecha_fin_vigencia reparada de 23-09-24 a 2024-09-23"
872;sucursales_lugares.csv;Providencia;"tipo_precio reparado de dia a día"
872;sucursales_lugares.csv;Providencia;"fecha_inicio_vigencia reparada de 07-05-24 a 2024-05-07"
872;sucursales_lugares.csv;Providencia;"fecha_fin_vigencia reparada de 21-05-24 a 2024-05-21"
873;sucursales_lugares.csv;Providencia;"tipo_precio reparado de dia a día"
873;sucursales_lugares.csv;Providencia;"fecha_inicio_vigencia reparada de 19-06-24 a 2024-06-19"
873;sucursales_lugares.csv;Providencia;"fecha_fin_vigencia reparada de 03-07-24 a 2024-07-03"
874;sucursales_lugares.csv;Providencia;"tipo_precio reparado de dia a día"
874;sucursales_lugares.csv;Providencia;"fecha_inicio_vigencia reparada de 06-07-25 a 2025-07-06"
874;sucursales_lugares.csv;Providencia;"fecha_fin_vigencia reparada de 20-07-25 a 2025-07-20"
875;sucursales_lugares.csv;Providencia;"tipo_precio reparado de dia a día"
875;sucursales_lugares.csv;Providencia;"fecha_inicio_vigencia reparada de 01-05-24 a 2024-05-01"
875;sucursales_lugares.csv;Providencia;"fecha_fin_vigencia reparada de 08-05-24 a 2024-05-08"
876;sucursales_lugares.csv;Providencia;"tipo_precio reparado de dia a día"
876;sucursales_lugares.csv;Providencia;"fecha_inicio_vigencia reparada de 19-04-24 a 2024-04-19"
876;sucursales_lugares.csv;Providencia;"fecha_fin_vigencia reparada de 19-05-24 a 2024-05-19"
877;sucursales_lugares.csv;Providencia;"tipo_precio reparado de dia a día"
877;sucursales_lugares.csv;Providencia;"fecha_inicio_vigencia reparada de 18-03-24 a 2024-03-18"
877;sucursales_lugares.csv;Providencia;"fecha_fin_vigencia reparada de 17-04-24 a 2024-04-17"
878;sucursales_lugares.csv;Providencia;"tipo_precio reparado de dia a día"
878;sucursales_lugares.csv;Providencia;"fecha_inicio_vigencia reparada de 13-05-24 a 2024-05-13"
878;sucursales_lugares.csv;Providencia;"fecha_fin_vigencia reparada de 20-05-24 a 2024-05-20"
879;sucursales_lugares.csv;Providencia;"tipo_precio reparado de dia a día"
879;sucursales_lugares.csv;Providencia;"fecha_inicio_vigencia reparada de 19-03-25 a 2025-03-19"
879;sucursales_lugares.csv;Providencia;"fecha_fin_vigencia reparada de 18-04-25 a 2025-04-18"
880;sucursales_lugares.csv;Providencia;"tipo_precio reparado de dia a día"
880;sucursales_lugares.csv;Providencia;"fecha_inicio_vigencia reparada de 02-08-25 a 2025-08-02"
880;sucursales_lugares.csv;Providencia;"fecha_fin_vigencia reparada de 16-08-25 a 2025-08-16"
881;sucursales_lugares.csv;Providencia;"tipo_precio reparado de dia a día"
881;sucursales_lugares.csv;Providencia;"fecha_inicio_vigencia reparada de 02-05-24 a 2024-05-02"
881;sucursales_lugares.csv;Providencia;"fecha_fin_vigencia reparada de 31-07-24 a 2024-07-31"
882;sucursales_lugares.csv;Providencia;"tipo_precio reparado de dia a día"
882;sucursales_lugares.csv;Providencia;"fecha_inicio_vigencia reparada de 12-10-25 a 2025-10-12"
882;sucursales_lugares.csv;Providencia;"fecha_fin_vigencia reparada de 11-12-25 a 2025-12-11"
883;sucursales_lugares.csv;Providencia;"tipo_precio reparado de dia a día"
883;sucursales_lugares.csv;Providencia;"fecha_inicio_vigencia con formato incompleto o que no se pudo reparar, se reemplaza por nulo"
883;sucursales_lugares.csv;Providencia;"fecha_fin_vigencia reparada de 05-02-24 a 2024-02-05"
884;sucursales_lugares.csv;Providencia;"tipo_precio reparado de dia a día"
884;sucursales_lugares.csv;Providencia;"fecha_inicio_vigencia reparada de 08-08-24 a 2024-08-08"
884;sucursales_lugares.csv;Providencia;"fecha_fin_vigencia reparada de 07-09-24 a 2024-09-07"
885;sucursales_lugares.csv;Providencia;"tipo_precio reparado de dia a día"
885;sucursales_lugares.csv;Providencia;"fecha_inicio_vigencia con formato incompleto o que no se pudo reparar, se reemplaza por nulo"
885;sucursales_lugares.csv;Providencia;"fecha_fin_vigencia reparada de 06-03-25 a 2025-03-06"
886;sucursales_lugares.csv;Providencia;"tipo_precio reparado de dia a día"
886;sucursales_lugares.csv;Providencia;"fecha_inicio_vigencia reparada de 28-04-24 a 2024-04-28"
886;sucursales_lugares.csv;Providencia;"fecha_fin_vigencia reparada de 12-05-24 a 2024-05-12"
887;sucursales_lugares.csv;Providencia;"tipo_precio reparado de dia a día"
887;sucursales_lugares.csv;Providencia;"fecha_inicio_vigencia con formato incompleto o que no se pudo reparar, se reemplaza por nulo"
887;sucursales_lugares.csv;Providencia;"fecha_fin_vigencia reparada de 11-03-24 a 2024-03-11"
887;sucursales_lugares.csv;Providencia;"Fila enviada a ERR: precio debe ser un numero."
888;sucursales_lugares.csv;Providencia;"tipo_precio reparado de dia a día"
888;sucursales_lugares.csv;Providencia;"fecha_inicio_vigencia reparada de 03-09-25 a 2025-09-03"
888;sucursales_lugares.csv;Providencia;"fecha_fin_vigencia reparada de 17-09-25 a 2025-09-17"
888;sucursales_lugares.csv;Providencia;"Fila enviada a ERR: precio debe ser un numero."
889;sucursales_lugares.csv;Providencia;"tipo_precio reparado de dia a día"
889;sucursales_lugares.csv;Providencia;"fecha_inicio_vigencia reparada de 12-10-24 a 2024-10-12"
889;sucursales_lugares.csv;Providencia;"fecha_fin_vigencia reparada de 11-12-24 a 2024-12-11"
890;sucursales_lugares.csv;Providencia;"fecha_inicio_vigencia reparada de 03-10-24 a 2024-10-03"
890;sucursales_lugares.csv;Providencia;"fecha_fin_vigencia reparada de 10-10-24 a 2024-10-10"
891;sucursales_lugares.csv;Providencia;"fecha_inicio_vigencia reparada de 25-09-25 a 2025-09-25"
891;sucursales_lugares.csv;Providencia;"fecha_fin_vigencia reparada de 02-10-25 a 2025-10-02"
892;sucursales_lugares.csv;Providencia;"fecha_inicio_vigencia reparada de 28-04-25 a 2025-04-28"
892;sucursales_lugares.csv;Providencia;"fecha_fin_vigencia reparada de 27-07-25 a 2025-07-27"
893;sucursales_lugares.csv;Providencia;"fecha_inicio_vigencia reparada de 04-03-25 a 2025-03-04"
893;sucursales_lugares.csv;Providencia;"fecha_fin_vigencia reparada de 18-03-25 a 2025-03-18"
894;sucursales_lugares.csv;Providencia;"fecha_inicio_vigencia reparada de 22-05-25 a 2025-05-22"
894;sucursales_lugares.csv;Providencia;"fecha_fin_vigencia reparada de 21-07-25 a 2025-07-21"
895;sucursales_lugares.csv;Providencia;"fecha_inicio_vigencia con formato incompleto o que no se pudo reparar, se reemplaza por nulo"
895;sucursales_lugares.csv;Providencia;"fecha_fin_vigencia reparada de 18-01-26 a 2026-01-18"
896;sucursales_lugares.csv;Providencia;"fecha_inicio_vigencia con formato incompleto o que no se pudo reparar, se reemplaza por nulo"
896;sucursales_lugares.csv;Providencia;"fecha_fin_vigencia reparada de 11-08-24 a 2024-08-11"
896;sucursales_lugares.csv;Providencia;"Fila enviada a ERR: precio debe ser un numero."
897;sucursales_lugares.csv;Providencia;"fecha_inicio_vigencia reparada de 18-12-24 a 2024-12-18"
897;sucursales_lugares.csv;Providencia;"fecha_fin_vigencia reparada de 17-01-25 a 2025-01-17"
898;sucursales_lugares.csv;"La Florida";"tipo_precio tiene valor no permitido mesa_hora, se deja nulo."
898;sucursales_lugares.csv;"La Florida";"fecha_inicio_vigencia con formato incompleto o que no se pudo reparar, se reemplaza por nulo"
898;sucursales_lugares.csv;"La Florida";"fecha_fin_vigencia reparada de 12-09-24 a 2024-09-12"
898;sucursales_lugares.csv;"La Florida";"Fila enviada a ERR: precio debe ser un numero."
899;sucursales_lugares.csv;"La Florida";"tipo_precio tiene valor no permitido mesa_hora, se deja nulo."
899;sucursales_lugares.csv;"La Florida";"fecha_inicio_vigencia reparada de 09-10-25 a 2025-10-09"
899;sucursales_lugares.csv;"La Florida";"fecha_fin_vigencia reparada de 16-10-25 a 2025-10-16"
899;sucursales_lugares.csv;"La Florida";"Fila enviada a ERR: precio es obligatorio y viene nulo."
900;sucursales_lugares.csv;"La Florida";"tipo_precio tiene valor no permitido mesa_hora, se deja nulo."
900;sucursales_lugares.csv;"La Florida";"fecha_inicio_vigencia reparada de 25-03-25 a 2025-03-25"
900;sucursales_lugares.csv;"La Florida";"fecha_fin_vigencia reparada de 23-06-25 a 2025-06-23"
900;sucursales_lugares.csv;"La Florida";"Fila enviada a ERR: precio es obligatorio y viene nulo."
901;sucursales_lugares.csv;"La Florida";"tipo_precio tiene valor no permitido mesa_hora, se deja nulo."
901;sucursales_lugares.csv;"La Florida";"fecha_inicio_vigencia reparada de 28-01-24 a 2024-01-28"
901;sucursales_lugares.csv;"La Florida";"fecha_fin_vigencia reparada de 27-04-24 a 2024-04-27"
901;sucursales_lugares.csv;"La Florida";"Fila enviada a ERR: precio es obligatorio y viene nulo."
902;sucursales_lugares.csv;"La Florida";"tipo_precio tiene valor no permitido mesa_hora, se deja nulo."
902;sucursales_lugares.csv;"La Florida";"fecha_inicio_vigencia reparada de 15-07-24 a 2024-07-15"
902;sucursales_lugares.csv;"La Florida";"fecha_fin_vigencia reparada de 13-10-24 a 2024-10-13"
902;sucursales_lugares.csv;"La Florida";"Fila enviada a ERR: precio es obligatorio y viene nulo."
903;sucursales_lugares.csv;"La Florida";"tipo_precio tiene valor no permitido mesa_hora, se deja nulo."
903;sucursales_lugares.csv;"La Florida";"fecha_inicio_vigencia reparada de 22-04-24 a 2024-04-22"
903;sucursales_lugares.csv;"La Florida";"fecha_fin_vigencia reparada de 21-06-24 a 2024-06-21"
903;sucursales_lugares.csv;"La Florida";"Fila enviada a ERR: precio es obligatorio y viene nulo."
904;sucursales_lugares.csv;"La Florida";"tipo_precio tiene valor no permitido mesa_hora, se deja nulo."
904;sucursales_lugares.csv;"La Florida";"fecha_inicio_vigencia reparada de 02-08-25 a 2025-08-02"
904;sucursales_lugares.csv;"La Florida";"fecha_fin_vigencia reparada de 09-08-25 a 2025-08-09"
904;sucursales_lugares.csv;"La Florida";"Fila enviada a ERR: precio es obligatorio y viene nulo."
905;sucursales_lugares.csv;"La Florida";"tipo_precio tiene valor no permitido mesa_hora, se deja nulo."
905;sucursales_lugares.csv;"La Florida";"fecha_inicio_vigencia reparada de 08-09-25 a 2025-09-08"
905;sucursales_lugares.csv;"La Florida";"fecha_fin_vigencia reparada de 07-12-25 a 2025-12-07"
905;sucursales_lugares.csv;"La Florida";"Fila enviada a ERR: precio es obligatorio y viene nulo."
906;sucursales_lugares.csv;"La Florida";"tipo_precio tiene valor no permitido mesa_hora, se deja nulo."
906;sucursales_lugares.csv;"La Florida";"fecha_inicio_vigencia reparada de 28-10-25 a 2025-10-28"
906;sucursales_lugares.csv;"La Florida";"fecha_fin_vigencia reparada de 26-01-26 a 2026-01-26"
906;sucursales_lugares.csv;"La Florida";"Fila enviada a ERR: precio es obligatorio y viene nulo."
907;sucursales_lugares.csv;"La Florida";"tipo_precio tiene valor no permitido mesa_hora, se deja nulo."
907;sucursales_lugares.csv;"La Florida";"fecha_inicio_vigencia reparada de 17-02-24 a 2024-02-17"
907;sucursales_lugares.csv;"La Florida";"fecha_fin_vigencia reparada de 17-05-24 a 2024-05-17"
907;sucursales_lugares.csv;"La Florida";"Fila enviada a ERR: precio es obligatorio y viene nulo."
908;sucursales_lugares.csv;"La Florida";"tipo_precio tiene valor no permitido mesa_hora, se deja nulo."
908;sucursales_lugares.csv;"La Florida";"fecha_inicio_vigencia reparada de 11-06-24 a 2024-06-11"
908;sucursales_lugares.csv;"La Florida";"fecha_fin_vigencia reparada de 09-09-24 a 2024-09-09"
908;sucursales_lugares.csv;"La Florida";"Fila enviada a ERR: precio es obligatorio y viene nulo."
909;sucursales_lugares.csv;"La Florida";"tipo_precio tiene valor no permitido mesa_hora, se deja nulo."
909;sucursales_lugares.csv;"La Florida";"fecha_inicio_vigencia reparada de 29-10-24 a 2024-10-29"
909;sucursales_lugares.csv;"La Florida";"fecha_fin_vigencia reparada de 05-11-24 a 2024-11-05"
909;sucursales_lugares.csv;"La Florida";"Fila enviada a ERR: precio es obligatorio y viene nulo."
910;sucursales_lugares.csv;"La Florida";"tipo_precio tiene valor no permitido mesa_hora, se deja nulo."
910;sucursales_lugares.csv;"La Florida";"fecha_inicio_vigencia reparada de 16-04-24 a 2024-04-16"
910;sucursales_lugares.csv;"La Florida";"fecha_fin_vigencia reparada de 23-04-24 a 2024-04-23"
910;sucursales_lugares.csv;"La Florida";"Fila enviada a ERR: precio es obligatorio y viene nulo."
911;sucursales_lugares.csv;"La Florida";"tipo_precio tiene valor no permitido mesa_hora, se deja nulo."
911;sucursales_lugares.csv;"La Florida";"fecha_inicio_vigencia reparada de 27-07-25 a 2025-07-27"
911;sucursales_lugares.csv;"La Florida";"fecha_fin_vigencia reparada de 03-08-25 a 2025-08-03"
911;sucursales_lugares.csv;"La Florida";"Fila enviada a ERR: precio es obligatorio y viene nulo."
912;sucursales_lugares.csv;"La Florida";"tipo_precio tiene valor no permitido mesa_hora, se deja nulo."
912;sucursales_lugares.csv;"La Florida";"fecha_inicio_vigencia reparada de 21-01-24 a 2024-01-21"
912;sucursales_lugares.csv;"La Florida";"fecha_fin_vigencia reparada de 20-04-24 a 2024-04-20"
912;sucursales_lugares.csv;"La Florida";"Fila enviada a ERR: precio es obligatorio y viene nulo."
913;sucursales_lugares.csv;"La Florida";"tipo_precio tiene valor no permitido mesa_hora, se deja nulo."
913;sucursales_lugares.csv;"La Florida";"fecha_inicio_vigencia reparada de 17-11-25 a 2025-11-17"
913;sucursales_lugares.csv;"La Florida";"fecha_fin_vigencia reparada de 24-11-25 a 2025-11-24"
913;sucursales_lugares.csv;"La Florida";"Fila enviada a ERR: precio es obligatorio y viene nulo."
914;sucursales_lugares.csv;"La Florida";"tipo_precio tiene valor no permitido linea_hora, se deja nulo."
914;sucursales_lugares.csv;"La Florida";"fecha_inicio_vigencia reparada de 09-08-25 a 2025-08-09"
914;sucursales_lugares.csv;"La Florida";"fecha_fin_vigencia reparada de 08-10-25 a 2025-10-08"
915;sucursales_lugares.csv;"La Florida";"tipo_precio tiene valor no permitido linea_hora, se deja nulo."
915;sucursales_lugares.csv;"La Florida";"fecha_inicio_vigencia reparada de 29-06-24 a 2024-06-29"
915;sucursales_lugares.csv;"La Florida";"fecha_fin_vigencia reparada de 13-07-24 a 2024-07-13"
916;sucursales_lugares.csv;"La Florida";"tipo_precio tiene valor no permitido linea_hora, se deja nulo."
916;sucursales_lugares.csv;"La Florida";"fecha_inicio_vigencia con formato incompleto o que no se pudo reparar, se reemplaza por nulo"
916;sucursales_lugares.csv;"La Florida";"fecha_fin_vigencia reparada de 02-11-24 a 2024-11-02"
917;sucursales_lugares.csv;"La Florida";"tipo_precio tiene valor no permitido linea_hora, se deja nulo."
917;sucursales_lugares.csv;"La Florida";"fecha_inicio_vigencia reparada de 03-08-24 a 2024-08-03"
917;sucursales_lugares.csv;"La Florida";"fecha_fin_vigencia reparada de 02-10-24 a 2024-10-02"
918;sucursales_lugares.csv;"La Florida";"tipo_precio tiene valor no permitido linea_hora, se deja nulo."
918;sucursales_lugares.csv;"La Florida";"fecha_inicio_vigencia reparada de 24-02-25 a 2025-02-24"
918;sucursales_lugares.csv;"La Florida";"fecha_fin_vigencia reparada de 10-03-25 a 2025-03-10"
919;sucursales_lugares.csv;"La Florida";"tipo_precio tiene valor no permitido linea_hora, se deja nulo."
919;sucursales_lugares.csv;"La Florida";"fecha_inicio_vigencia reparada de 24-10-24 a 2024-10-24"
919;sucursales_lugares.csv;"La Florida";"fecha_fin_vigencia reparada de 23-12-24 a 2024-12-23"
920;sucursales_lugares.csv;"La Florida";"tipo_precio tiene valor no permitido linea_hora, se deja nulo."
920;sucursales_lugares.csv;"La Florida";"fecha_inicio_vigencia reparada de 13-05-24 a 2024-05-13"
920;sucursales_lugares.csv;"La Florida";"fecha_fin_vigencia reparada de 12-07-24 a 2024-07-12"
921;sucursales_lugares.csv;"La Florida";"tipo_precio tiene valor no permitido linea_hora, se deja nulo."
921;sucursales_lugares.csv;"La Florida";"fecha_inicio_vigencia reparada de 30-09-25 a 2025-09-30"
921;sucursales_lugares.csv;"La Florida";"fecha_fin_vigencia reparada de 30-10-25 a 2025-10-30"
922;sucursales_lugares.csv;"La Florida";"tipo_precio tiene valor no permitido linea_hora, se deja nulo."
922;sucursales_lugares.csv;"La Florida";"fecha_inicio_vigencia reparada de 09-02-25 a 2025-02-09"
922;sucursales_lugares.csv;"La Florida";"fecha_fin_vigencia reparada de 10-04-25 a 2025-04-10"
923;sucursales_lugares.csv;"La Florida";"tipo_precio tiene valor no permitido linea_hora, se deja nulo."
923;sucursales_lugares.csv;"La Florida";"fecha_inicio_vigencia reparada de 24-10-24 a 2024-10-24"
923;sucursales_lugares.csv;"La Florida";"fecha_fin_vigencia reparada de 23-12-24 a 2024-12-23"
924;sucursales_lugares.csv;"La Florida";"tipo_precio tiene valor no permitido linea_hora, se deja nulo."
924;sucursales_lugares.csv;"La Florida";"fecha_inicio_vigencia reparada de 31-03-25 a 2025-03-31"
924;sucursales_lugares.csv;"La Florida";"fecha_fin_vigencia reparada de 14-04-25 a 2025-04-14"
925;sucursales_lugares.csv;"La Florida";"tipo_precio tiene valor no permitido linea_hora, se deja nulo."
925;sucursales_lugares.csv;"La Florida";"fecha_inicio_vigencia reparada de 15-01-24 a 2024-01-15"
925;sucursales_lugares.csv;"La Florida";"fecha_fin_vigencia reparada de 29-01-24 a 2024-01-29"
926;sucursales_lugares.csv;"La Florida";"tipo_precio tiene valor no permitido linea_hora, se deja nulo."
926;sucursales_lugares.csv;"La Florida";"fecha_inicio_vigencia reparada de 19-08-24 a 2024-08-19"
926;sucursales_lugares.csv;"La Florida";"fecha_fin_vigencia reparada de 02-09-24 a 2024-09-02"
927;sucursales_lugares.csv;"La Florida";"tipo_precio tiene valor no permitido linea_hora, se deja nulo."
927;sucursales_lugares.csv;"La Florida";"fecha_inicio_vigencia reparada de 22-04-24 a 2024-04-22"
927;sucursales_lugares.csv;"La Florida";"fecha_fin_vigencia reparada de 21-07-24 a 2024-07-21"
928;sucursales_lugares.csv;"La Florida";"tipo_precio tiene valor no permitido linea_hora, se deja nulo."
928;sucursales_lugares.csv;"La Florida";"fecha_inicio_vigencia reparada de 24-05-25 a 2025-05-24"
928;sucursales_lugares.csv;"La Florida";"fecha_fin_vigencia reparada de 23-07-25 a 2025-07-23"
929;sucursales_lugares.csv;"La Florida";"tipo_precio tiene valor no permitido linea_hora, se deja nulo."
929;sucursales_lugares.csv;"La Florida";"fecha_inicio_vigencia reparada de 01-08-25 a 2025-08-01"
929;sucursales_lugares.csv;"La Florida";"fecha_fin_vigencia reparada de 30-10-25 a 2025-10-30"
930;sucursales_lugares.csv;"La Florida";"tipo_precio reparado de dia a día"
930;sucursales_lugares.csv;"La Florida";"fecha_inicio_vigencia reparada de 11-03-24 a 2024-03-11"
930;sucursales_lugares.csv;"La Florida";"fecha_fin_vigencia reparada de 10-04-24 a 2024-04-10"
931;sucursales_lugares.csv;"La Florida";"tipo_precio reparado de dia a día"
931;sucursales_lugares.csv;"La Florida";"fecha_inicio_vigencia reparada de 30-05-25 a 2025-05-30"
931;sucursales_lugares.csv;"La Florida";"fecha_fin_vigencia reparada de 13-06-25 a 2025-06-13"
932;sucursales_lugares.csv;"La Florida";"tipo_precio tiene valor no permitido tramo, se deja nulo."
932;sucursales_lugares.csv;"La Florida";"fecha_inicio_vigencia reparada de 23-08-25 a 2025-08-23"
932;sucursales_lugares.csv;"La Florida";"fecha_fin_vigencia reparada de 21-11-25 a 2025-11-21"
933;sucursales_lugares.csv;"La Florida";"tipo_precio reparado de dia a día"
933;sucursales_lugares.csv;"La Florida";"fecha_inicio_vigencia reparada de 26-11-25 a 2025-11-26"
933;sucursales_lugares.csv;"La Florida";"fecha_fin_vigencia reparada de 24-02-26 a 2026-02-24"
934;sucursales_lugares.csv;"La Florida";"tipo_precio reparado de dia a día"
934;sucursales_lugares.csv;"La Florida";"fecha_inicio_vigencia reparada de 09-09-24 a 2024-09-09"
934;sucursales_lugares.csv;"La Florida";"fecha_fin_vigencia reparada de 08-11-24 a 2024-11-08"
935;sucursales_lugares.csv;"La Florida";"tipo_precio reparado de dia a día"
935;sucursales_lugares.csv;"La Florida";"fecha_inicio_vigencia reparada de 12-12-24 a 2024-12-12"
935;sucursales_lugares.csv;"La Florida";"fecha_fin_vigencia reparada de 19-12-24 a 2024-12-19"
936;sucursales_lugares.csv;"La Florida";"tipo_precio reparado de dia a día"
936;sucursales_lugares.csv;"La Florida";"fecha_inicio_vigencia reparada de 09-07-24 a 2024-07-09"
936;sucursales_lugares.csv;"La Florida";"fecha_fin_vigencia reparada de 16-07-24 a 2024-07-16"
937;sucursales_lugares.csv;"La Florida";"tipo_precio reparado de dia a día"
937;sucursales_lugares.csv;"La Florida";"fecha_inicio_vigencia reparada de 24-11-24 a 2024-11-24"
937;sucursales_lugares.csv;"La Florida";"fecha_fin_vigencia reparada de 01-12-24 a 2024-12-01"
938;sucursales_lugares.csv;"La Florida";"tipo_precio reparado de dia a día"
938;sucursales_lugares.csv;"La Florida";"fecha_inicio_vigencia reparada de 11-09-25 a 2025-09-11"
938;sucursales_lugares.csv;"La Florida";"fecha_fin_vigencia reparada de 11-10-25 a 2025-10-11"
939;sucursales_lugares.csv;"La Florida";"tipo_precio reparado de dia a día"
939;sucursales_lugares.csv;"La Florida";"fecha_inicio_vigencia reparada de 26-03-24 a 2024-03-26"
939;sucursales_lugares.csv;"La Florida";"fecha_fin_vigencia reparada de 25-04-24 a 2024-04-25"
940;sucursales_lugares.csv;"La Florida";"tipo_precio reparado de dia a día"
940;sucursales_lugares.csv;"La Florida";"fecha_inicio_vigencia reparada de 19-04-25 a 2025-04-19"
940;sucursales_lugares.csv;"La Florida";"fecha_fin_vigencia reparada de 18-07-25 a 2025-07-18"
940;sucursales_lugares.csv;"La Florida";"Fila enviada a ERR: precio debe ser un numero."
941;sucursales_lugares.csv;"La Florida";"tipo_precio reparado de dia a día"
941;sucursales_lugares.csv;"La Florida";"fecha_inicio_vigencia reparada de 16-07-24 a 2024-07-16"
941;sucursales_lugares.csv;"La Florida";"fecha_fin_vigencia reparada de 14-09-24 a 2024-09-14"
942;sucursales_lugares.csv;"La Florida";"tipo_precio reparado de dia a día"
942;sucursales_lugares.csv;"La Florida";"fecha_inicio_vigencia reparada de 08-09-24 a 2024-09-08"
942;sucursales_lugares.csv;"La Florida";"fecha_fin_vigencia reparada de 07-11-24 a 2024-11-07"
943;sucursales_lugares.csv;"La Florida";"tipo_precio reparado de dia a día"
943;sucursales_lugares.csv;"La Florida";"fecha_inicio_vigencia reparada de 25-01-24 a 2024-01-25"
943;sucursales_lugares.csv;"La Florida";"fecha_fin_vigencia reparada de 08-02-24 a 2024-02-08"
944;sucursales_lugares.csv;"La Florida";"tipo_precio reparado de dia a día"
944;sucursales_lugares.csv;"La Florida";"fecha_inicio_vigencia reparada de 17-01-24 a 2024-01-17"
944;sucursales_lugares.csv;"La Florida";"fecha_fin_vigencia reparada de 16-02-24 a 2024-02-16"
945;sucursales_lugares.csv;"La Florida";"tipo_precio reparado de dia a día"
945;sucursales_lugares.csv;"La Florida";"fecha_inicio_vigencia reparada de 29-07-25 a 2025-07-29"
945;sucursales_lugares.csv;"La Florida";"fecha_fin_vigencia reparada de 27-10-25 a 2025-10-27"
946;sucursales_lugares.csv;"La Florida";"tipo_precio reparado de dia a día"
946;sucursales_lugares.csv;"La Florida";"fecha_inicio_vigencia reparada de 27-07-24 a 2024-07-27"
946;sucursales_lugares.csv;"La Florida";"fecha_fin_vigencia reparada de 03-08-24 a 2024-08-03"
947;sucursales_lugares.csv;"La Florida";"tipo_precio reparado de dia a día"
947;sucursales_lugares.csv;"La Florida";"fecha_inicio_vigencia reparada de 17-03-24 a 2024-03-17"
947;sucursales_lugares.csv;"La Florida";"fecha_fin_vigencia reparada de 31-03-24 a 2024-03-31"
948;sucursales_lugares.csv;"La Florida";"tipo_precio reparado de dia a día"
948;sucursales_lugares.csv;"La Florida";"fecha_inicio_vigencia reparada de 05-09-25 a 2025-09-05"
948;sucursales_lugares.csv;"La Florida";"fecha_fin_vigencia reparada de 04-12-25 a 2025-12-04"
949;sucursales_lugares.csv;"La Florida";"tipo_precio reparado de dia a día"
949;sucursales_lugares.csv;"La Florida";"fecha_inicio_vigencia reparada de 06-05-25 a 2025-05-06"
949;sucursales_lugares.csv;"La Florida";"fecha_fin_vigencia reparada de 04-08-25 a 2025-08-04"
950;sucursales_lugares.csv;"La Florida";"tipo_precio reparado de dia a día"
950;sucursales_lugares.csv;"La Florida";"fecha_inicio_vigencia reparada de 28-10-25 a 2025-10-28"
950;sucursales_lugares.csv;"La Florida";"fecha_fin_vigencia reparada de 11-11-25 a 2025-11-11"
951;sucursales_lugares.csv;"La Florida";"tipo_precio reparado de dia a día"
951;sucursales_lugares.csv;"La Florida";"fecha_inicio_vigencia reparada de 09-12-24 a 2024-12-09"
951;sucursales_lugares.csv;"La Florida";"fecha_fin_vigencia reparada de 16-12-24 a 2024-12-16"
952;sucursales_lugares.csv;"La Florida";"tipo_precio reparado de dia a día"
952;sucursales_lugares.csv;"La Florida";"fecha_inicio_vigencia reparada de 03-09-24 a 2024-09-03"
952;sucursales_lugares.csv;"La Florida";"fecha_fin_vigencia reparada de 02-11-24 a 2024-11-02"
953;sucursales_lugares.csv;"La Florida";"tipo_precio reparado de dia a día"
953;sucursales_lugares.csv;"La Florida";"fecha_inicio_vigencia reparada de 17-01-24 a 2024-01-17"
953;sucursales_lugares.csv;"La Florida";"fecha_fin_vigencia reparada de 17-03-24 a 2024-03-17"
954;sucursales_lugares.csv;"La Florida";"fecha_inicio_vigencia reparada de 05-11-25 a 2025-11-05"
954;sucursales_lugares.csv;"La Florida";"fecha_fin_vigencia reparada de 04-01-26 a 2026-01-04"
955;sucursales_lugares.csv;"La Florida";"fecha_inicio_vigencia reparada de 02-07-24 a 2024-07-02"
955;sucursales_lugares.csv;"La Florida";"fecha_fin_vigencia reparada de 31-08-24 a 2024-08-31"
956;sucursales_lugares.csv;"La Florida";"fecha_inicio_vigencia reparada de 13-03-24 a 2024-03-13"
956;sucursales_lugares.csv;"La Florida";"fecha_fin_vigencia reparada de 27-03-24 a 2024-03-27"
957;sucursales_lugares.csv;"La Florida";"fecha_inicio_vigencia reparada de 23-07-24 a 2024-07-23"
957;sucursales_lugares.csv;"La Florida";"fecha_fin_vigencia reparada de 22-08-24 a 2024-08-22"
958;sucursales_lugares.csv;"La Florida";"fecha_inicio_vigencia reparada de 18-03-24 a 2024-03-18"
958;sucursales_lugares.csv;"La Florida";"fecha_fin_vigencia reparada de 17-05-24 a 2024-05-17"
959;sucursales_lugares.csv;"La Florida";"fecha_inicio_vigencia reparada de 19-03-24 a 2024-03-19"
959;sucursales_lugares.csv;"La Florida";"fecha_fin_vigencia reparada de 26-03-24 a 2024-03-26"
960;sucursales_lugares.csv;"La Florida";"fecha_inicio_vigencia reparada de 21-06-24 a 2024-06-21"
960;sucursales_lugares.csv;"La Florida";"fecha_fin_vigencia reparada de 05-07-24 a 2024-07-05"
961;sucursales_lugares.csv;"La Florida";"fecha_inicio_vigencia reparada de 01-12-25 a 2025-12-01"
961;sucursales_lugares.csv;"La Florida";"fecha_fin_vigencia reparada de 30-01-26 a 2026-01-30"
962;sucursales_lugares.csv;"Santa Cruz";"tipo_precio tiene valor no permitido mesa_hora, se deja nulo."
962;sucursales_lugares.csv;"Santa Cruz";"fecha_inicio_vigencia reparada de 20-04-25 a 2025-04-20"
962;sucursales_lugares.csv;"Santa Cruz";"fecha_fin_vigencia reparada de 04-05-25 a 2025-05-04"
962;sucursales_lugares.csv;"Santa Cruz";"Fila enviada a ERR: precio es obligatorio y viene nulo."
963;sucursales_lugares.csv;"Santa Cruz";"tipo_precio tiene valor no permitido mesa_hora, se deja nulo."
963;sucursales_lugares.csv;"Santa Cruz";"fecha_inicio_vigencia con formato incompleto o que no se pudo reparar, se reemplaza por nulo"
963;sucursales_lugares.csv;"Santa Cruz";"fecha_fin_vigencia reparada de 14-07-25 a 2025-07-14"
963;sucursales_lugares.csv;"Santa Cruz";"Fila enviada a ERR: precio es obligatorio y viene nulo."
964;sucursales_lugares.csv;"Santa Cruz";"tipo_precio tiene valor no permitido mesa_hora, se deja nulo."
964;sucursales_lugares.csv;"Santa Cruz";"fecha_inicio_vigencia reparada de 25-08-25 a 2025-08-25"
964;sucursales_lugares.csv;"Santa Cruz";"fecha_fin_vigencia reparada de 24-09-25 a 2025-09-24"
964;sucursales_lugares.csv;"Santa Cruz";"Fila enviada a ERR: precio es obligatorio y viene nulo."
965;sucursales_lugares.csv;"Santa Cruz";"tipo_precio tiene valor no permitido mesa_hora, se deja nulo."
965;sucursales_lugares.csv;"Santa Cruz";"fecha_inicio_vigencia reparada de 26-02-24 a 2024-02-26"
965;sucursales_lugares.csv;"Santa Cruz";"fecha_fin_vigencia reparada de 26-05-24 a 2024-05-26"
965;sucursales_lugares.csv;"Santa Cruz";"Fila enviada a ERR: precio es obligatorio y viene nulo."
966;sucursales_lugares.csv;"Santa Cruz";"tipo_precio tiene valor no permitido mesa_hora, se deja nulo."
966;sucursales_lugares.csv;"Santa Cruz";"fecha_inicio_vigencia reparada de 30-11-24 a 2024-11-30"
966;sucursales_lugares.csv;"Santa Cruz";"fecha_fin_vigencia reparada de 28-02-25 a 2025-02-28"
966;sucursales_lugares.csv;"Santa Cruz";"Fila enviada a ERR: precio es obligatorio y viene nulo."
967;sucursales_lugares.csv;"Santa Cruz";"tipo_precio tiene valor no permitido mesa_hora, se deja nulo."
967;sucursales_lugares.csv;"Santa Cruz";"fecha_inicio_vigencia reparada de 19-04-25 a 2025-04-19"
967;sucursales_lugares.csv;"Santa Cruz";"fecha_fin_vigencia reparada de 19-05-25 a 2025-05-19"
967;sucursales_lugares.csv;"Santa Cruz";"Fila enviada a ERR: precio es obligatorio y viene nulo."
968;sucursales_lugares.csv;"Santa Cruz";"tipo_precio tiene valor no permitido mesa_hora, se deja nulo."
968;sucursales_lugares.csv;"Santa Cruz";"fecha_inicio_vigencia reparada de 17-04-24 a 2024-04-17"
968;sucursales_lugares.csv;"Santa Cruz";"fecha_fin_vigencia reparada de 01-05-24 a 2024-05-01"
968;sucursales_lugares.csv;"Santa Cruz";"Fila enviada a ERR: precio es obligatorio y viene nulo."
969;sucursales_lugares.csv;"Santa Cruz";"tipo_precio tiene valor no permitido mesa_hora, se deja nulo."
969;sucursales_lugares.csv;"Santa Cruz";"fecha_inicio_vigencia reparada de 23-06-24 a 2024-06-23"
969;sucursales_lugares.csv;"Santa Cruz";"fecha_fin_vigencia reparada de 30-06-24 a 2024-06-30"
969;sucursales_lugares.csv;"Santa Cruz";"Fila enviada a ERR: precio es obligatorio y viene nulo."
970;sucursales_lugares.csv;"Santa Cruz";"tipo_precio tiene valor no permitido mesa_hora, se deja nulo."
970;sucursales_lugares.csv;"Santa Cruz";"fecha_inicio_vigencia reparada de 01-08-25 a 2025-08-01"
970;sucursales_lugares.csv;"Santa Cruz";"fecha_fin_vigencia reparada de 08-08-25 a 2025-08-08"
970;sucursales_lugares.csv;"Santa Cruz";"Fila enviada a ERR: precio es obligatorio y viene nulo."
971;sucursales_lugares.csv;"Santa Cruz";"tipo_precio tiene valor no permitido mesa_hora, se deja nulo."
971;sucursales_lugares.csv;"Santa Cruz";"fecha_inicio_vigencia reparada de 10-11-25 a 2025-11-10"
971;sucursales_lugares.csv;"Santa Cruz";"fecha_fin_vigencia reparada de 10-12-25 a 2025-12-10"
971;sucursales_lugares.csv;"Santa Cruz";"Fila enviada a ERR: precio es obligatorio y viene nulo."
972;sucursales_lugares.csv;"Santa Cruz";"tipo_precio tiene valor no permitido mesa_hora, se deja nulo."
972;sucursales_lugares.csv;"Santa Cruz";"fecha_inicio_vigencia reparada de 29-11-24 a 2024-11-29"
972;sucursales_lugares.csv;"Santa Cruz";"fecha_fin_vigencia reparada de 28-01-25 a 2025-01-28"
972;sucursales_lugares.csv;"Santa Cruz";"Fila enviada a ERR: precio es obligatorio y viene nulo."
973;sucursales_lugares.csv;"Santa Cruz";"tipo_precio tiene valor no permitido mesa_hora, se deja nulo."
973;sucursales_lugares.csv;"Santa Cruz";"fecha_inicio_vigencia reparada de 11-06-25 a 2025-06-11"
973;sucursales_lugares.csv;"Santa Cruz";"fecha_fin_vigencia reparada de 18-06-25 a 2025-06-18"
973;sucursales_lugares.csv;"Santa Cruz";"Fila enviada a ERR: precio es obligatorio y viene nulo."
974;sucursales_lugares.csv;"Santa Cruz";"tipo_precio tiene valor no permitido mesa_hora, se deja nulo."
974;sucursales_lugares.csv;"Santa Cruz";"fecha_inicio_vigencia reparada de 05-09-24 a 2024-09-05"
974;sucursales_lugares.csv;"Santa Cruz";"fecha_fin_vigencia reparada de 12-09-24 a 2024-09-12"
974;sucursales_lugares.csv;"Santa Cruz";"Fila enviada a ERR: precio es obligatorio y viene nulo."
975;sucursales_lugares.csv;"Santa Cruz";"tipo_precio tiene valor no permitido mesa_hora, se deja nulo."
975;sucursales_lugares.csv;"Santa Cruz";"fecha_inicio_vigencia reparada de 16-08-24 a 2024-08-16"
975;sucursales_lugares.csv;"Santa Cruz";"fecha_fin_vigencia reparada de 15-10-24 a 2024-10-15"
975;sucursales_lugares.csv;"Santa Cruz";"Fila enviada a ERR: precio es obligatorio y viene nulo."
976;sucursales_lugares.csv;"Santa Cruz";"tipo_precio tiene valor no permitido mesa_hora, se deja nulo."
976;sucursales_lugares.csv;"Santa Cruz";"fecha_inicio_vigencia reparada de 20-09-24 a 2024-09-20"
976;sucursales_lugares.csv;"Santa Cruz";"fecha_fin_vigencia reparada de 27-09-24 a 2024-09-27"
976;sucursales_lugares.csv;"Santa Cruz";"Fila enviada a ERR: precio es obligatorio y viene nulo."
977;sucursales_lugares.csv;"Santa Cruz";"tipo_precio tiene valor no permitido mesa_hora, se deja nulo."
977;sucursales_lugares.csv;"Santa Cruz";"fecha_inicio_vigencia reparada de 16-08-24 a 2024-08-16"
977;sucursales_lugares.csv;"Santa Cruz";"fecha_fin_vigencia reparada de 14-11-24 a 2024-11-14"
977;sucursales_lugares.csv;"Santa Cruz";"Fila enviada a ERR: precio es obligatorio y viene nulo."
978;sucursales_lugares.csv;"Santa Cruz";"tipo_precio tiene valor no permitido linea_hora, se deja nulo."
978;sucursales_lugares.csv;"Santa Cruz";"fecha_inicio_vigencia reparada de 10-05-25 a 2025-05-10"
978;sucursales_lugares.csv;"Santa Cruz";"fecha_fin_vigencia reparada de 08-08-25 a 2025-08-08"
979;sucursales_lugares.csv;"Santa Cruz";"tipo_precio tiene valor no permitido linea_hora, se deja nulo."
979;sucursales_lugares.csv;"Santa Cruz";"fecha_inicio_vigencia con formato incompleto o que no se pudo reparar, se reemplaza por nulo"
979;sucursales_lugares.csv;"Santa Cruz";"fecha_fin_vigencia reparada de 16-06-24 a 2024-06-16"
979;sucursales_lugares.csv;"Santa Cruz";"Fila enviada a ERR: precio debe ser un numero."
980;sucursales_lugares.csv;"Santa Cruz";"tipo_precio tiene valor no permitido linea_hora, se deja nulo."
980;sucursales_lugares.csv;"Santa Cruz";"fecha_inicio_vigencia reparada de 27-09-24 a 2024-09-27"
980;sucursales_lugares.csv;"Santa Cruz";"fecha_fin_vigencia reparada de 27-10-24 a 2024-10-27"
980;sucursales_lugares.csv;"Santa Cruz";"Fila enviada a ERR: precio debe ser un numero."
981;sucursales_lugares.csv;"Santa Cruz";"tipo_precio tiene valor no permitido linea_hora, se deja nulo."
981;sucursales_lugares.csv;"Santa Cruz";"fecha_inicio_vigencia reparada de 21-06-24 a 2024-06-21"
981;sucursales_lugares.csv;"Santa Cruz";"fecha_fin_vigencia reparada de 21-07-24 a 2024-07-21"
982;sucursales_lugares.csv;"Santa Cruz";"tipo_precio tiene valor no permitido linea_hora, se deja nulo."
982;sucursales_lugares.csv;"Santa Cruz";"fecha_inicio_vigencia reparada de 18-08-25 a 2025-08-18"
982;sucursales_lugares.csv;"Santa Cruz";"fecha_fin_vigencia reparada de 17-10-25 a 2025-10-17"
983;sucursales_lugares.csv;"Santa Cruz";"tipo_precio tiene valor no permitido linea_hora, se deja nulo."
983;sucursales_lugares.csv;"Santa Cruz";"fecha_inicio_vigencia reparada de 05-07-25 a 2025-07-05"
983;sucursales_lugares.csv;"Santa Cruz";"fecha_fin_vigencia reparada de 04-08-25 a 2025-08-04"
984;sucursales_lugares.csv;"Santa Cruz";"tipo_precio tiene valor no permitido linea_hora, se deja nulo."
984;sucursales_lugares.csv;"Santa Cruz";"fecha_inicio_vigencia reparada de 06-08-25 a 2025-08-06"
984;sucursales_lugares.csv;"Santa Cruz";"fecha_fin_vigencia reparada de 13-08-25 a 2025-08-13"
985;sucursales_lugares.csv;"Santa Cruz";"tipo_precio tiene valor no permitido linea_hora, se deja nulo."
985;sucursales_lugares.csv;"Santa Cruz";"fecha_inicio_vigencia reparada de 26-01-25 a 2025-01-26"
985;sucursales_lugares.csv;"Santa Cruz";"fecha_fin_vigencia reparada de 09-02-25 a 2025-02-09"
986;sucursales_lugares.csv;"Santa Cruz";"tipo_precio tiene valor no permitido linea_hora, se deja nulo."
986;sucursales_lugares.csv;"Santa Cruz";"fecha_inicio_vigencia reparada de 30-05-24 a 2024-05-30"
986;sucursales_lugares.csv;"Santa Cruz";"fecha_fin_vigencia reparada de 13-06-24 a 2024-06-13"
987;sucursales_lugares.csv;"Santa Cruz";"tipo_precio tiene valor no permitido linea_hora, se deja nulo."
987;sucursales_lugares.csv;"Santa Cruz";"fecha_inicio_vigencia con formato incompleto o que no se pudo reparar, se reemplaza por nulo"
987;sucursales_lugares.csv;"Santa Cruz";"fecha_fin_vigencia reparada de 25-04-24 a 2024-04-25"
988;sucursales_lugares.csv;"Santa Cruz";"tipo_precio tiene valor no permitido linea_hora, se deja nulo."
988;sucursales_lugares.csv;"Santa Cruz";"fecha_inicio_vigencia reparada de 07-09-25 a 2025-09-07"
988;sucursales_lugares.csv;"Santa Cruz";"fecha_fin_vigencia reparada de 14-09-25 a 2025-09-14"
989;sucursales_lugares.csv;"Santa Cruz";"tipo_precio tiene valor no permitido linea_hora, se deja nulo."
989;sucursales_lugares.csv;"Santa Cruz";"fecha_inicio_vigencia reparada de 13-08-24 a 2024-08-13"
989;sucursales_lugares.csv;"Santa Cruz";"fecha_fin_vigencia reparada de 11-11-24 a 2024-11-11"
990;sucursales_lugares.csv;"Santa Cruz";"tipo_precio tiene valor no permitido linea_hora, se deja nulo."
990;sucursales_lugares.csv;"Santa Cruz";"fecha_inicio_vigencia reparada de 09-03-24 a 2024-03-09"
990;sucursales_lugares.csv;"Santa Cruz";"fecha_fin_vigencia reparada de 07-06-24 a 2024-06-07"
991;sucursales_lugares.csv;"Santa Cruz";"tipo_precio tiene valor no permitido linea_hora, se deja nulo."
991;sucursales_lugares.csv;"Santa Cruz";"fecha_inicio_vigencia reparada de 01-12-24 a 2024-12-01"
991;sucursales_lugares.csv;"Santa Cruz";"fecha_fin_vigencia reparada de 08-12-24 a 2024-12-08"
992;sucursales_lugares.csv;"Santa Cruz";"tipo_precio tiene valor no permitido linea_hora, se deja nulo."
992;sucursales_lugares.csv;"Santa Cruz";"fecha_inicio_vigencia reparada de 18-03-24 a 2024-03-18"
992;sucursales_lugares.csv;"Santa Cruz";"fecha_fin_vigencia reparada de 16-06-24 a 2024-06-16"
993;sucursales_lugares.csv;"Santa Cruz";"tipo_precio tiene valor no permitido linea_hora, se deja nulo."
993;sucursales_lugares.csv;"Santa Cruz";"fecha_inicio_vigencia reparada de 08-07-24 a 2024-07-08"
993;sucursales_lugares.csv;"Santa Cruz";"fecha_fin_vigencia reparada de 06-10-24 a 2024-10-06"
994;sucursales_lugares.csv;"Santa Cruz";"tipo_precio tiene valor no permitido tramo, se deja nulo."
994;sucursales_lugares.csv;"Santa Cruz";"fecha_inicio_vigencia reparada de 24-01-24 a 2024-01-24"
994;sucursales_lugares.csv;"Santa Cruz";"fecha_fin_vigencia reparada de 24-03-24 a 2024-03-24"
995;sucursales_lugares.csv;"Santa Cruz";"tipo_precio reparado de dia a día"
995;sucursales_lugares.csv;"Santa Cruz";"fecha_inicio_vigencia reparada de 30-07-24 a 2024-07-30"
995;sucursales_lugares.csv;"Santa Cruz";"fecha_fin_vigencia reparada de 13-08-24 a 2024-08-13"
996;sucursales_lugares.csv;"Santa Cruz";"tipo_precio tiene valor no permitido tramo, se deja nulo."
996;sucursales_lugares.csv;"Santa Cruz";"fecha_inicio_vigencia reparada de 06-01-25 a 2025-01-06"
996;sucursales_lugares.csv;"Santa Cruz";"fecha_fin_vigencia reparada de 13-01-25 a 2025-01-13"
997;sucursales_lugares.csv;"Santa Cruz";"tipo_precio tiene valor no permitido tramo, se deja nulo."
997;sucursales_lugares.csv;"Santa Cruz";"fecha_inicio_vigencia reparada de 14-07-24 a 2024-07-14"
997;sucursales_lugares.csv;"Santa Cruz";"fecha_fin_vigencia reparada de 21-07-24 a 2024-07-21"
998;sucursales_lugares.csv;"Santa Cruz";"tipo_precio reparado de dia a día"
998;sucursales_lugares.csv;"Santa Cruz";"fecha_inicio_vigencia reparada de 20-02-24 a 2024-02-20"
998;sucursales_lugares.csv;"Santa Cruz";"fecha_fin_vigencia reparada de 05-03-24 a 2024-03-05"
999;sucursales_lugares.csv;"Santa Cruz";"tipo_precio reparado de dia a día"
999;sucursales_lugares.csv;"Santa Cruz";"fecha_inicio_vigencia reparada de 22-11-24 a 2024-11-22"
999;sucursales_lugares.csv;"Santa Cruz";"fecha_fin_vigencia reparada de 20-02-25 a 2025-02-20"
1000;sucursales_lugares.csv;"Santa Cruz";"tipo_precio reparado de dia a día"
1000;sucursales_lugares.csv;"Santa Cruz";"fecha_inicio_vigencia reparada de 01-01-24 a 2024-01-01"
1000;sucursales_lugares.csv;"Santa Cruz";"fecha_fin_vigencia reparada de 01-03-24 a 2024-03-01"
1001;sucursales_lugares.csv;"Santa Cruz";"tipo_precio reparado de dia a día"
1001;sucursales_lugares.csv;"Santa Cruz";"fecha_inicio_vigencia reparada de 08-10-24 a 2024-10-08"
1001;sucursales_lugares.csv;"Santa Cruz";"fecha_fin_vigencia reparada de 07-11-24 a 2024-11-07"
1002;sucursales_lugares.csv;"Santa Cruz";"tipo_precio reparado de dia a día"
1002;sucursales_lugares.csv;"Santa Cruz";"fecha_inicio_vigencia reparada de 18-02-25 a 2025-02-18"
1002;sucursales_lugares.csv;"Santa Cruz";"fecha_fin_vigencia reparada de 04-03-25 a 2025-03-04"
1003;sucursales_lugares.csv;"Santa Cruz";"tipo_precio reparado de dia a día"
1003;sucursales_lugares.csv;"Santa Cruz";"fecha_inicio_vigencia reparada de 25-02-24 a 2024-02-25"
1003;sucursales_lugares.csv;"Santa Cruz";"fecha_fin_vigencia reparada de 03-03-24 a 2024-03-03"
1004;sucursales_lugares.csv;"Santa Cruz";"tipo_precio reparado de dia a día"
1004;sucursales_lugares.csv;"Santa Cruz";"fecha_inicio_vigencia reparada de 16-07-25 a 2025-07-16"
1004;sucursales_lugares.csv;"Santa Cruz";"fecha_fin_vigencia reparada de 14-09-25 a 2025-09-14"
1005;sucursales_lugares.csv;"Santa Cruz";"tipo_precio reparado de dia a día"
1005;sucursales_lugares.csv;"Santa Cruz";"fecha_inicio_vigencia reparada de 05-05-25 a 2025-05-05"
1005;sucursales_lugares.csv;"Santa Cruz";"fecha_fin_vigencia reparada de 04-07-25 a 2025-07-04"
1006;sucursales_lugares.csv;"Santa Cruz";"tipo_precio reparado de dia a día"
1006;sucursales_lugares.csv;"Santa Cruz";"fecha_inicio_vigencia reparada de 21-01-25 a 2025-01-21"
1006;sucursales_lugares.csv;"Santa Cruz";"fecha_fin_vigencia reparada de 20-02-25 a 2025-02-20"
1007;sucursales_lugares.csv;"Santa Cruz";"tipo_precio reparado de dia a día"
1007;sucursales_lugares.csv;"Santa Cruz";"fecha_inicio_vigencia reparada de 06-05-25 a 2025-05-06"
1007;sucursales_lugares.csv;"Santa Cruz";"fecha_fin_vigencia reparada de 04-08-25 a 2025-08-04"
1008;sucursales_lugares.csv;"Santa Cruz";"tipo_precio reparado de dia a día"
1008;sucursales_lugares.csv;"Santa Cruz";"fecha_inicio_vigencia reparada de 17-07-25 a 2025-07-17"
1008;sucursales_lugares.csv;"Santa Cruz";"fecha_fin_vigencia reparada de 24-07-25 a 2025-07-24"
1009;sucursales_lugares.csv;"Santa Cruz";"tipo_precio reparado de dia a día"
1009;sucursales_lugares.csv;"Santa Cruz";"fecha_inicio_vigencia reparada de 12-04-25 a 2025-04-12"
1009;sucursales_lugares.csv;"Santa Cruz";"fecha_fin_vigencia reparada de 12-05-25 a 2025-05-12"
1010;sucursales_lugares.csv;"Santa Cruz";"tipo_precio reparado de dia a día"
1010;sucursales_lugares.csv;"Santa Cruz";"fecha_inicio_vigencia reparada de 03-09-25 a 2025-09-03"
1010;sucursales_lugares.csv;"Santa Cruz";"fecha_fin_vigencia reparada de 10-09-25 a 2025-09-10"
1011;sucursales_lugares.csv;"Santa Cruz";"tipo_precio reparado de dia a día"
1011;sucursales_lugares.csv;"Santa Cruz";"fecha_inicio_vigencia reparada de 17-02-25 a 2025-02-17"
1011;sucursales_lugares.csv;"Santa Cruz";"fecha_fin_vigencia reparada de 18-05-25 a 2025-05-18"
1012;sucursales_lugares.csv;"Santa Cruz";"tipo_precio reparado de dia a día"
1012;sucursales_lugares.csv;"Santa Cruz";"fecha_inicio_vigencia reparada de 05-09-24 a 2024-09-05"
1012;sucursales_lugares.csv;"Santa Cruz";"fecha_fin_vigencia reparada de 04-11-24 a 2024-11-04"
1013;sucursales_lugares.csv;"Santa Cruz";"tipo_precio reparado de dia a día"
1013;sucursales_lugares.csv;"Santa Cruz";"fecha_inicio_vigencia reparada de 09-11-25 a 2025-11-09"
1013;sucursales_lugares.csv;"Santa Cruz";"fecha_fin_vigencia reparada de 23-11-25 a 2025-11-23"
1014;sucursales_lugares.csv;"Santa Cruz";"tipo_precio reparado de dia a día"
1014;sucursales_lugares.csv;"Santa Cruz";"fecha_inicio_vigencia reparada de 01-08-25 a 2025-08-01"
1014;sucursales_lugares.csv;"Santa Cruz";"fecha_fin_vigencia reparada de 15-08-25 a 2025-08-15"
1015;sucursales_lugares.csv;"Santa Cruz";"tipo_precio reparado de dia a día"
1015;sucursales_lugares.csv;"Santa Cruz";"fecha_inicio_vigencia reparada de 20-01-25 a 2025-01-20"
1015;sucursales_lugares.csv;"Santa Cruz";"fecha_fin_vigencia reparada de 03-02-25 a 2025-02-03"
1016;sucursales_lugares.csv;"Santa Cruz";"tipo_precio reparado de dia a día"
1016;sucursales_lugares.csv;"Santa Cruz";"fecha_inicio_vigencia reparada de 16-07-24 a 2024-07-16"
1016;sucursales_lugares.csv;"Santa Cruz";"fecha_fin_vigencia reparada de 30-07-24 a 2024-07-30"
1017;sucursales_lugares.csv;"Santa Cruz";"tipo_precio reparado de dia a día"
1017;sucursales_lugares.csv;"Santa Cruz";"fecha_inicio_vigencia reparada de 05-03-25 a 2025-03-05"
1017;sucursales_lugares.csv;"Santa Cruz";"fecha_fin_vigencia reparada de 03-06-25 a 2025-06-03"
1018;sucursales_lugares.csv;"Santa Cruz";"fecha_inicio_vigencia reparada de 04-07-24 a 2024-07-04"
1018;sucursales_lugares.csv;"Santa Cruz";"fecha_fin_vigencia reparada de 18-07-24 a 2024-07-18"
1019;sucursales_lugares.csv;"Santa Cruz";"fecha_inicio_vigencia reparada de 04-11-25 a 2025-11-04"
1019;sucursales_lugares.csv;"Santa Cruz";"fecha_fin_vigencia reparada de 04-12-25 a 2025-12-04"
1020;sucursales_lugares.csv;"Santa Cruz";"fecha_inicio_vigencia reparada de 14-09-24 a 2024-09-14"
1020;sucursales_lugares.csv;"Santa Cruz";"fecha_fin_vigencia reparada de 13-11-24 a 2024-11-13"
1021;sucursales_lugares.csv;"Santa Cruz";"fecha_inicio_vigencia reparada de 08-12-24 a 2024-12-08"
1021;sucursales_lugares.csv;"Santa Cruz";"fecha_fin_vigencia reparada de 06-02-25 a 2025-02-06"
1022;sucursales_lugares.csv;"Santa Cruz";"fecha_inicio_vigencia reparada de 22-12-24 a 2024-12-22"
1022;sucursales_lugares.csv;"Santa Cruz";"fecha_fin_vigencia reparada de 22-03-25 a 2025-03-22"
1023;sucursales_lugares.csv;"Santa Cruz";"fecha_inicio_vigencia reparada de 21-05-24 a 2024-05-21"
1023;sucursales_lugares.csv;"Santa Cruz";"fecha_fin_vigencia reparada de 20-06-24 a 2024-06-20"
1024;sucursales_lugares.csv;"Santa Cruz";"fecha_inicio_vigencia reparada de 20-05-24 a 2024-05-20"
1024;sucursales_lugares.csv;"Santa Cruz";"fecha_fin_vigencia reparada de 03-06-24 a 2024-06-03"
1025;sucursales_lugares.csv;"Santa Cruz";"fecha_inicio_vigencia reparada de 28-01-25 a 2025-01-28"
1025;sucursales_lugares.csv;"Santa Cruz";"fecha_fin_vigencia reparada de 29-03-25 a 2025-03-29"
1026;sucursales_lugares.csv;"Santiago Centro";"tipo_precio tiene valor no permitido mesa_hora, se deja nulo."
1026;sucursales_lugares.csv;"Santiago Centro";"fecha_inicio_vigencia reparada de 05-08-24 a 2024-08-05"
1026;sucursales_lugares.csv;"Santiago Centro";"fecha_fin_vigencia reparada de 19-08-24 a 2024-08-19"
1026;sucursales_lugares.csv;"Santiago Centro";"Fila enviada a ERR: precio es obligatorio y viene nulo."
1027;sucursales_lugares.csv;"Santiago Centro";"tipo_precio tiene valor no permitido mesa_hora, se deja nulo."
1027;sucursales_lugares.csv;"Santiago Centro";"fecha_inicio_vigencia reparada de 11-09-25 a 2025-09-11"
1027;sucursales_lugares.csv;"Santiago Centro";"fecha_fin_vigencia reparada de 10-11-25 a 2025-11-10"
1027;sucursales_lugares.csv;"Santiago Centro";"Fila enviada a ERR: precio es obligatorio y viene nulo."
1028;sucursales_lugares.csv;"Santiago Centro";"tipo_precio tiene valor no permitido mesa_hora, se deja nulo."
1028;sucursales_lugares.csv;"Santiago Centro";"fecha_inicio_vigencia reparada de 22-10-25 a 2025-10-22"
1028;sucursales_lugares.csv;"Santiago Centro";"fecha_fin_vigencia reparada de 21-12-25 a 2025-12-21"
1028;sucursales_lugares.csv;"Santiago Centro";"Fila enviada a ERR: precio es obligatorio y viene nulo."
1029;sucursales_lugares.csv;"Santiago Centro";"tipo_precio tiene valor no permitido mesa_hora, se deja nulo."
1029;sucursales_lugares.csv;"Santiago Centro";"fecha_inicio_vigencia reparada de 28-05-24 a 2024-05-28"
1029;sucursales_lugares.csv;"Santiago Centro";"fecha_fin_vigencia reparada de 27-07-24 a 2024-07-27"
1029;sucursales_lugares.csv;"Santiago Centro";"Fila enviada a ERR: precio es obligatorio y viene nulo."
1030;sucursales_lugares.csv;"Santiago Centro";"tipo_precio tiene valor no permitido mesa_hora, se deja nulo."
1030;sucursales_lugares.csv;"Santiago Centro";"fecha_inicio_vigencia reparada de 19-09-24 a 2024-09-19"
1030;sucursales_lugares.csv;"Santiago Centro";"fecha_fin_vigencia reparada de 26-09-24 a 2024-09-26"
1030;sucursales_lugares.csv;"Santiago Centro";"Fila enviada a ERR: precio debe ser un numero."
1031;sucursales_lugares.csv;"Santiago Centro";"tipo_precio tiene valor no permitido mesa_hora, se deja nulo."
1031;sucursales_lugares.csv;"Santiago Centro";"fecha_inicio_vigencia reparada de 29-03-25 a 2025-03-29"
1031;sucursales_lugares.csv;"Santiago Centro";"fecha_fin_vigencia reparada de 28-05-25 a 2025-05-28"
1031;sucursales_lugares.csv;"Santiago Centro";"Fila enviada a ERR: precio es obligatorio y viene nulo."
1032;sucursales_lugares.csv;"Santiago Centro";"tipo_precio tiene valor no permitido mesa_hora, se deja nulo."
1032;sucursales_lugares.csv;"Santiago Centro";"fecha_inicio_vigencia reparada de 05-01-24 a 2024-01-05"
1032;sucursales_lugares.csv;"Santiago Centro";"fecha_fin_vigencia reparada de 05-03-24 a 2024-03-05"
1032;sucursales_lugares.csv;"Santiago Centro";"Fila enviada a ERR: precio es obligatorio y viene nulo."
1033;sucursales_lugares.csv;"Santiago Centro";"tipo_precio tiene valor no permitido mesa_hora, se deja nulo."
1033;sucursales_lugares.csv;"Santiago Centro";"fecha_inicio_vigencia reparada de 10-10-24 a 2024-10-10"
1033;sucursales_lugares.csv;"Santiago Centro";"fecha_fin_vigencia reparada de 09-11-24 a 2024-11-09"
1033;sucursales_lugares.csv;"Santiago Centro";"Fila enviada a ERR: precio es obligatorio y viene nulo."
1034;sucursales_lugares.csv;"Santiago Centro";"tipo_precio tiene valor no permitido mesa_hora, se deja nulo."
1034;sucursales_lugares.csv;"Santiago Centro";"fecha_inicio_vigencia reparada de 29-06-25 a 2025-06-29"
1034;sucursales_lugares.csv;"Santiago Centro";"fecha_fin_vigencia reparada de 28-08-25 a 2025-08-28"
1034;sucursales_lugares.csv;"Santiago Centro";"Fila enviada a ERR: precio es obligatorio y viene nulo."
1035;sucursales_lugares.csv;"Santiago Centro";"tipo_precio tiene valor no permitido mesa_hora, se deja nulo."
1035;sucursales_lugares.csv;"Santiago Centro";"fecha_inicio_vigencia reparada de 04-09-24 a 2024-09-04"
1035;sucursales_lugares.csv;"Santiago Centro";"fecha_fin_vigencia reparada de 11-09-24 a 2024-09-11"
1035;sucursales_lugares.csv;"Santiago Centro";"Fila enviada a ERR: precio es obligatorio y viene nulo."
1036;sucursales_lugares.csv;"Santiago Centro";"tipo_precio tiene valor no permitido mesa_hora, se deja nulo."
1036;sucursales_lugares.csv;"Santiago Centro";"fecha_inicio_vigencia reparada de 18-10-24 a 2024-10-18"
1036;sucursales_lugares.csv;"Santiago Centro";"fecha_fin_vigencia reparada de 17-11-24 a 2024-11-17"
1036;sucursales_lugares.csv;"Santiago Centro";"Fila enviada a ERR: precio es obligatorio y viene nulo."
1037;sucursales_lugares.csv;"Santiago Centro";"tipo_precio tiene valor no permitido mesa_hora, se deja nulo."
1037;sucursales_lugares.csv;"Santiago Centro";"fecha_inicio_vigencia reparada de 16-06-24 a 2024-06-16"
1037;sucursales_lugares.csv;"Santiago Centro";"fecha_fin_vigencia reparada de 15-08-24 a 2024-08-15"
1037;sucursales_lugares.csv;"Santiago Centro";"Fila enviada a ERR: precio es obligatorio y viene nulo."
1038;sucursales_lugares.csv;"Santiago Centro";"tipo_precio tiene valor no permitido mesa_hora, se deja nulo."
1038;sucursales_lugares.csv;"Santiago Centro";"fecha_inicio_vigencia reparada de 18-03-24 a 2024-03-18"
1038;sucursales_lugares.csv;"Santiago Centro";"fecha_fin_vigencia reparada de 17-05-24 a 2024-05-17"
1038;sucursales_lugares.csv;"Santiago Centro";"Fila enviada a ERR: precio es obligatorio y viene nulo."
1039;sucursales_lugares.csv;"Santiago Centro";"tipo_precio tiene valor no permitido mesa_hora, se deja nulo."
1039;sucursales_lugares.csv;"Santiago Centro";"fecha_inicio_vigencia reparada de 22-05-25 a 2025-05-22"
1039;sucursales_lugares.csv;"Santiago Centro";"fecha_fin_vigencia reparada de 29-05-25 a 2025-05-29"
1039;sucursales_lugares.csv;"Santiago Centro";"Fila enviada a ERR: precio es obligatorio y viene nulo."
1040;sucursales_lugares.csv;"Santiago Centro";"tipo_precio tiene valor no permitido mesa_hora, se deja nulo."
1040;sucursales_lugares.csv;"Santiago Centro";"fecha_inicio_vigencia reparada de 29-10-24 a 2024-10-29"
1040;sucursales_lugares.csv;"Santiago Centro";"fecha_fin_vigencia reparada de 28-12-24 a 2024-12-28"
1040;sucursales_lugares.csv;"Santiago Centro";"Fila enviada a ERR: precio es obligatorio y viene nulo."
1041;sucursales_lugares.csv;"Santiago Centro";"tipo_precio tiene valor no permitido mesa_hora, se deja nulo."
1041;sucursales_lugares.csv;"Santiago Centro";"fecha_inicio_vigencia reparada de 07-08-25 a 2025-08-07"
1041;sucursales_lugares.csv;"Santiago Centro";"fecha_fin_vigencia reparada de 14-08-25 a 2025-08-14"
1041;sucursales_lugares.csv;"Santiago Centro";"Fila enviada a ERR: precio es obligatorio y viene nulo."
1042;sucursales_lugares.csv;"Santiago Centro";"tipo_precio tiene valor no permitido linea_hora, se deja nulo."
1042;sucursales_lugares.csv;"Santiago Centro";"fecha_inicio_vigencia reparada de 07-06-25 a 2025-06-07"
1042;sucursales_lugares.csv;"Santiago Centro";"fecha_fin_vigencia reparada de 14-06-25 a 2025-06-14"
1043;sucursales_lugares.csv;"Santiago Centro";"tipo_precio tiene valor no permitido linea_hora, se deja nulo."
1043;sucursales_lugares.csv;"Santiago Centro";"fecha_inicio_vigencia reparada de 07-02-25 a 2025-02-07"
1043;sucursales_lugares.csv;"Santiago Centro";"fecha_fin_vigencia reparada de 14-02-25 a 2025-02-14"
1044;sucursales_lugares.csv;"Santiago Centro";"tipo_precio tiene valor no permitido linea_hora, se deja nulo."
1044;sucursales_lugares.csv;"Santiago Centro";"fecha_inicio_vigencia reparada de 10-09-25 a 2025-09-10"
1044;sucursales_lugares.csv;"Santiago Centro";"fecha_fin_vigencia reparada de 17-09-25 a 2025-09-17"
1045;sucursales_lugares.csv;"Santiago Centro";"tipo_precio tiene valor no permitido linea_hora, se deja nulo."
1045;sucursales_lugares.csv;"Santiago Centro";"fecha_inicio_vigencia reparada de 20-03-25 a 2025-03-20"
1045;sucursales_lugares.csv;"Santiago Centro";"fecha_fin_vigencia reparada de 03-04-25 a 2025-04-03"
1046;sucursales_lugares.csv;"Santiago Centro";"tipo_precio tiene valor no permitido linea_hora, se deja nulo."
1046;sucursales_lugares.csv;"Santiago Centro";"fecha_inicio_vigencia reparada de 11-08-25 a 2025-08-11"
1046;sucursales_lugares.csv;"Santiago Centro";"fecha_fin_vigencia reparada de 18-08-25 a 2025-08-18"
1047;sucursales_lugares.csv;"Santiago Centro";"tipo_precio tiene valor no permitido linea_hora, se deja nulo."
1047;sucursales_lugares.csv;"Santiago Centro";"fecha_inicio_vigencia reparada de 27-06-25 a 2025-06-27"
1047;sucursales_lugares.csv;"Santiago Centro";"fecha_fin_vigencia reparada de 26-08-25 a 2025-08-26"
1048;sucursales_lugares.csv;"Santiago Centro";"tipo_precio tiene valor no permitido linea_hora, se deja nulo."
1048;sucursales_lugares.csv;"Santiago Centro";"fecha_inicio_vigencia reparada de 14-09-25 a 2025-09-14"
1048;sucursales_lugares.csv;"Santiago Centro";"fecha_fin_vigencia reparada de 13-12-25 a 2025-12-13"
1049;sucursales_lugares.csv;"Santiago Centro";"tipo_precio tiene valor no permitido linea_hora, se deja nulo."
1049;sucursales_lugares.csv;"Santiago Centro";"fecha_inicio_vigencia reparada de 18-03-25 a 2025-03-18"
1049;sucursales_lugares.csv;"Santiago Centro";"fecha_fin_vigencia reparada de 25-03-25 a 2025-03-25"
1050;sucursales_lugares.csv;"Santiago Centro";"tipo_precio tiene valor no permitido linea_hora, se deja nulo."
1050;sucursales_lugares.csv;"Santiago Centro";"fecha_inicio_vigencia reparada de 16-06-24 a 2024-06-16"
1050;sucursales_lugares.csv;"Santiago Centro";"fecha_fin_vigencia reparada de 30-06-24 a 2024-06-30"
1051;sucursales_lugares.csv;"Santiago Centro";"tipo_precio tiene valor no permitido linea_hora, se deja nulo."
1051;sucursales_lugares.csv;"Santiago Centro";"fecha_inicio_vigencia reparada de 04-01-25 a 2025-01-04"
1051;sucursales_lugares.csv;"Santiago Centro";"fecha_fin_vigencia reparada de 11-01-25 a 2025-01-11"
1052;sucursales_lugares.csv;"Santiago Centro";"tipo_precio tiene valor no permitido linea_hora, se deja nulo."
1052;sucursales_lugares.csv;"Santiago Centro";"fecha_inicio_vigencia reparada de 07-02-24 a 2024-02-07"
1052;sucursales_lugares.csv;"Santiago Centro";"fecha_fin_vigencia reparada de 08-03-24 a 2024-03-08"
1053;sucursales_lugares.csv;"Santiago Centro";"tipo_precio tiene valor no permitido linea_hora, se deja nulo."
1053;sucursales_lugares.csv;"Santiago Centro";"fecha_inicio_vigencia reparada de 03-09-25 a 2025-09-03"
1053;sucursales_lugares.csv;"Santiago Centro";"fecha_fin_vigencia reparada de 02-12-25 a 2025-12-02"
1054;sucursales_lugares.csv;"Santiago Centro";"tipo_precio tiene valor no permitido linea_hora, se deja nulo."
1054;sucursales_lugares.csv;"Santiago Centro";"fecha_inicio_vigencia reparada de 26-11-24 a 2024-11-26"
1054;sucursales_lugares.csv;"Santiago Centro";"fecha_fin_vigencia reparada de 24-02-25 a 2025-02-24"
1055;sucursales_lugares.csv;"Santiago Centro";"tipo_precio tiene valor no permitido linea_hora, se deja nulo."
1055;sucursales_lugares.csv;"Santiago Centro";"fecha_inicio_vigencia reparada de 28-08-24 a 2024-08-28"
1055;sucursales_lugares.csv;"Santiago Centro";"fecha_fin_vigencia reparada de 04-09-24 a 2024-09-04"
1056;sucursales_lugares.csv;"Santiago Centro";"tipo_precio tiene valor no permitido linea_hora, se deja nulo."
1056;sucursales_lugares.csv;"Santiago Centro";"fecha_inicio_vigencia reparada de 03-01-24 a 2024-01-03"
1056;sucursales_lugares.csv;"Santiago Centro";"fecha_fin_vigencia reparada de 17-01-24 a 2024-01-17"
1057;sucursales_lugares.csv;"Santiago Centro";"tipo_precio tiene valor no permitido linea_hora, se deja nulo."
1057;sucursales_lugares.csv;"Santiago Centro";"fecha_inicio_vigencia con formato incompleto o que no se pudo reparar, se reemplaza por nulo"
1057;sucursales_lugares.csv;"Santiago Centro";"fecha_fin_vigencia reparada de 02-05-24 a 2024-05-02"
1057;sucursales_lugares.csv;"Santiago Centro";"Fila enviada a ERR: precio debe ser un numero."
1058;sucursales_lugares.csv;"Santiago Centro";"tipo_precio tiene valor no permitido tramo, se deja nulo."
1058;sucursales_lugares.csv;"Santiago Centro";"fecha_inicio_vigencia reparada de 24-03-24 a 2024-03-24"
1058;sucursales_lugares.csv;"Santiago Centro";"fecha_fin_vigencia reparada de 07-04-24 a 2024-04-07"
1059;sucursales_lugares.csv;"Santiago Centro";"tipo_precio tiene valor no permitido tramo, se deja nulo."
1059;sucursales_lugares.csv;"Santiago Centro";"fecha_inicio_vigencia reparada de 10-08-24 a 2024-08-10"
1059;sucursales_lugares.csv;"Santiago Centro";"fecha_fin_vigencia reparada de 24-08-24 a 2024-08-24"
1060;sucursales_lugares.csv;"Santiago Centro";"tipo_precio reparado de dia a día"
1060;sucursales_lugares.csv;"Santiago Centro";"fecha_inicio_vigencia reparada de 13-09-25 a 2025-09-13"
1060;sucursales_lugares.csv;"Santiago Centro";"fecha_fin_vigencia reparada de 27-09-25 a 2025-09-27"
1061;sucursales_lugares.csv;"Santiago Centro";"tipo_precio tiene valor no permitido tramo, se deja nulo."
1061;sucursales_lugares.csv;"Santiago Centro";"fecha_inicio_vigencia reparada de 22-07-24 a 2024-07-22"
1061;sucursales_lugares.csv;"Santiago Centro";"fecha_fin_vigencia reparada de 20-10-24 a 2024-10-20"
1062;sucursales_lugares.csv;"Santiago Centro";"tipo_precio reparado de dia a día"
1062;sucursales_lugares.csv;"Santiago Centro";"fecha_inicio_vigencia reparada de 05-08-24 a 2024-08-05"
1062;sucursales_lugares.csv;"Santiago Centro";"fecha_fin_vigencia reparada de 04-09-24 a 2024-09-04"
1063;sucursales_lugares.csv;"Santiago Centro";"tipo_precio reparado de dia a día"
1063;sucursales_lugares.csv;"Santiago Centro";"fecha_inicio_vigencia reparada de 04-11-25 a 2025-11-04"
1063;sucursales_lugares.csv;"Santiago Centro";"fecha_fin_vigencia reparada de 18-11-25 a 2025-11-18"
1064;sucursales_lugares.csv;"Santiago Centro";"tipo_precio reparado de dia a día"
1064;sucursales_lugares.csv;"Santiago Centro";"fecha_inicio_vigencia reparada de 29-10-24 a 2024-10-29"
1064;sucursales_lugares.csv;"Santiago Centro";"fecha_fin_vigencia reparada de 28-11-24 a 2024-11-28"
1065;sucursales_lugares.csv;"Santiago Centro";"tipo_precio reparado de dia a día"
1065;sucursales_lugares.csv;"Santiago Centro";"fecha_inicio_vigencia reparada de 20-05-24 a 2024-05-20"
1065;sucursales_lugares.csv;"Santiago Centro";"fecha_fin_vigencia reparada de 18-08-24 a 2024-08-18"
1066;sucursales_lugares.csv;"Santiago Centro";"tipo_precio reparado de dia a día"
1066;sucursales_lugares.csv;"Santiago Centro";"fecha_inicio_vigencia reparada de 25-09-25 a 2025-09-25"
1066;sucursales_lugares.csv;"Santiago Centro";"fecha_fin_vigencia reparada de 09-10-25 a 2025-10-09"
1067;sucursales_lugares.csv;"Santiago Centro";"tipo_precio reparado de dia a día"
1067;sucursales_lugares.csv;"Santiago Centro";"fecha_inicio_vigencia reparada de 21-04-24 a 2024-04-21"
1067;sucursales_lugares.csv;"Santiago Centro";"fecha_fin_vigencia reparada de 28-04-24 a 2024-04-28"
1068;sucursales_lugares.csv;"Santiago Centro";"tipo_precio reparado de dia a día"
1068;sucursales_lugares.csv;"Santiago Centro";"fecha_inicio_vigencia reparada de 05-03-24 a 2024-03-05"
1068;sucursales_lugares.csv;"Santiago Centro";"fecha_fin_vigencia reparada de 04-04-24 a 2024-04-04"
1069;sucursales_lugares.csv;"Santiago Centro";"tipo_precio reparado de dia a día"
1069;sucursales_lugares.csv;"Santiago Centro";"fecha_inicio_vigencia reparada de 08-10-25 a 2025-10-08"
1069;sucursales_lugares.csv;"Santiago Centro";"fecha_fin_vigencia reparada de 06-01-26 a 2026-01-06"
1070;sucursales_lugares.csv;"Santiago Centro";"tipo_precio reparado de dia a día"
1070;sucursales_lugares.csv;"Santiago Centro";"fecha_inicio_vigencia reparada de 29-03-24 a 2024-03-29"
1070;sucursales_lugares.csv;"Santiago Centro";"fecha_fin_vigencia reparada de 27-06-24 a 2024-06-27"
1071;sucursales_lugares.csv;"Santiago Centro";"tipo_precio reparado de dia a día"
1071;sucursales_lugares.csv;"Santiago Centro";"fecha_inicio_vigencia reparada de 02-09-25 a 2025-09-02"
1071;sucursales_lugares.csv;"Santiago Centro";"fecha_fin_vigencia reparada de 02-10-25 a 2025-10-02"
1072;sucursales_lugares.csv;"Santiago Centro";"tipo_precio reparado de dia a día"
1072;sucursales_lugares.csv;"Santiago Centro";"fecha_inicio_vigencia reparada de 07-04-24 a 2024-04-07"
1072;sucursales_lugares.csv;"Santiago Centro";"fecha_fin_vigencia reparada de 14-04-24 a 2024-04-14"
1073;sucursales_lugares.csv;"Santiago Centro";"tipo_precio reparado de dia a día"
1073;sucursales_lugares.csv;"Santiago Centro";"fecha_inicio_vigencia reparada de 03-03-25 a 2025-03-03"
1073;sucursales_lugares.csv;"Santiago Centro";"fecha_fin_vigencia reparada de 02-05-25 a 2025-05-02"
1074;sucursales_lugares.csv;"Santiago Centro";"tipo_precio reparado de dia a día"
1074;sucursales_lugares.csv;"Santiago Centro";"fecha_inicio_vigencia reparada de 06-12-24 a 2024-12-06"
1074;sucursales_lugares.csv;"Santiago Centro";"fecha_fin_vigencia reparada de 05-01-25 a 2025-01-05"
1075;sucursales_lugares.csv;"Santiago Centro";"tipo_precio reparado de dia a día"
1075;sucursales_lugares.csv;"Santiago Centro";"fecha_inicio_vigencia reparada de 19-10-25 a 2025-10-19"
1075;sucursales_lugares.csv;"Santiago Centro";"fecha_fin_vigencia reparada de 18-12-25 a 2025-12-18"
1076;sucursales_lugares.csv;"Santiago Centro";"tipo_precio reparado de dia a día"
1076;sucursales_lugares.csv;"Santiago Centro";"fecha_inicio_vigencia reparada de 09-02-24 a 2024-02-09"
1076;sucursales_lugares.csv;"Santiago Centro";"fecha_fin_vigencia reparada de 09-04-24 a 2024-04-09"
1077;sucursales_lugares.csv;"Santiago Centro";"tipo_precio reparado de dia a día"
1077;sucursales_lugares.csv;"Santiago Centro";"fecha_inicio_vigencia reparada de 13-03-25 a 2025-03-13"
1077;sucursales_lugares.csv;"Santiago Centro";"fecha_fin_vigencia reparada de 12-04-25 a 2025-04-12"
1078;sucursales_lugares.csv;"Santiago Centro";"tipo_precio reparado de dia a día"
1078;sucursales_lugares.csv;"Santiago Centro";"fecha_inicio_vigencia reparada de 05-08-24 a 2024-08-05"
1078;sucursales_lugares.csv;"Santiago Centro";"fecha_fin_vigencia reparada de 04-09-24 a 2024-09-04"
1079;sucursales_lugares.csv;"Santiago Centro";"tipo_precio reparado de dia a día"
1079;sucursales_lugares.csv;"Santiago Centro";"fecha_inicio_vigencia reparada de 10-08-24 a 2024-08-10"
1079;sucursales_lugares.csv;"Santiago Centro";"fecha_fin_vigencia reparada de 09-09-24 a 2024-09-09"
1080;sucursales_lugares.csv;"Santiago Centro";"tipo_precio reparado de dia a día"
1080;sucursales_lugares.csv;"Santiago Centro";"fecha_inicio_vigencia reparada de 04-08-24 a 2024-08-04"
1080;sucursales_lugares.csv;"Santiago Centro";"fecha_fin_vigencia reparada de 03-10-24 a 2024-10-03"
1081;sucursales_lugares.csv;"Santiago Centro";"tipo_precio reparado de dia a día"
1081;sucursales_lugares.csv;"Santiago Centro";"fecha_inicio_vigencia reparada de 17-10-25 a 2025-10-17"
1081;sucursales_lugares.csv;"Santiago Centro";"fecha_fin_vigencia reparada de 15-01-26 a 2026-01-15"
1082;sucursales_lugares.csv;"Santiago Centro";"fecha_inicio_vigencia reparada de 23-05-25 a 2025-05-23"
1082;sucursales_lugares.csv;"Santiago Centro";"fecha_fin_vigencia reparada de 22-07-25 a 2025-07-22"
1083;sucursales_lugares.csv;"Santiago Centro";"fecha_inicio_vigencia reparada de 09-05-25 a 2025-05-09"
1083;sucursales_lugares.csv;"Santiago Centro";"fecha_fin_vigencia reparada de 23-05-25 a 2025-05-23"
1084;sucursales_lugares.csv;"Santiago Centro";"fecha_inicio_vigencia reparada de 16-11-25 a 2025-11-16"
1084;sucursales_lugares.csv;"Santiago Centro";"fecha_fin_vigencia reparada de 14-02-26 a 2026-02-14"
1085;sucursales_lugares.csv;"Santiago Centro";"fecha_inicio_vigencia reparada de 11-01-25 a 2025-01-11"
1085;sucursales_lugares.csv;"Santiago Centro";"fecha_fin_vigencia reparada de 11-04-25 a 2025-04-11"
1086;sucursales_lugares.csv;"Santiago Centro";"fecha_inicio_vigencia reparada de 03-01-25 a 2025-01-03"
1086;sucursales_lugares.csv;"Santiago Centro";"fecha_fin_vigencia reparada de 02-02-25 a 2025-02-02"
1087;sucursales_lugares.csv;"Santiago Centro";"fecha_inicio_vigencia reparada de 04-07-25 a 2025-07-04"
1087;sucursales_lugares.csv;"Santiago Centro";"fecha_fin_vigencia reparada de 18-07-25 a 2025-07-18"
1088;sucursales_lugares.csv;"Santiago Centro";"fecha_inicio_vigencia reparada de 30-01-25 a 2025-01-30"
1088;sucursales_lugares.csv;"Santiago Centro";"fecha_fin_vigencia reparada de 13-02-25 a 2025-02-13"
1089;sucursales_lugares.csv;"Santiago Centro";"fecha_inicio_vigencia con formato incompleto o que no se pudo reparar, se reemplaza por nulo"
1089;sucursales_lugares.csv;"Santiago Centro";"fecha_fin_vigencia reparada de 26-11-24 a 2024-11-26"
1090;sucursales_lugares.csv;Providencia;"tipo_precio tiene valor no permitido mesa_hora, se deja nulo."
1090;sucursales_lugares.csv;Providencia;"fecha_inicio_vigencia reparada de 01-01-25 a 2025-01-01"
1090;sucursales_lugares.csv;Providencia;"fecha_fin_vigencia reparada de 31-01-25 a 2025-01-31"
1090;sucursales_lugares.csv;Providencia;"Fila enviada a ERR: precio es obligatorio y viene nulo."
1091;sucursales_lugares.csv;Providencia;"tipo_precio tiene valor no permitido mesa_hora, se deja nulo."
1091;sucursales_lugares.csv;Providencia;"fecha_inicio_vigencia con formato incompleto o que no se pudo reparar, se reemplaza por nulo"
1091;sucursales_lugares.csv;Providencia;"fecha_fin_vigencia reparada de 22-12-25 a 2025-12-22"
1091;sucursales_lugares.csv;Providencia;"Fila enviada a ERR: precio es obligatorio y viene nulo."
1092;sucursales_lugares.csv;Providencia;"tipo_precio tiene valor no permitido mesa_hora, se deja nulo."
1092;sucursales_lugares.csv;Providencia;"fecha_inicio_vigencia reparada de 23-03-25 a 2025-03-23"
1092;sucursales_lugares.csv;Providencia;"fecha_fin_vigencia reparada de 30-03-25 a 2025-03-30"
1092;sucursales_lugares.csv;Providencia;"Fila enviada a ERR: precio es obligatorio y viene nulo."
1093;sucursales_lugares.csv;Providencia;"tipo_precio tiene valor no permitido mesa_hora, se deja nulo."
1093;sucursales_lugares.csv;Providencia;"fecha_inicio_vigencia reparada de 09-04-25 a 2025-04-09"
1093;sucursales_lugares.csv;Providencia;"fecha_fin_vigencia reparada de 23-04-25 a 2025-04-23"
1093;sucursales_lugares.csv;Providencia;"Fila enviada a ERR: precio es obligatorio y viene nulo."
1094;sucursales_lugares.csv;Providencia;"tipo_precio tiene valor no permitido mesa_hora, se deja nulo."
1094;sucursales_lugares.csv;Providencia;"fecha_inicio_vigencia reparada de 07-01-24 a 2024-01-07"
1094;sucursales_lugares.csv;Providencia;"fecha_fin_vigencia reparada de 07-03-24 a 2024-03-07"
1094;sucursales_lugares.csv;Providencia;"Fila enviada a ERR: precio es obligatorio y viene nulo."
1095;sucursales_lugares.csv;Providencia;"tipo_precio tiene valor no permitido mesa_hora, se deja nulo."
1095;sucursales_lugares.csv;Providencia;"fecha_inicio_vigencia reparada de 23-02-24 a 2024-02-23"
1095;sucursales_lugares.csv;Providencia;"fecha_fin_vigencia reparada de 23-05-24 a 2024-05-23"
1095;sucursales_lugares.csv;Providencia;"Fila enviada a ERR: precio es obligatorio y viene nulo."
1096;sucursales_lugares.csv;Providencia;"tipo_precio tiene valor no permitido mesa_hora, se deja nulo."
1096;sucursales_lugares.csv;Providencia;"fecha_inicio_vigencia con formato incompleto o que no se pudo reparar, se reemplaza por nulo"
1096;sucursales_lugares.csv;Providencia;"fecha_fin_vigencia reparada de 07-09-24 a 2024-09-07"
1096;sucursales_lugares.csv;Providencia;"Fila enviada a ERR: precio es obligatorio y viene nulo."
1097;sucursales_lugares.csv;Providencia;"tipo_precio tiene valor no permitido mesa_hora, se deja nulo."
1097;sucursales_lugares.csv;Providencia;"fecha_inicio_vigencia reparada de 05-10-24 a 2024-10-05"
1097;sucursales_lugares.csv;Providencia;"fecha_fin_vigencia reparada de 03-01-25 a 2025-01-03"
1097;sucursales_lugares.csv;Providencia;"Fila enviada a ERR: precio es obligatorio y viene nulo."
1098;sucursales_lugares.csv;Providencia;"tipo_precio tiene valor no permitido mesa_hora, se deja nulo."
1098;sucursales_lugares.csv;Providencia;"fecha_inicio_vigencia reparada de 22-05-25 a 2025-05-22"
1098;sucursales_lugares.csv;Providencia;"fecha_fin_vigencia reparada de 29-05-25 a 2025-05-29"
1098;sucursales_lugares.csv;Providencia;"Fila enviada a ERR: precio es obligatorio y viene nulo."
1099;sucursales_lugares.csv;Providencia;"tipo_precio tiene valor no permitido mesa_hora, se deja nulo."
1099;sucursales_lugares.csv;Providencia;"fecha_inicio_vigencia reparada de 16-03-25 a 2025-03-16"
1099;sucursales_lugares.csv;Providencia;"fecha_fin_vigencia reparada de 30-03-25 a 2025-03-30"
1099;sucursales_lugares.csv;Providencia;"Fila enviada a ERR: precio es obligatorio y viene nulo."
1100;sucursales_lugares.csv;Providencia;"tipo_precio tiene valor no permitido mesa_hora, se deja nulo."
1100;sucursales_lugares.csv;Providencia;"fecha_inicio_vigencia reparada de 17-05-24 a 2024-05-17"
1100;sucursales_lugares.csv;Providencia;"fecha_fin_vigencia reparada de 16-07-24 a 2024-07-16"
1100;sucursales_lugares.csv;Providencia;"Fila enviada a ERR: precio es obligatorio y viene nulo."
1101;sucursales_lugares.csv;Providencia;"tipo_precio tiene valor no permitido mesa_hora, se deja nulo."
1101;sucursales_lugares.csv;Providencia;"fecha_inicio_vigencia reparada de 01-02-25 a 2025-02-01"
1101;sucursales_lugares.csv;Providencia;"fecha_fin_vigencia reparada de 08-02-25 a 2025-02-08"
1101;sucursales_lugares.csv;Providencia;"Fila enviada a ERR: precio es obligatorio y viene nulo."
1102;sucursales_lugares.csv;Providencia;"tipo_precio tiene valor no permitido mesa_hora, se deja nulo."
1102;sucursales_lugares.csv;Providencia;"fecha_inicio_vigencia reparada de 10-04-24 a 2024-04-10"
1102;sucursales_lugares.csv;Providencia;"fecha_fin_vigencia reparada de 09-07-24 a 2024-07-09"
1102;sucursales_lugares.csv;Providencia;"Fila enviada a ERR: precio debe ser un numero."
1103;sucursales_lugares.csv;Providencia;"tipo_precio tiene valor no permitido mesa_hora, se deja nulo."
1103;sucursales_lugares.csv;Providencia;"fecha_inicio_vigencia reparada de 23-10-24 a 2024-10-23"
1103;sucursales_lugares.csv;Providencia;"fecha_fin_vigencia reparada de 30-10-24 a 2024-10-30"
1103;sucursales_lugares.csv;Providencia;"Fila enviada a ERR: precio es obligatorio y viene nulo."
1104;sucursales_lugares.csv;Providencia;"tipo_precio tiene valor no permitido mesa_hora, se deja nulo."
1104;sucursales_lugares.csv;Providencia;"fecha_inicio_vigencia reparada de 30-05-25 a 2025-05-30"
1104;sucursales_lugares.csv;Providencia;"fecha_fin_vigencia reparada de 29-07-25 a 2025-07-29"
1104;sucursales_lugares.csv;Providencia;"Fila enviada a ERR: precio es obligatorio y viene nulo."
1105;sucursales_lugares.csv;Providencia;"tipo_precio tiene valor no permitido mesa_hora, se deja nulo."
1105;sucursales_lugares.csv;Providencia;"fecha_inicio_vigencia reparada de 28-03-24 a 2024-03-28"
1105;sucursales_lugares.csv;Providencia;"fecha_fin_vigencia reparada de 26-06-24 a 2024-06-26"
1105;sucursales_lugares.csv;Providencia;"Fila enviada a ERR: precio es obligatorio y viene nulo."
1106;sucursales_lugares.csv;Providencia;"tipo_precio tiene valor no permitido linea_hora, se deja nulo."
1106;sucursales_lugares.csv;Providencia;"fecha_inicio_vigencia con formato incompleto o que no se pudo reparar, se reemplaza por nulo"
1106;sucursales_lugares.csv;Providencia;"fecha_fin_vigencia reparada de 04-08-24 a 2024-08-04"
1107;sucursales_lugares.csv;Providencia;"tipo_precio tiene valor no permitido linea_hora, se deja nulo."
1107;sucursales_lugares.csv;Providencia;"fecha_inicio_vigencia reparada de 12-02-25 a 2025-02-12"
1107;sucursales_lugares.csv;Providencia;"fecha_fin_vigencia reparada de 13-04-25 a 2025-04-13"
1108;sucursales_lugares.csv;Providencia;"tipo_precio tiene valor no permitido linea_hora, se deja nulo."
1108;sucursales_lugares.csv;Providencia;"fecha_inicio_vigencia reparada de 19-06-24 a 2024-06-19"
1108;sucursales_lugares.csv;Providencia;"fecha_fin_vigencia reparada de 03-07-24 a 2024-07-03"
1109;sucursales_lugares.csv;Providencia;"tipo_precio tiene valor no permitido linea_hora, se deja nulo."
1109;sucursales_lugares.csv;Providencia;"fecha_inicio_vigencia reparada de 05-03-25 a 2025-03-05"
1109;sucursales_lugares.csv;Providencia;"fecha_fin_vigencia reparada de 19-03-25 a 2025-03-19"
1110;sucursales_lugares.csv;Providencia;"tipo_precio tiene valor no permitido linea_hora, se deja nulo."
1110;sucursales_lugares.csv;Providencia;"fecha_inicio_vigencia con formato incompleto o que no se pudo reparar, se reemplaza por nulo"
1110;sucursales_lugares.csv;Providencia;"fecha_fin_vigencia reparada de 03-02-24 a 2024-02-03"
1111;sucursales_lugares.csv;Providencia;"tipo_precio tiene valor no permitido linea_hora, se deja nulo."
1111;sucursales_lugares.csv;Providencia;"fecha_inicio_vigencia reparada de 07-11-25 a 2025-11-07"
1111;sucursales_lugares.csv;Providencia;"fecha_fin_vigencia reparada de 07-12-25 a 2025-12-07"
1112;sucursales_lugares.csv;Providencia;"tipo_precio tiene valor no permitido linea_hora, se deja nulo."
1112;sucursales_lugares.csv;Providencia;"fecha_inicio_vigencia reparada de 29-03-24 a 2024-03-29"
1112;sucursales_lugares.csv;Providencia;"fecha_fin_vigencia reparada de 28-04-24 a 2024-04-28"
1113;sucursales_lugares.csv;Providencia;"tipo_precio tiene valor no permitido linea_hora, se deja nulo."
1113;sucursales_lugares.csv;Providencia;"fecha_inicio_vigencia reparada de 28-04-24 a 2024-04-28"
1113;sucursales_lugares.csv;Providencia;"fecha_fin_vigencia reparada de 12-05-24 a 2024-05-12"
1114;sucursales_lugares.csv;Providencia;"tipo_precio tiene valor no permitido linea_hora, se deja nulo."
1114;sucursales_lugares.csv;Providencia;"fecha_inicio_vigencia reparada de 22-09-25 a 2025-09-22"
1114;sucursales_lugares.csv;Providencia;"fecha_fin_vigencia reparada de 29-09-25 a 2025-09-29"
1115;sucursales_lugares.csv;Providencia;"tipo_precio tiene valor no permitido linea_hora, se deja nulo."
1115;sucursales_lugares.csv;Providencia;"fecha_inicio_vigencia reparada de 04-11-25 a 2025-11-04"
1115;sucursales_lugares.csv;Providencia;"fecha_fin_vigencia reparada de 11-11-25 a 2025-11-11"
1116;sucursales_lugares.csv;Providencia;"tipo_precio tiene valor no permitido linea_hora, se deja nulo."
1116;sucursales_lugares.csv;Providencia;"fecha_inicio_vigencia reparada de 24-03-24 a 2024-03-24"
1116;sucursales_lugares.csv;Providencia;"fecha_fin_vigencia reparada de 31-03-24 a 2024-03-31"
1117;sucursales_lugares.csv;Providencia;"tipo_precio tiene valor no permitido linea_hora, se deja nulo."
1117;sucursales_lugares.csv;Providencia;"fecha_inicio_vigencia reparada de 29-02-24 a 2024-02-29"
1117;sucursales_lugares.csv;Providencia;"fecha_fin_vigencia reparada de 07-03-24 a 2024-03-07"
1118;sucursales_lugares.csv;Providencia;"tipo_precio tiene valor no permitido linea_hora, se deja nulo."
1118;sucursales_lugares.csv;Providencia;"fecha_inicio_vigencia reparada de 10-04-24 a 2024-04-10"
1118;sucursales_lugares.csv;Providencia;"fecha_fin_vigencia reparada de 17-04-24 a 2024-04-17"
1119;sucursales_lugares.csv;Providencia;"tipo_precio tiene valor no permitido linea_hora, se deja nulo."
1119;sucursales_lugares.csv;Providencia;"fecha_inicio_vigencia reparada de 18-02-25 a 2025-02-18"
1119;sucursales_lugares.csv;Providencia;"fecha_fin_vigencia reparada de 25-02-25 a 2025-02-25"
1120;sucursales_lugares.csv;Providencia;"tipo_precio tiene valor no permitido linea_hora, se deja nulo."
1120;sucursales_lugares.csv;Providencia;"fecha_inicio_vigencia reparada de 30-08-25 a 2025-08-30"
1120;sucursales_lugares.csv;Providencia;"fecha_fin_vigencia reparada de 29-09-25 a 2025-09-29"
1121;sucursales_lugares.csv;Providencia;"tipo_precio tiene valor no permitido linea_hora, se deja nulo."
1121;sucursales_lugares.csv;Providencia;"fecha_inicio_vigencia con formato incompleto o que no se pudo reparar, se reemplaza por nulo"
1121;sucursales_lugares.csv;Providencia;"fecha_fin_vigencia reparada de 13-09-25 a 2025-09-13"
1122;sucursales_lugares.csv;Providencia;"tipo_precio tiene valor no permitido tramo, se deja nulo."
1122;sucursales_lugares.csv;Providencia;"fecha_inicio_vigencia reparada de 06-01-25 a 2025-01-06"
1122;sucursales_lugares.csv;Providencia;"fecha_fin_vigencia reparada de 06-04-25 a 2025-04-06"
1123;sucursales_lugares.csv;Providencia;"tipo_precio tiene valor no permitido tramo, se deja nulo."
1123;sucursales_lugares.csv;Providencia;"fecha_inicio_vigencia reparada de 07-03-25 a 2025-03-07"
1123;sucursales_lugares.csv;Providencia;"fecha_fin_vigencia reparada de 21-03-25 a 2025-03-21"
1124;sucursales_lugares.csv;Providencia;"tipo_precio reparado de dia a día"
1124;sucursales_lugares.csv;Providencia;"fecha_inicio_vigencia reparada de 18-01-24 a 2024-01-18"
1124;sucursales_lugares.csv;Providencia;"fecha_fin_vigencia reparada de 25-01-24 a 2024-01-25"
1125;sucursales_lugares.csv;Providencia;"tipo_precio tiene valor no permitido tramo, se deja nulo."
1125;sucursales_lugares.csv;Providencia;"fecha_inicio_vigencia reparada de 09-01-24 a 2024-01-09"
1125;sucursales_lugares.csv;Providencia;"fecha_fin_vigencia reparada de 16-01-24 a 2024-01-16"
1126;sucursales_lugares.csv;Providencia;"tipo_precio reparado de dia a día"
1126;sucursales_lugares.csv;Providencia;"fecha_inicio_vigencia reparada de 21-09-25 a 2025-09-21"
1126;sucursales_lugares.csv;Providencia;"fecha_fin_vigencia reparada de 28-09-25 a 2025-09-28"
1127;sucursales_lugares.csv;Providencia;"tipo_precio reparado de dia a día"
1127;sucursales_lugares.csv;Providencia;"fecha_inicio_vigencia reparada de 04-10-24 a 2024-10-04"
1127;sucursales_lugares.csv;Providencia;"fecha_fin_vigencia reparada de 18-10-24 a 2024-10-18"
1128;sucursales_lugares.csv;Providencia;"tipo_precio reparado de dia a día"
1128;sucursales_lugares.csv;Providencia;"fecha_inicio_vigencia reparada de 24-02-25 a 2025-02-24"
1128;sucursales_lugares.csv;Providencia;"fecha_fin_vigencia reparada de 26-03-25 a 2025-03-26"
1129;sucursales_lugares.csv;Providencia;"tipo_precio reparado de dia a día"
1129;sucursales_lugares.csv;Providencia;"fecha_inicio_vigencia reparada de 15-09-24 a 2024-09-15"
1129;sucursales_lugares.csv;Providencia;"fecha_fin_vigencia reparada de 15-10-24 a 2024-10-15"
1130;sucursales_lugares.csv;Providencia;"tipo_precio reparado de dia a día"
1130;sucursales_lugares.csv;Providencia;"fecha_inicio_vigencia reparada de 10-04-25 a 2025-04-10"
1130;sucursales_lugares.csv;Providencia;"fecha_fin_vigencia reparada de 10-05-25 a 2025-05-10"
1131;sucursales_lugares.csv;Providencia;"tipo_precio reparado de dia a día"
1131;sucursales_lugares.csv;Providencia;"fecha_inicio_vigencia reparada de 25-11-24 a 2024-11-25"
1131;sucursales_lugares.csv;Providencia;"fecha_fin_vigencia reparada de 09-12-24 a 2024-12-09"
1132;sucursales_lugares.csv;Providencia;"tipo_precio reparado de dia a día"
1132;sucursales_lugares.csv;Providencia;"fecha_inicio_vigencia reparada de 27-06-24 a 2024-06-27"
1132;sucursales_lugares.csv;Providencia;"fecha_fin_vigencia reparada de 11-07-24 a 2024-07-11"
1133;sucursales_lugares.csv;Providencia;"tipo_precio reparado de dia a día"
1133;sucursales_lugares.csv;Providencia;"fecha_inicio_vigencia reparada de 16-09-25 a 2025-09-16"
1133;sucursales_lugares.csv;Providencia;"fecha_fin_vigencia reparada de 15-12-25 a 2025-12-15"
1134;sucursales_lugares.csv;Providencia;"tipo_precio reparado de dia a día"
1134;sucursales_lugares.csv;Providencia;"fecha_inicio_vigencia reparada de 02-07-25 a 2025-07-02"
1134;sucursales_lugares.csv;Providencia;"fecha_fin_vigencia reparada de 31-08-25 a 2025-08-31"
1135;sucursales_lugares.csv;Providencia;"tipo_precio reparado de dia a día"
1135;sucursales_lugares.csv;Providencia;"fecha_inicio_vigencia reparada de 06-09-24 a 2024-09-06"
1135;sucursales_lugares.csv;Providencia;"fecha_fin_vigencia reparada de 20-09-24 a 2024-09-20"
1136;sucursales_lugares.csv;Providencia;"tipo_precio reparado de dia a día"
1136;sucursales_lugares.csv;Providencia;"fecha_inicio_vigencia reparada de 25-03-24 a 2024-03-25"
1136;sucursales_lugares.csv;Providencia;"fecha_fin_vigencia reparada de 01-04-24 a 2024-04-01"
1137;sucursales_lugares.csv;Providencia;"tipo_precio reparado de dia a día"
1137;sucursales_lugares.csv;Providencia;"fecha_inicio_vigencia reparada de 10-09-25 a 2025-09-10"
1137;sucursales_lugares.csv;Providencia;"fecha_fin_vigencia reparada de 10-10-25 a 2025-10-10"
1138;sucursales_lugares.csv;Providencia;"tipo_precio reparado de dia a día"
1138;sucursales_lugares.csv;Providencia;"fecha_inicio_vigencia reparada de 17-01-24 a 2024-01-17"
1138;sucursales_lugares.csv;Providencia;"fecha_fin_vigencia reparada de 17-03-24 a 2024-03-17"
1139;sucursales_lugares.csv;Providencia;"tipo_precio reparado de dia a día"
1139;sucursales_lugares.csv;Providencia;"fecha_inicio_vigencia reparada de 24-02-25 a 2025-02-24"
1139;sucursales_lugares.csv;Providencia;"fecha_fin_vigencia reparada de 25-05-25 a 2025-05-25"
1140;sucursales_lugares.csv;Providencia;"tipo_precio reparado de dia a día"
1140;sucursales_lugares.csv;Providencia;"fecha_inicio_vigencia con formato incompleto o que no se pudo reparar, se reemplaza por nulo"
1140;sucursales_lugares.csv;Providencia;"fecha_fin_vigencia reparada de 17-07-25 a 2025-07-17"
1140;sucursales_lugares.csv;Providencia;"Fila enviada a ERR: precio debe ser un numero."
1141;sucursales_lugares.csv;Providencia;"tipo_precio reparado de dia a día"
1141;sucursales_lugares.csv;Providencia;"fecha_inicio_vigencia reparada de 06-04-24 a 2024-04-06"
1141;sucursales_lugares.csv;Providencia;"fecha_fin_vigencia reparada de 13-04-24 a 2024-04-13"
1142;sucursales_lugares.csv;Providencia;"tipo_precio reparado de dia a día"
1142;sucursales_lugares.csv;Providencia;"fecha_inicio_vigencia reparada de 15-01-25 a 2025-01-15"
1142;sucursales_lugares.csv;Providencia;"fecha_fin_vigencia reparada de 15-04-25 a 2025-04-15"
1143;sucursales_lugares.csv;Providencia;"tipo_precio reparado de dia a día"
1143;sucursales_lugares.csv;Providencia;"fecha_inicio_vigencia reparada de 08-02-25 a 2025-02-08"
1143;sucursales_lugares.csv;Providencia;"fecha_fin_vigencia reparada de 09-05-25 a 2025-05-09"
1144;sucursales_lugares.csv;Providencia;"tipo_precio reparado de dia a día"
1144;sucursales_lugares.csv;Providencia;"fecha_inicio_vigencia reparada de 05-01-24 a 2024-01-05"
1144;sucursales_lugares.csv;Providencia;"fecha_fin_vigencia reparada de 05-03-24 a 2024-03-05"
1145;sucursales_lugares.csv;Providencia;"tipo_precio reparado de dia a día"
1145;sucursales_lugares.csv;Providencia;"fecha_inicio_vigencia con formato incompleto o que no se pudo reparar, se reemplaza por nulo"
1145;sucursales_lugares.csv;Providencia;"fecha_fin_vigencia reparada de 28-09-25 a 2025-09-28"
1146;sucursales_lugares.csv;Providencia;"fecha_inicio_vigencia reparada de 21-01-25 a 2025-01-21"
1146;sucursales_lugares.csv;Providencia;"fecha_fin_vigencia reparada de 22-03-25 a 2025-03-22"
1147;sucursales_lugares.csv;Providencia;"fecha_inicio_vigencia reparada de 22-01-24 a 2024-01-22"
1147;sucursales_lugares.csv;Providencia;"fecha_fin_vigencia reparada de 05-02-24 a 2024-02-05"
1148;sucursales_lugares.csv;Providencia;"fecha_inicio_vigencia reparada de 23-07-25 a 2025-07-23"
1148;sucursales_lugares.csv;Providencia;"fecha_fin_vigencia reparada de 06-08-25 a 2025-08-06"
1149;sucursales_lugares.csv;Providencia;"fecha_inicio_vigencia reparada de 23-01-24 a 2024-01-23"
1149;sucursales_lugares.csv;Providencia;"fecha_fin_vigencia reparada de 23-03-24 a 2024-03-23"
1150;sucursales_lugares.csv;Providencia;"fecha_inicio_vigencia reparada de 06-01-25 a 2025-01-06"
1150;sucursales_lugares.csv;Providencia;"fecha_fin_vigencia reparada de 07-03-25 a 2025-03-07"
1151;sucursales_lugares.csv;Providencia;"fecha_inicio_vigencia reparada de 13-11-25 a 2025-11-13"
1151;sucursales_lugares.csv;Providencia;"fecha_fin_vigencia reparada de 20-11-25 a 2025-11-20"
1152;sucursales_lugares.csv;Providencia;"fecha_inicio_vigencia reparada de 19-09-25 a 2025-09-19"
1152;sucursales_lugares.csv;Providencia;"fecha_fin_vigencia reparada de 18-12-25 a 2025-12-18"
1153;sucursales_lugares.csv;Providencia;"fecha_inicio_vigencia con formato incompleto o que no se pudo reparar, se reemplaza por nulo"
1153;sucursales_lugares.csv;Providencia;"fecha_fin_vigencia reparada de 13-10-24 a 2024-10-13"
1153;sucursales_lugares.csv;Providencia;"Fila enviada a ERR: precio debe ser un numero."
1154;sucursales_lugares.csv;"La Florida";"tipo_precio tiene valor no permitido mesa_hora, se deja nulo."
1154;sucursales_lugares.csv;"La Florida";"fecha_inicio_vigencia reparada de 07-01-25 a 2025-01-07"
1154;sucursales_lugares.csv;"La Florida";"fecha_fin_vigencia reparada de 14-01-25 a 2025-01-14"
1154;sucursales_lugares.csv;"La Florida";"Fila enviada a ERR: precio es obligatorio y viene nulo."
1155;sucursales_lugares.csv;"La Florida";"tipo_precio tiene valor no permitido mesa_hora, se deja nulo."
1155;sucursales_lugares.csv;"La Florida";"fecha_inicio_vigencia reparada de 13-05-24 a 2024-05-13"
1155;sucursales_lugares.csv;"La Florida";"fecha_fin_vigencia reparada de 12-06-24 a 2024-06-12"
1155;sucursales_lugares.csv;"La Florida";"Fila enviada a ERR: precio es obligatorio y viene nulo."
1156;sucursales_lugares.csv;"La Florida";"tipo_precio tiene valor no permitido mesa_hora, se deja nulo."
1156;sucursales_lugares.csv;"La Florida";"fecha_inicio_vigencia reparada de 22-02-25 a 2025-02-22"
1156;sucursales_lugares.csv;"La Florida";"fecha_fin_vigencia reparada de 23-05-25 a 2025-05-23"
1156;sucursales_lugares.csv;"La Florida";"Fila enviada a ERR: precio es obligatorio y viene nulo."
1157;sucursales_lugares.csv;"La Florida";"tipo_precio tiene valor no permitido mesa_hora, se deja nulo."
1157;sucursales_lugares.csv;"La Florida";"fecha_inicio_vigencia reparada de 26-05-25 a 2025-05-26"
1157;sucursales_lugares.csv;"La Florida";"fecha_fin_vigencia reparada de 24-08-25 a 2025-08-24"
1157;sucursales_lugares.csv;"La Florida";"Fila enviada a ERR: precio es obligatorio y viene nulo."
1158;sucursales_lugares.csv;"La Florida";"tipo_precio tiene valor no permitido mesa_hora, se deja nulo."
1158;sucursales_lugares.csv;"La Florida";"fecha_inicio_vigencia reparada de 10-07-25 a 2025-07-10"
1158;sucursales_lugares.csv;"La Florida";"fecha_fin_vigencia reparada de 09-08-25 a 2025-08-09"
1158;sucursales_lugares.csv;"La Florida";"Fila enviada a ERR: precio es obligatorio y viene nulo."
1159;sucursales_lugares.csv;"La Florida";"tipo_precio tiene valor no permitido mesa_hora, se deja nulo."
1159;sucursales_lugares.csv;"La Florida";"fecha_inicio_vigencia reparada de 24-01-24 a 2024-01-24"
1159;sucursales_lugares.csv;"La Florida";"fecha_fin_vigencia reparada de 23-04-24 a 2024-04-23"
1159;sucursales_lugares.csv;"La Florida";"Fila enviada a ERR: precio es obligatorio y viene nulo."
1160;sucursales_lugares.csv;"La Florida";"tipo_precio tiene valor no permitido mesa_hora, se deja nulo."
1160;sucursales_lugares.csv;"La Florida";"fecha_inicio_vigencia reparada de 30-05-25 a 2025-05-30"
1160;sucursales_lugares.csv;"La Florida";"fecha_fin_vigencia reparada de 28-08-25 a 2025-08-28"
1160;sucursales_lugares.csv;"La Florida";"Fila enviada a ERR: precio es obligatorio y viene nulo."
1161;sucursales_lugares.csv;"La Florida";"tipo_precio tiene valor no permitido mesa_hora, se deja nulo."
1161;sucursales_lugares.csv;"La Florida";"fecha_inicio_vigencia reparada de 27-08-25 a 2025-08-27"
1161;sucursales_lugares.csv;"La Florida";"fecha_fin_vigencia reparada de 26-09-25 a 2025-09-26"
1161;sucursales_lugares.csv;"La Florida";"Fila enviada a ERR: precio es obligatorio y viene nulo."
1162;sucursales_lugares.csv;"La Florida";"tipo_precio tiene valor no permitido mesa_hora, se deja nulo."
1162;sucursales_lugares.csv;"La Florida";"fecha_inicio_vigencia reparada de 03-02-24 a 2024-02-03"
1162;sucursales_lugares.csv;"La Florida";"fecha_fin_vigencia reparada de 03-04-24 a 2024-04-03"
1162;sucursales_lugares.csv;"La Florida";"Fila enviada a ERR: precio es obligatorio y viene nulo."
1163;sucursales_lugares.csv;"La Florida";"tipo_precio tiene valor no permitido mesa_hora, se deja nulo."
1163;sucursales_lugares.csv;"La Florida";"fecha_inicio_vigencia reparada de 02-07-24 a 2024-07-02"
1163;sucursales_lugares.csv;"La Florida";"fecha_fin_vigencia reparada de 01-08-24 a 2024-08-01"
1163;sucursales_lugares.csv;"La Florida";"Fila enviada a ERR: precio es obligatorio y viene nulo."
1164;sucursales_lugares.csv;"La Florida";"tipo_precio tiene valor no permitido mesa_hora, se deja nulo."
1164;sucursales_lugares.csv;"La Florida";"fecha_inicio_vigencia reparada de 15-04-24 a 2024-04-15"
1164;sucursales_lugares.csv;"La Florida";"fecha_fin_vigencia reparada de 22-04-24 a 2024-04-22"
1164;sucursales_lugares.csv;"La Florida";"Fila enviada a ERR: precio es obligatorio y viene nulo."
1165;sucursales_lugares.csv;"La Florida";"tipo_precio tiene valor no permitido mesa_hora, se deja nulo."
1165;sucursales_lugares.csv;"La Florida";"fecha_inicio_vigencia reparada de 25-05-24 a 2024-05-25"
1165;sucursales_lugares.csv;"La Florida";"fecha_fin_vigencia reparada de 24-06-24 a 2024-06-24"
1165;sucursales_lugares.csv;"La Florida";"Fila enviada a ERR: precio es obligatorio y viene nulo."
1166;sucursales_lugares.csv;"La Florida";"tipo_precio tiene valor no permitido mesa_hora, se deja nulo."
1166;sucursales_lugares.csv;"La Florida";"fecha_inicio_vigencia reparada de 06-06-24 a 2024-06-06"
1166;sucursales_lugares.csv;"La Florida";"fecha_fin_vigencia reparada de 13-06-24 a 2024-06-13"
1166;sucursales_lugares.csv;"La Florida";"Fila enviada a ERR: precio es obligatorio y viene nulo."
1167;sucursales_lugares.csv;"La Florida";"tipo_precio tiene valor no permitido mesa_hora, se deja nulo."
1167;sucursales_lugares.csv;"La Florida";"fecha_inicio_vigencia reparada de 03-12-24 a 2024-12-03"
1167;sucursales_lugares.csv;"La Florida";"fecha_fin_vigencia reparada de 17-12-24 a 2024-12-17"
1167;sucursales_lugares.csv;"La Florida";"Fila enviada a ERR: precio es obligatorio y viene nulo."
1168;sucursales_lugares.csv;"La Florida";"tipo_precio tiene valor no permitido mesa_hora, se deja nulo."
1168;sucursales_lugares.csv;"La Florida";"fecha_inicio_vigencia reparada de 11-11-24 a 2024-11-11"
1168;sucursales_lugares.csv;"La Florida";"fecha_fin_vigencia reparada de 18-11-24 a 2024-11-18"
1168;sucursales_lugares.csv;"La Florida";"Fila enviada a ERR: precio es obligatorio y viene nulo."
1169;sucursales_lugares.csv;"La Florida";"tipo_precio tiene valor no permitido mesa_hora, se deja nulo."
1169;sucursales_lugares.csv;"La Florida";"fecha_inicio_vigencia reparada de 18-09-24 a 2024-09-18"
1169;sucursales_lugares.csv;"La Florida";"fecha_fin_vigencia reparada de 17-11-24 a 2024-11-17"
1169;sucursales_lugares.csv;"La Florida";"Fila enviada a ERR: precio es obligatorio y viene nulo."
1170;sucursales_lugares.csv;"La Florida";"tipo_precio tiene valor no permitido linea_hora, se deja nulo."
1170;sucursales_lugares.csv;"La Florida";"fecha_inicio_vigencia reparada de 11-02-24 a 2024-02-11"
1170;sucursales_lugares.csv;"La Florida";"fecha_fin_vigencia reparada de 25-02-24 a 2024-02-25"
1171;sucursales_lugares.csv;"La Florida";"tipo_precio tiene valor no permitido linea_hora, se deja nulo."
1171;sucursales_lugares.csv;"La Florida";"fecha_inicio_vigencia reparada de 14-06-24 a 2024-06-14"
1171;sucursales_lugares.csv;"La Florida";"fecha_fin_vigencia reparada de 13-08-24 a 2024-08-13"
1172;sucursales_lugares.csv;"La Florida";"tipo_precio tiene valor no permitido linea_hora, se deja nulo."
1172;sucursales_lugares.csv;"La Florida";"fecha_inicio_vigencia con formato incompleto o que no se pudo reparar, se reemplaza por nulo"
1172;sucursales_lugares.csv;"La Florida";"fecha_fin_vigencia reparada de 22-03-24 a 2024-03-22"
1172;sucursales_lugares.csv;"La Florida";"Fila enviada a ERR: precio debe ser un numero."
1173;sucursales_lugares.csv;"La Florida";"tipo_precio tiene valor no permitido linea_hora, se deja nulo."
1173;sucursales_lugares.csv;"La Florida";"fecha_inicio_vigencia reparada de 04-05-24 a 2024-05-04"
1173;sucursales_lugares.csv;"La Florida";"fecha_fin_vigencia reparada de 11-05-24 a 2024-05-11"
1174;sucursales_lugares.csv;"La Florida";"tipo_precio tiene valor no permitido linea_hora, se deja nulo."
1174;sucursales_lugares.csv;"La Florida";"fecha_inicio_vigencia reparada de 01-10-25 a 2025-10-01"
1174;sucursales_lugares.csv;"La Florida";"fecha_fin_vigencia reparada de 30-11-25 a 2025-11-30"
1175;sucursales_lugares.csv;"La Florida";"tipo_precio tiene valor no permitido linea_hora, se deja nulo."
1175;sucursales_lugares.csv;"La Florida";"fecha_inicio_vigencia con formato incompleto o que no se pudo reparar, se reemplaza por nulo"
1175;sucursales_lugares.csv;"La Florida";"fecha_fin_vigencia reparada de 03-12-25 a 2025-12-03"
1176;sucursales_lugares.csv;"La Florida";"tipo_precio tiene valor no permitido linea_hora, se deja nulo."
1176;sucursales_lugares.csv;"La Florida";"fecha_inicio_vigencia reparada de 26-07-24 a 2024-07-26"
1176;sucursales_lugares.csv;"La Florida";"fecha_fin_vigencia reparada de 02-08-24 a 2024-08-02"
1177;sucursales_lugares.csv;"La Florida";"tipo_precio tiene valor no permitido linea_hora, se deja nulo."
1177;sucursales_lugares.csv;"La Florida";"fecha_inicio_vigencia reparada de 12-12-24 a 2024-12-12"
1177;sucursales_lugares.csv;"La Florida";"fecha_fin_vigencia reparada de 12-03-25 a 2025-03-12"
1178;sucursales_lugares.csv;"La Florida";"tipo_precio tiene valor no permitido linea_hora, se deja nulo."
1178;sucursales_lugares.csv;"La Florida";"fecha_inicio_vigencia reparada de 19-06-24 a 2024-06-19"
1178;sucursales_lugares.csv;"La Florida";"fecha_fin_vigencia reparada de 17-09-24 a 2024-09-17"
1179;sucursales_lugares.csv;"La Florida";"tipo_precio tiene valor no permitido linea_hora, se deja nulo."
1179;sucursales_lugares.csv;"La Florida";"fecha_inicio_vigencia con formato incompleto o que no se pudo reparar, se reemplaza por nulo"
1179;sucursales_lugares.csv;"La Florida";"fecha_fin_vigencia reparada de 05-09-24 a 2024-09-05"
1180;sucursales_lugares.csv;"La Florida";"tipo_precio tiene valor no permitido linea_hora, se deja nulo."
1180;sucursales_lugares.csv;"La Florida";"fecha_inicio_vigencia reparada de 28-03-25 a 2025-03-28"
1180;sucursales_lugares.csv;"La Florida";"fecha_fin_vigencia reparada de 27-05-25 a 2025-05-27"
1181;sucursales_lugares.csv;"La Florida";"tipo_precio tiene valor no permitido linea_hora, se deja nulo."
1181;sucursales_lugares.csv;"La Florida";"fecha_inicio_vigencia reparada de 19-03-25 a 2025-03-19"
1181;sucursales_lugares.csv;"La Florida";"fecha_fin_vigencia reparada de 17-06-25 a 2025-06-17"
1182;sucursales_lugares.csv;"La Florida";"tipo_precio tiene valor no permitido linea_hora, se deja nulo."
1182;sucursales_lugares.csv;"La Florida";"fecha_inicio_vigencia reparada de 22-06-25 a 2025-06-22"
1182;sucursales_lugares.csv;"La Florida";"fecha_fin_vigencia reparada de 21-08-25 a 2025-08-21"
1183;sucursales_lugares.csv;"La Florida";"tipo_precio tiene valor no permitido linea_hora, se deja nulo."
1183;sucursales_lugares.csv;"La Florida";"fecha_inicio_vigencia reparada de 16-02-25 a 2025-02-16"
1183;sucursales_lugares.csv;"La Florida";"fecha_fin_vigencia reparada de 17-05-25 a 2025-05-17"
1184;sucursales_lugares.csv;"La Florida";"tipo_precio tiene valor no permitido linea_hora, se deja nulo."
1184;sucursales_lugares.csv;"La Florida";"fecha_inicio_vigencia reparada de 03-10-24 a 2024-10-03"
1184;sucursales_lugares.csv;"La Florida";"fecha_fin_vigencia reparada de 10-10-24 a 2024-10-10"
1185;sucursales_lugares.csv;"La Florida";"tipo_precio tiene valor no permitido linea_hora, se deja nulo."
1185;sucursales_lugares.csv;"La Florida";"fecha_inicio_vigencia reparada de 10-03-24 a 2024-03-10"
1185;sucursales_lugares.csv;"La Florida";"fecha_fin_vigencia reparada de 09-05-24 a 2024-05-09"
1186;sucursales_lugares.csv;"La Florida";"tipo_precio tiene valor no permitido tramo, se deja nulo."
1186;sucursales_lugares.csv;"La Florida";"fecha_inicio_vigencia reparada de 15-05-24 a 2024-05-15"
1186;sucursales_lugares.csv;"La Florida";"fecha_fin_vigencia reparada de 13-08-24 a 2024-08-13"
1187;sucursales_lugares.csv;"La Florida";"tipo_precio tiene valor no permitido tramo, se deja nulo."
1187;sucursales_lugares.csv;"La Florida";"fecha_inicio_vigencia reparada de 03-05-25 a 2025-05-03"
1187;sucursales_lugares.csv;"La Florida";"fecha_fin_vigencia reparada de 10-05-25 a 2025-05-10"
1188;sucursales_lugares.csv;"La Florida";"tipo_precio reparado de dia a día"
1188;sucursales_lugares.csv;"La Florida";"fecha_inicio_vigencia reparada de 14-07-25 a 2025-07-14"
1188;sucursales_lugares.csv;"La Florida";"fecha_fin_vigencia reparada de 21-07-25 a 2025-07-21"
1189;sucursales_lugares.csv;"La Florida";"tipo_precio tiene valor no permitido tramo, se deja nulo."
1189;sucursales_lugares.csv;"La Florida";"fecha_inicio_vigencia reparada de 10-06-25 a 2025-06-10"
1189;sucursales_lugares.csv;"La Florida";"fecha_fin_vigencia reparada de 24-06-25 a 2025-06-24"
1190;sucursales_lugares.csv;"La Florida";"tipo_precio reparado de dia a día"
1190;sucursales_lugares.csv;"La Florida";"fecha_inicio_vigencia reparada de 27-06-24 a 2024-06-27"
1190;sucursales_lugares.csv;"La Florida";"fecha_fin_vigencia reparada de 25-09-24 a 2024-09-25"
1191;sucursales_lugares.csv;"La Florida";"tipo_precio reparado de dia a día"
1191;sucursales_lugares.csv;"La Florida";"fecha_inicio_vigencia reparada de 21-08-24 a 2024-08-21"
1191;sucursales_lugares.csv;"La Florida";"fecha_fin_vigencia reparada de 04-09-24 a 2024-09-04"
1192;sucursales_lugares.csv;"La Florida";"tipo_precio reparado de dia a día"
1192;sucursales_lugares.csv;"La Florida";"fecha_inicio_vigencia reparada de 12-06-25 a 2025-06-12"
1192;sucursales_lugares.csv;"La Florida";"fecha_fin_vigencia reparada de 26-06-25 a 2025-06-26"
1193;sucursales_lugares.csv;"La Florida";"tipo_precio reparado de dia a día"
1193;sucursales_lugares.csv;"La Florida";"fecha_inicio_vigencia reparada de 31-07-25 a 2025-07-31"
1193;sucursales_lugares.csv;"La Florida";"fecha_fin_vigencia reparada de 07-08-25 a 2025-08-07"
1194;sucursales_lugares.csv;"La Florida";"tipo_precio reparado de dia a día"
1194;sucursales_lugares.csv;"La Florida";"fecha_inicio_vigencia reparada de 27-04-25 a 2025-04-27"
1194;sucursales_lugares.csv;"La Florida";"fecha_fin_vigencia reparada de 11-05-25 a 2025-05-11"
1195;sucursales_lugares.csv;"La Florida";"tipo_precio reparado de dia a día"
1195;sucursales_lugares.csv;"La Florida";"fecha_inicio_vigencia reparada de 26-04-24 a 2024-04-26"
1195;sucursales_lugares.csv;"La Florida";"fecha_fin_vigencia reparada de 25-07-24 a 2024-07-25"
1196;sucursales_lugares.csv;"La Florida";"tipo_precio reparado de dia a día"
1196;sucursales_lugares.csv;"La Florida";"fecha_inicio_vigencia reparada de 04-06-25 a 2025-06-04"
1196;sucursales_lugares.csv;"La Florida";"fecha_fin_vigencia reparada de 04-07-25 a 2025-07-04"
1197;sucursales_lugares.csv;"La Florida";"tipo_precio reparado de dia a día"
1197;sucursales_lugares.csv;"La Florida";"fecha_inicio_vigencia con formato incompleto o que no se pudo reparar, se reemplaza por nulo"
1197;sucursales_lugares.csv;"La Florida";"fecha_fin_vigencia reparada de 07-05-24 a 2024-05-07"
1197;sucursales_lugares.csv;"La Florida";"Fila enviada a ERR: precio debe ser un numero."
1198;sucursales_lugares.csv;"La Florida";"tipo_precio reparado de dia a día"
1198;sucursales_lugares.csv;"La Florida";"fecha_inicio_vigencia reparada de 18-07-24 a 2024-07-18"
1198;sucursales_lugares.csv;"La Florida";"fecha_fin_vigencia reparada de 16-10-24 a 2024-10-16"
1199;sucursales_lugares.csv;"La Florida";"tipo_precio reparado de dia a día"
1199;sucursales_lugares.csv;"La Florida";"fecha_inicio_vigencia reparada de 10-09-24 a 2024-09-10"
1199;sucursales_lugares.csv;"La Florida";"fecha_fin_vigencia reparada de 17-09-24 a 2024-09-17"
1200;sucursales_lugares.csv;"La Florida";"tipo_precio reparado de dia a día"
1200;sucursales_lugares.csv;"La Florida";"fecha_inicio_vigencia reparada de 28-08-24 a 2024-08-28"
1200;sucursales_lugares.csv;"La Florida";"fecha_fin_vigencia reparada de 04-09-24 a 2024-09-04"
1201;sucursales_lugares.csv;"La Florida";"tipo_precio reparado de dia a día"
1201;sucursales_lugares.csv;"La Florida";"fecha_inicio_vigencia reparada de 30-06-24 a 2024-06-30"
1201;sucursales_lugares.csv;"La Florida";"fecha_fin_vigencia reparada de 14-07-24 a 2024-07-14"
1202;sucursales_lugares.csv;"La Florida";"tipo_precio reparado de dia a día"
1202;sucursales_lugares.csv;"La Florida";"fecha_inicio_vigencia reparada de 13-01-25 a 2025-01-13"
1202;sucursales_lugares.csv;"La Florida";"fecha_fin_vigencia reparada de 14-03-25 a 2025-03-14"
1203;sucursales_lugares.csv;"La Florida";"tipo_precio reparado de dia a día"
1203;sucursales_lugares.csv;"La Florida";"fecha_inicio_vigencia reparada de 19-01-25 a 2025-01-19"
1203;sucursales_lugares.csv;"La Florida";"fecha_fin_vigencia reparada de 18-02-25 a 2025-02-18"
1204;sucursales_lugares.csv;"La Florida";"tipo_precio reparado de dia a día"
1204;sucursales_lugares.csv;"La Florida";"fecha_inicio_vigencia reparada de 24-07-25 a 2025-07-24"
1204;sucursales_lugares.csv;"La Florida";"fecha_fin_vigencia reparada de 07-08-25 a 2025-08-07"
1205;sucursales_lugares.csv;"La Florida";"tipo_precio reparado de dia a día"
1205;sucursales_lugares.csv;"La Florida";"fecha_inicio_vigencia reparada de 12-08-25 a 2025-08-12"
1205;sucursales_lugares.csv;"La Florida";"fecha_fin_vigencia reparada de 11-09-25 a 2025-09-11"
1206;sucursales_lugares.csv;"La Florida";"tipo_precio reparado de dia a día"
1206;sucursales_lugares.csv;"La Florida";"fecha_inicio_vigencia reparada de 11-04-25 a 2025-04-11"
1206;sucursales_lugares.csv;"La Florida";"fecha_fin_vigencia reparada de 10-06-25 a 2025-06-10"
1207;sucursales_lugares.csv;"La Florida";"tipo_precio reparado de dia a día"
1207;sucursales_lugares.csv;"La Florida";"fecha_inicio_vigencia reparada de 22-02-25 a 2025-02-22"
1207;sucursales_lugares.csv;"La Florida";"fecha_fin_vigencia reparada de 24-03-25 a 2025-03-24"
1208;sucursales_lugares.csv;"La Florida";"tipo_precio reparado de dia a día"
1208;sucursales_lugares.csv;"La Florida";"fecha_inicio_vigencia reparada de 21-01-24 a 2024-01-21"
1208;sucursales_lugares.csv;"La Florida";"fecha_fin_vigencia reparada de 04-02-24 a 2024-02-04"
1209;sucursales_lugares.csv;"La Florida";"tipo_precio reparado de dia a día"
1209;sucursales_lugares.csv;"La Florida";"fecha_inicio_vigencia reparada de 01-08-24 a 2024-08-01"
1209;sucursales_lugares.csv;"La Florida";"fecha_fin_vigencia reparada de 08-08-24 a 2024-08-08"
1210;sucursales_lugares.csv;"La Florida";"fecha_inicio_vigencia reparada de 01-02-24 a 2024-02-01"
1210;sucursales_lugares.csv;"La Florida";"fecha_fin_vigencia reparada de 08-02-24 a 2024-02-08"
1211;sucursales_lugares.csv;"La Florida";"fecha_inicio_vigencia reparada de 01-12-24 a 2024-12-01"
1211;sucursales_lugares.csv;"La Florida";"fecha_fin_vigencia reparada de 01-03-25 a 2025-03-01"
1212;sucursales_lugares.csv;"La Florida";"fecha_inicio_vigencia reparada de 15-02-24 a 2024-02-15"
1212;sucursales_lugares.csv;"La Florida";"fecha_fin_vigencia reparada de 15-04-24 a 2024-04-15"
1213;sucursales_lugares.csv;"La Florida";"fecha_inicio_vigencia reparada de 10-10-24 a 2024-10-10"
1213;sucursales_lugares.csv;"La Florida";"fecha_fin_vigencia reparada de 09-11-24 a 2024-11-09"
1214;sucursales_lugares.csv;"La Florida";"fecha_inicio_vigencia reparada de 28-07-24 a 2024-07-28"
1214;sucursales_lugares.csv;"La Florida";"fecha_fin_vigencia reparada de 04-08-24 a 2024-08-04"
1215;sucursales_lugares.csv;"La Florida";"fecha_inicio_vigencia reparada de 30-07-24 a 2024-07-30"
1215;sucursales_lugares.csv;"La Florida";"fecha_fin_vigencia reparada de 29-08-24 a 2024-08-29"
1216;sucursales_lugares.csv;"La Florida";"fecha_inicio_vigencia reparada de 26-05-24 a 2024-05-26"
1216;sucursales_lugares.csv;"La Florida";"fecha_fin_vigencia reparada de 02-06-24 a 2024-06-02"
1217;sucursales_lugares.csv;"La Florida";"fecha_inicio_vigencia reparada de 03-01-25 a 2025-01-03"
1217;sucursales_lugares.csv;"La Florida";"fecha_fin_vigencia reparada de 03-04-25 a 2025-04-03"
1218;sucursales_lugares.csv;"Santa Cruz";"tipo_precio tiene valor no permitido mesa_hora, se deja nulo."
1218;sucursales_lugares.csv;"Santa Cruz";"fecha_inicio_vigencia reparada de 20-03-25 a 2025-03-20"
1218;sucursales_lugares.csv;"Santa Cruz";"fecha_fin_vigencia reparada de 27-03-25 a 2025-03-27"
1218;sucursales_lugares.csv;"Santa Cruz";"Fila enviada a ERR: precio es obligatorio y viene nulo."
1219;sucursales_lugares.csv;"Santa Cruz";"tipo_precio tiene valor no permitido mesa_hora, se deja nulo."
1219;sucursales_lugares.csv;"Santa Cruz";"fecha_inicio_vigencia reparada de 26-05-25 a 2025-05-26"
1219;sucursales_lugares.csv;"Santa Cruz";"fecha_fin_vigencia reparada de 02-06-25 a 2025-06-02"
1219;sucursales_lugares.csv;"Santa Cruz";"Fila enviada a ERR: precio es obligatorio y viene nulo."
1220;sucursales_lugares.csv;"Santa Cruz";"tipo_precio tiene valor no permitido mesa_hora, se deja nulo."
1220;sucursales_lugares.csv;"Santa Cruz";"fecha_inicio_vigencia reparada de 30-10-24 a 2024-10-30"
1220;sucursales_lugares.csv;"Santa Cruz";"fecha_fin_vigencia reparada de 06-11-24 a 2024-11-06"
1220;sucursales_lugares.csv;"Santa Cruz";"Fila enviada a ERR: precio es obligatorio y viene nulo."
1221;sucursales_lugares.csv;"Santa Cruz";"tipo_precio tiene valor no permitido mesa_hora, se deja nulo."
1221;sucursales_lugares.csv;"Santa Cruz";"fecha_inicio_vigencia reparada de 01-02-24 a 2024-02-01"
1221;sucursales_lugares.csv;"Santa Cruz";"fecha_fin_vigencia reparada de 08-02-24 a 2024-02-08"
1221;sucursales_lugares.csv;"Santa Cruz";"Fila enviada a ERR: precio es obligatorio y viene nulo."
1222;sucursales_lugares.csv;"Santa Cruz";"tipo_precio tiene valor no permitido mesa_hora, se deja nulo."
1222;sucursales_lugares.csv;"Santa Cruz";"fecha_inicio_vigencia reparada de 15-03-25 a 2025-03-15"
1222;sucursales_lugares.csv;"Santa Cruz";"fecha_fin_vigencia reparada de 13-06-25 a 2025-06-13"
1222;sucursales_lugares.csv;"Santa Cruz";"Fila enviada a ERR: precio es obligatorio y viene nulo."
1223;sucursales_lugares.csv;"Santa Cruz";"tipo_precio tiene valor no permitido mesa_hora, se deja nulo."
1223;sucursales_lugares.csv;"Santa Cruz";"fecha_inicio_vigencia reparada de 07-09-24 a 2024-09-07"
1223;sucursales_lugares.csv;"Santa Cruz";"fecha_fin_vigencia reparada de 06-12-24 a 2024-12-06"
1223;sucursales_lugares.csv;"Santa Cruz";"Fila enviada a ERR: precio es obligatorio y viene nulo."
1224;sucursales_lugares.csv;"Santa Cruz";"tipo_precio tiene valor no permitido mesa_hora, se deja nulo."
1224;sucursales_lugares.csv;"Santa Cruz";"fecha_inicio_vigencia reparada de 06-09-25 a 2025-09-06"
1224;sucursales_lugares.csv;"Santa Cruz";"fecha_fin_vigencia reparada de 05-11-25 a 2025-11-05"
1224;sucursales_lugares.csv;"Santa Cruz";"Fila enviada a ERR: precio es obligatorio y viene nulo."
1225;sucursales_lugares.csv;"Santa Cruz";"tipo_precio tiene valor no permitido mesa_hora, se deja nulo."
1225;sucursales_lugares.csv;"Santa Cruz";"fecha_inicio_vigencia reparada de 27-10-25 a 2025-10-27"
1225;sucursales_lugares.csv;"Santa Cruz";"fecha_fin_vigencia reparada de 25-01-26 a 2026-01-25"
1225;sucursales_lugares.csv;"Santa Cruz";"Fila enviada a ERR: precio es obligatorio y viene nulo."
1226;sucursales_lugares.csv;"Santa Cruz";"tipo_precio tiene valor no permitido mesa_hora, se deja nulo."
1226;sucursales_lugares.csv;"Santa Cruz";"fecha_inicio_vigencia reparada de 01-08-25 a 2025-08-01"
1226;sucursales_lugares.csv;"Santa Cruz";"fecha_fin_vigencia reparada de 30-10-25 a 2025-10-30"
1226;sucursales_lugares.csv;"Santa Cruz";"Fila enviada a ERR: precio es obligatorio y viene nulo."
1227;sucursales_lugares.csv;"Santa Cruz";"tipo_precio tiene valor no permitido mesa_hora, se deja nulo."
1227;sucursales_lugares.csv;"Santa Cruz";"fecha_inicio_vigencia reparada de 23-02-24 a 2024-02-23"
1227;sucursales_lugares.csv;"Santa Cruz";"fecha_fin_vigencia reparada de 01-03-24 a 2024-03-01"
1227;sucursales_lugares.csv;"Santa Cruz";"Fila enviada a ERR: precio es obligatorio y viene nulo."
1228;sucursales_lugares.csv;"Santa Cruz";"tipo_precio tiene valor no permitido mesa_hora, se deja nulo."
1228;sucursales_lugares.csv;"Santa Cruz";"fecha_inicio_vigencia con formato incompleto o que no se pudo reparar, se reemplaza por nulo"
1228;sucursales_lugares.csv;"Santa Cruz";"fecha_fin_vigencia reparada de 24-02-24 a 2024-02-24"
1228;sucursales_lugares.csv;"Santa Cruz";"Fila enviada a ERR: precio debe ser un numero."
1229;sucursales_lugares.csv;"Santa Cruz";"tipo_precio tiene valor no permitido mesa_hora, se deja nulo."
1229;sucursales_lugares.csv;"Santa Cruz";"fecha_inicio_vigencia reparada de 27-08-25 a 2025-08-27"
1229;sucursales_lugares.csv;"Santa Cruz";"fecha_fin_vigencia reparada de 26-10-25 a 2025-10-26"
1229;sucursales_lugares.csv;"Santa Cruz";"Fila enviada a ERR: precio es obligatorio y viene nulo."
1230;sucursales_lugares.csv;"Santa Cruz";"tipo_precio tiene valor no permitido mesa_hora, se deja nulo."
1230;sucursales_lugares.csv;"Santa Cruz";"fecha_inicio_vigencia reparada de 23-05-24 a 2024-05-23"
1230;sucursales_lugares.csv;"Santa Cruz";"fecha_fin_vigencia reparada de 22-07-24 a 2024-07-22"
1230;sucursales_lugares.csv;"Santa Cruz";"Fila enviada a ERR: precio es obligatorio y viene nulo."
1231;sucursales_lugares.csv;"Santa Cruz";"tipo_precio tiene valor no permitido mesa_hora, se deja nulo."
1231;sucursales_lugares.csv;"Santa Cruz";"fecha_inicio_vigencia reparada de 07-11-24 a 2024-11-07"
1231;sucursales_lugares.csv;"Santa Cruz";"fecha_fin_vigencia reparada de 14-11-24 a 2024-11-14"
1231;sucursales_lugares.csv;"Santa Cruz";"Fila enviada a ERR: precio es obligatorio y viene nulo."
1232;sucursales_lugares.csv;"Santa Cruz";"tipo_precio tiene valor no permitido mesa_hora, se deja nulo."
1232;sucursales_lugares.csv;"Santa Cruz";"fecha_inicio_vigencia reparada de 01-04-25 a 2025-04-01"
1232;sucursales_lugares.csv;"Santa Cruz";"fecha_fin_vigencia reparada de 15-04-25 a 2025-04-15"
1232;sucursales_lugares.csv;"Santa Cruz";"Fila enviada a ERR: precio es obligatorio y viene nulo."
1233;sucursales_lugares.csv;"Santa Cruz";"tipo_precio tiene valor no permitido mesa_hora, se deja nulo."
1233;sucursales_lugares.csv;"Santa Cruz";"fecha_inicio_vigencia reparada de 31-12-24 a 2024-12-31"
1233;sucursales_lugares.csv;"Santa Cruz";"fecha_fin_vigencia reparada de 30-01-25 a 2025-01-30"
1233;sucursales_lugares.csv;"Santa Cruz";"Fila enviada a ERR: precio es obligatorio y viene nulo."
1234;sucursales_lugares.csv;"Santa Cruz";"tipo_precio tiene valor no permitido linea_hora, se deja nulo."
1234;sucursales_lugares.csv;"Santa Cruz";"fecha_inicio_vigencia reparada de 21-07-25 a 2025-07-21"
1234;sucursales_lugares.csv;"Santa Cruz";"fecha_fin_vigencia reparada de 28-07-25 a 2025-07-28"
1235;sucursales_lugares.csv;"Santa Cruz";"tipo_precio tiene valor no permitido linea_hora, se deja nulo."
1235;sucursales_lugares.csv;"Santa Cruz";"fecha_inicio_vigencia con formato incompleto o que no se pudo reparar, se reemplaza por nulo"
1235;sucursales_lugares.csv;"Santa Cruz";"fecha_fin_vigencia reparada de 12-01-26 a 2026-01-12"
1236;sucursales_lugares.csv;"Santa Cruz";"tipo_precio tiene valor no permitido linea_hora, se deja nulo."
1236;sucursales_lugares.csv;"Santa Cruz";"fecha_inicio_vigencia reparada de 28-12-24 a 2024-12-28"
1236;sucursales_lugares.csv;"Santa Cruz";"fecha_fin_vigencia reparada de 28-03-25 a 2025-03-28"
1237;sucursales_lugares.csv;"Santa Cruz";"tipo_precio tiene valor no permitido linea_hora, se deja nulo."
1237;sucursales_lugares.csv;"Santa Cruz";"fecha_inicio_vigencia reparada de 25-05-25 a 2025-05-25"
1237;sucursales_lugares.csv;"Santa Cruz";"fecha_fin_vigencia reparada de 24-06-25 a 2025-06-24"
1238;sucursales_lugares.csv;"Santa Cruz";"tipo_precio tiene valor no permitido linea_hora, se deja nulo."
1238;sucursales_lugares.csv;"Santa Cruz";"fecha_inicio_vigencia reparada de 09-03-25 a 2025-03-09"
1238;sucursales_lugares.csv;"Santa Cruz";"fecha_fin_vigencia reparada de 08-05-25 a 2025-05-08"
1239;sucursales_lugares.csv;"Santa Cruz";"tipo_precio tiene valor no permitido linea_hora, se deja nulo."
1239;sucursales_lugares.csv;"Santa Cruz";"fecha_inicio_vigencia reparada de 16-01-25 a 2025-01-16"
1239;sucursales_lugares.csv;"Santa Cruz";"fecha_fin_vigencia reparada de 15-02-25 a 2025-02-15"
1240;sucursales_lugares.csv;"Santa Cruz";"tipo_precio tiene valor no permitido linea_hora, se deja nulo."
1240;sucursales_lugares.csv;"Santa Cruz";"fecha_inicio_vigencia reparada de 24-02-25 a 2025-02-24"
1240;sucursales_lugares.csv;"Santa Cruz";"fecha_fin_vigencia reparada de 25-05-25 a 2025-05-25"
1241;sucursales_lugares.csv;"Santa Cruz";"tipo_precio tiene valor no permitido linea_hora, se deja nulo."
1241;sucursales_lugares.csv;"Santa Cruz";"fecha_inicio_vigencia reparada de 23-01-24 a 2024-01-23"
1241;sucursales_lugares.csv;"Santa Cruz";"fecha_fin_vigencia reparada de 23-03-24 a 2024-03-23"
1242;sucursales_lugares.csv;"Santa Cruz";"tipo_precio tiene valor no permitido linea_hora, se deja nulo."
1242;sucursales_lugares.csv;"Santa Cruz";"fecha_inicio_vigencia reparada de 28-04-25 a 2025-04-28"
1242;sucursales_lugares.csv;"Santa Cruz";"fecha_fin_vigencia reparada de 27-06-25 a 2025-06-27"
1243;sucursales_lugares.csv;"Santa Cruz";"tipo_precio tiene valor no permitido linea_hora, se deja nulo."
1243;sucursales_lugares.csv;"Santa Cruz";"fecha_inicio_vigencia reparada de 29-10-25 a 2025-10-29"
1243;sucursales_lugares.csv;"Santa Cruz";"fecha_fin_vigencia reparada de 28-12-25 a 2025-12-28"
1244;sucursales_lugares.csv;"Santa Cruz";"tipo_precio tiene valor no permitido linea_hora, se deja nulo."
1244;sucursales_lugares.csv;"Santa Cruz";"fecha_inicio_vigencia reparada de 16-02-24 a 2024-02-16"
1244;sucursales_lugares.csv;"Santa Cruz";"fecha_fin_vigencia reparada de 16-05-24 a 2024-05-16"
1245;sucursales_lugares.csv;"Santa Cruz";"tipo_precio tiene valor no permitido linea_hora, se deja nulo."
1245;sucursales_lugares.csv;"Santa Cruz";"fecha_inicio_vigencia con formato incompleto o que no se pudo reparar, se reemplaza por nulo"
1245;sucursales_lugares.csv;"Santa Cruz";"fecha_fin_vigencia reparada de 30-07-24 a 2024-07-30"
1245;sucursales_lugares.csv;"Santa Cruz";"Fila enviada a ERR: precio debe ser un numero."
1246;sucursales_lugares.csv;"Santa Cruz";"tipo_precio tiene valor no permitido linea_hora, se deja nulo."
1246;sucursales_lugares.csv;"Santa Cruz";"fecha_inicio_vigencia reparada de 29-03-24 a 2024-03-29"
1246;sucursales_lugares.csv;"Santa Cruz";"fecha_fin_vigencia reparada de 28-04-24 a 2024-04-28"
1247;sucursales_lugares.csv;"Santa Cruz";"tipo_precio tiene valor no permitido linea_hora, se deja nulo."
1247;sucursales_lugares.csv;"Santa Cruz";"fecha_inicio_vigencia reparada de 01-02-24 a 2024-02-01"
1247;sucursales_lugares.csv;"Santa Cruz";"fecha_fin_vigencia reparada de 01-04-24 a 2024-04-01"
1248;sucursales_lugares.csv;"Santa Cruz";"tipo_precio tiene valor no permitido linea_hora, se deja nulo."
1248;sucursales_lugares.csv;"Santa Cruz";"fecha_inicio_vigencia reparada de 16-05-25 a 2025-05-16"
1248;sucursales_lugares.csv;"Santa Cruz";"fecha_fin_vigencia reparada de 23-05-25 a 2025-05-23"
1249;sucursales_lugares.csv;"Santa Cruz";"tipo_precio tiene valor no permitido linea_hora, se deja nulo."
1249;sucursales_lugares.csv;"Santa Cruz";"fecha_inicio_vigencia reparada de 21-12-24 a 2024-12-21"
1249;sucursales_lugares.csv;"Santa Cruz";"fecha_fin_vigencia reparada de 04-01-25 a 2025-01-04"
1250;sucursales_lugares.csv;"Santa Cruz";"tipo_precio reparado de dia a día"
1250;sucursales_lugares.csv;"Santa Cruz";"fecha_inicio_vigencia reparada de 17-04-25 a 2025-04-17"
1250;sucursales_lugares.csv;"Santa Cruz";"fecha_fin_vigencia reparada de 24-04-25 a 2025-04-24"
1251;sucursales_lugares.csv;"Santa Cruz";"tipo_precio tiene valor no permitido tramo, se deja nulo."
1251;sucursales_lugares.csv;"Santa Cruz";"fecha_inicio_vigencia con formato incompleto o que no se pudo reparar, se reemplaza por nulo"
1251;sucursales_lugares.csv;"Santa Cruz";"fecha_fin_vigencia reparada de 08-12-24 a 2024-12-08"
1252;sucursales_lugares.csv;"Santa Cruz";"tipo_precio tiene valor no permitido tramo, se deja nulo."
1252;sucursales_lugares.csv;"Santa Cruz";"fecha_inicio_vigencia reparada de 12-06-24 a 2024-06-12"
1252;sucursales_lugares.csv;"Santa Cruz";"fecha_fin_vigencia reparada de 11-08-24 a 2024-08-11"
1253;sucursales_lugares.csv;"Santa Cruz";"tipo_precio tiene valor no permitido tramo, se deja nulo."
1253;sucursales_lugares.csv;"Santa Cruz";"fecha_inicio_vigencia reparada de 05-03-25 a 2025-03-05"
1253;sucursales_lugares.csv;"Santa Cruz";"fecha_fin_vigencia reparada de 12-03-25 a 2025-03-12"
1254;sucursales_lugares.csv;"Santa Cruz";"tipo_precio reparado de dia a día"
1254;sucursales_lugares.csv;"Santa Cruz";"fecha_inicio_vigencia reparada de 12-07-24 a 2024-07-12"
1254;sucursales_lugares.csv;"Santa Cruz";"fecha_fin_vigencia reparada de 10-09-24 a 2024-09-10"
1255;sucursales_lugares.csv;"Santa Cruz";"tipo_precio reparado de dia a día"
1255;sucursales_lugares.csv;"Santa Cruz";"fecha_inicio_vigencia reparada de 18-07-24 a 2024-07-18"
1255;sucursales_lugares.csv;"Santa Cruz";"fecha_fin_vigencia reparada de 17-08-24 a 2024-08-17"
1256;sucursales_lugares.csv;"Santa Cruz";"tipo_precio reparado de dia a día"
1256;sucursales_lugares.csv;"Santa Cruz";"fecha_inicio_vigencia reparada de 15-02-24 a 2024-02-15"
1256;sucursales_lugares.csv;"Santa Cruz";"fecha_fin_vigencia reparada de 15-05-24 a 2024-05-15"
1257;sucursales_lugares.csv;"Santa Cruz";"tipo_precio reparado de dia a día"
1257;sucursales_lugares.csv;"Santa Cruz";"fecha_inicio_vigencia reparada de 16-05-24 a 2024-05-16"
1257;sucursales_lugares.csv;"Santa Cruz";"fecha_fin_vigencia reparada de 15-07-24 a 2024-07-15"
1258;sucursales_lugares.csv;"Santa Cruz";"tipo_precio reparado de dia a día"
1258;sucursales_lugares.csv;"Santa Cruz";"fecha_inicio_vigencia reparada de 27-07-25 a 2025-07-27"
1258;sucursales_lugares.csv;"Santa Cruz";"fecha_fin_vigencia reparada de 26-08-25 a 2025-08-26"
1259;sucursales_lugares.csv;"Santa Cruz";"tipo_precio reparado de dia a día"
1259;sucursales_lugares.csv;"Santa Cruz";"fecha_inicio_vigencia reparada de 06-01-25 a 2025-01-06"
1259;sucursales_lugares.csv;"Santa Cruz";"fecha_fin_vigencia reparada de 13-01-25 a 2025-01-13"
1260;sucursales_lugares.csv;"Santa Cruz";"tipo_precio reparado de dia a día"
1260;sucursales_lugares.csv;"Santa Cruz";"fecha_inicio_vigencia reparada de 19-06-25 a 2025-06-19"
1260;sucursales_lugares.csv;"Santa Cruz";"fecha_fin_vigencia reparada de 03-07-25 a 2025-07-03"
1261;sucursales_lugares.csv;"Santa Cruz";"tipo_precio reparado de dia a día"
1261;sucursales_lugares.csv;"Santa Cruz";"fecha_inicio_vigencia reparada de 02-05-25 a 2025-05-02"
1261;sucursales_lugares.csv;"Santa Cruz";"fecha_fin_vigencia reparada de 31-07-25 a 2025-07-31"
1262;sucursales_lugares.csv;"Santa Cruz";"tipo_precio reparado de dia a día"
1262;sucursales_lugares.csv;"Santa Cruz";"fecha_inicio_vigencia reparada de 13-08-24 a 2024-08-13"
1262;sucursales_lugares.csv;"Santa Cruz";"fecha_fin_vigencia reparada de 27-08-24 a 2024-08-27"
1263;sucursales_lugares.csv;"Santa Cruz";"tipo_precio reparado de dia a día"
1263;sucursales_lugares.csv;"Santa Cruz";"fecha_inicio_vigencia reparada de 16-06-24 a 2024-06-16"
1263;sucursales_lugares.csv;"Santa Cruz";"fecha_fin_vigencia reparada de 16-07-24 a 2024-07-16"
1264;sucursales_lugares.csv;"Santa Cruz";"tipo_precio reparado de dia a día"
1264;sucursales_lugares.csv;"Santa Cruz";"fecha_inicio_vigencia reparada de 22-02-24 a 2024-02-22"
1264;sucursales_lugares.csv;"Santa Cruz";"fecha_fin_vigencia reparada de 07-03-24 a 2024-03-07"
1265;sucursales_lugares.csv;"Santa Cruz";"tipo_precio reparado de dia a día"
1265;sucursales_lugares.csv;"Santa Cruz";"fecha_inicio_vigencia reparada de 07-06-25 a 2025-06-07"
1265;sucursales_lugares.csv;"Santa Cruz";"fecha_fin_vigencia reparada de 07-07-25 a 2025-07-07"
1266;sucursales_lugares.csv;"Santa Cruz";"tipo_precio reparado de dia a día"
1266;sucursales_lugares.csv;"Santa Cruz";"fecha_inicio_vigencia reparada de 02-06-25 a 2025-06-02"
1266;sucursales_lugares.csv;"Santa Cruz";"fecha_fin_vigencia reparada de 16-06-25 a 2025-06-16"
1267;sucursales_lugares.csv;"Santa Cruz";"tipo_precio reparado de dia a día"
1267;sucursales_lugares.csv;"Santa Cruz";"fecha_inicio_vigencia reparada de 02-04-25 a 2025-04-02"
1267;sucursales_lugares.csv;"Santa Cruz";"fecha_fin_vigencia reparada de 16-04-25 a 2025-04-16"
1268;sucursales_lugares.csv;"Santa Cruz";"tipo_precio reparado de dia a día"
1268;sucursales_lugares.csv;"Santa Cruz";"fecha_inicio_vigencia reparada de 05-11-24 a 2024-11-05"
1268;sucursales_lugares.csv;"Santa Cruz";"fecha_fin_vigencia reparada de 03-02-25 a 2025-02-03"
1269;sucursales_lugares.csv;"Santa Cruz";"tipo_precio reparado de dia a día"
1269;sucursales_lugares.csv;"Santa Cruz";"fecha_inicio_vigencia reparada de 16-04-25 a 2025-04-16"
1269;sucursales_lugares.csv;"Santa Cruz";"fecha_fin_vigencia reparada de 15-07-25 a 2025-07-15"
1270;sucursales_lugares.csv;"Santa Cruz";"tipo_precio reparado de dia a día"
1270;sucursales_lugares.csv;"Santa Cruz";"fecha_inicio_vigencia reparada de 02-10-25 a 2025-10-02"
1270;sucursales_lugares.csv;"Santa Cruz";"fecha_fin_vigencia reparada de 31-12-25 a 2025-12-31"
1271;sucursales_lugares.csv;"Santa Cruz";"tipo_precio reparado de dia a día"
1271;sucursales_lugares.csv;"Santa Cruz";"fecha_inicio_vigencia reparada de 22-09-25 a 2025-09-22"
1271;sucursales_lugares.csv;"Santa Cruz";"fecha_fin_vigencia reparada de 21-12-25 a 2025-12-21"
1272;sucursales_lugares.csv;"Santa Cruz";"tipo_precio reparado de dia a día"
1272;sucursales_lugares.csv;"Santa Cruz";"fecha_inicio_vigencia reparada de 21-04-24 a 2024-04-21"
1272;sucursales_lugares.csv;"Santa Cruz";"fecha_fin_vigencia reparada de 20-07-24 a 2024-07-20"
1273;sucursales_lugares.csv;"Santa Cruz";"tipo_precio reparado de dia a día"
1273;sucursales_lugares.csv;"Santa Cruz";"fecha_inicio_vigencia reparada de 03-08-24 a 2024-08-03"
1273;sucursales_lugares.csv;"Santa Cruz";"fecha_fin_vigencia reparada de 10-08-24 a 2024-08-10"
1274;sucursales_lugares.csv;"Santa Cruz";"fecha_inicio_vigencia reparada de 29-12-24 a 2024-12-29"
1274;sucursales_lugares.csv;"Santa Cruz";"fecha_fin_vigencia reparada de 29-03-25 a 2025-03-29"
1275;sucursales_lugares.csv;"Santa Cruz";"fecha_inicio_vigencia reparada de 22-03-25 a 2025-03-22"
1275;sucursales_lugares.csv;"Santa Cruz";"fecha_fin_vigencia reparada de 20-06-25 a 2025-06-20"
1276;sucursales_lugares.csv;"Santa Cruz";"fecha_inicio_vigencia reparada de 01-10-24 a 2024-10-01"
1276;sucursales_lugares.csv;"Santa Cruz";"fecha_fin_vigencia reparada de 31-10-24 a 2024-10-31"
1277;sucursales_lugares.csv;"Santa Cruz";"fecha_inicio_vigencia reparada de 21-10-24 a 2024-10-21"
1277;sucursales_lugares.csv;"Santa Cruz";"fecha_fin_vigencia reparada de 20-11-24 a 2024-11-20"
1278;sucursales_lugares.csv;"Santa Cruz";"fecha_inicio_vigencia reparada de 29-08-25 a 2025-08-29"
1278;sucursales_lugares.csv;"Santa Cruz";"fecha_fin_vigencia reparada de 12-09-25 a 2025-09-12"
1279;sucursales_lugares.csv;"Santa Cruz";"fecha_inicio_vigencia reparada de 26-09-25 a 2025-09-26"
1279;sucursales_lugares.csv;"Santa Cruz";"fecha_fin_vigencia reparada de 25-11-25 a 2025-11-25"
1280;sucursales_lugares.csv;"Santa Cruz";"fecha_inicio_vigencia reparada de 16-10-24 a 2024-10-16"
1280;sucursales_lugares.csv;"Santa Cruz";"fecha_fin_vigencia reparada de 14-01-25 a 2025-01-14"
1281;sucursales_lugares.csv;"Santa Cruz";"fecha_inicio_vigencia reparada de 21-08-24 a 2024-08-21"
1281;sucursales_lugares.csv;"Santa Cruz";"fecha_fin_vigencia reparada de 20-09-24 a 2024-09-20"
1282;sucursales_lugares.csv;"Santiago Centro";"tipo_precio tiene valor no permitido mesa_hora, se deja nulo."
1282;sucursales_lugares.csv;"Santiago Centro";"fecha_inicio_vigencia reparada de 20-01-24 a 2024-01-20"
1282;sucursales_lugares.csv;"Santiago Centro";"fecha_fin_vigencia reparada de 19-04-24 a 2024-04-19"
1282;sucursales_lugares.csv;"Santiago Centro";"Fila enviada a ERR: precio es obligatorio y viene nulo."
1283;sucursales_lugares.csv;"Santiago Centro";"tipo_precio tiene valor no permitido mesa_hora, se deja nulo."
1283;sucursales_lugares.csv;"Santiago Centro";"fecha_inicio_vigencia reparada de 17-10-24 a 2024-10-17"
1283;sucursales_lugares.csv;"Santiago Centro";"fecha_fin_vigencia reparada de 16-12-24 a 2024-12-16"
1283;sucursales_lugares.csv;"Santiago Centro";"Fila enviada a ERR: precio es obligatorio y viene nulo."
1284;sucursales_lugares.csv;"Santiago Centro";"tipo_precio tiene valor no permitido mesa_hora, se deja nulo."
1284;sucursales_lugares.csv;"Santiago Centro";"fecha_inicio_vigencia reparada de 01-03-24 a 2024-03-01"
1284;sucursales_lugares.csv;"Santiago Centro";"fecha_fin_vigencia reparada de 30-04-24 a 2024-04-30"
1284;sucursales_lugares.csv;"Santiago Centro";"Fila enviada a ERR: precio es obligatorio y viene nulo."
1285;sucursales_lugares.csv;"Santiago Centro";"tipo_precio tiene valor no permitido mesa_hora, se deja nulo."
1285;sucursales_lugares.csv;"Santiago Centro";"fecha_inicio_vigencia reparada de 20-08-25 a 2025-08-20"
1285;sucursales_lugares.csv;"Santiago Centro";"fecha_fin_vigencia reparada de 19-09-25 a 2025-09-19"
1285;sucursales_lugares.csv;"Santiago Centro";"Fila enviada a ERR: precio es obligatorio y viene nulo."
1286;sucursales_lugares.csv;"Santiago Centro";"tipo_precio tiene valor no permitido mesa_hora, se deja nulo."
1286;sucursales_lugares.csv;"Santiago Centro";"fecha_inicio_vigencia reparada de 17-11-25 a 2025-11-17"
1286;sucursales_lugares.csv;"Santiago Centro";"fecha_fin_vigencia reparada de 17-12-25 a 2025-12-17"
1286;sucursales_lugares.csv;"Santiago Centro";"Fila enviada a ERR: precio es obligatorio y viene nulo."
1287;sucursales_lugares.csv;"Santiago Centro";"tipo_precio tiene valor no permitido mesa_hora, se deja nulo."
1287;sucursales_lugares.csv;"Santiago Centro";"fecha_inicio_vigencia reparada de 16-11-25 a 2025-11-16"
1287;sucursales_lugares.csv;"Santiago Centro";"fecha_fin_vigencia reparada de 16-12-25 a 2025-12-16"
1287;sucursales_lugares.csv;"Santiago Centro";"Fila enviada a ERR: precio es obligatorio y viene nulo."
1288;sucursales_lugares.csv;"Santiago Centro";"tipo_precio tiene valor no permitido mesa_hora, se deja nulo."
1288;sucursales_lugares.csv;"Santiago Centro";"fecha_inicio_vigencia reparada de 05-10-25 a 2025-10-05"
1288;sucursales_lugares.csv;"Santiago Centro";"fecha_fin_vigencia reparada de 04-11-25 a 2025-11-04"
1288;sucursales_lugares.csv;"Santiago Centro";"Fila enviada a ERR: precio es obligatorio y viene nulo."
1289;sucursales_lugares.csv;"Santiago Centro";"tipo_precio tiene valor no permitido mesa_hora, se deja nulo."
1289;sucursales_lugares.csv;"Santiago Centro";"fecha_inicio_vigencia reparada de 08-05-24 a 2024-05-08"
1289;sucursales_lugares.csv;"Santiago Centro";"fecha_fin_vigencia reparada de 07-06-24 a 2024-06-07"
1289;sucursales_lugares.csv;"Santiago Centro";"Fila enviada a ERR: precio es obligatorio y viene nulo."
1290;sucursales_lugares.csv;"Santiago Centro";"tipo_precio tiene valor no permitido mesa_hora, se deja nulo."
1290;sucursales_lugares.csv;"Santiago Centro";"fecha_inicio_vigencia reparada de 23-04-24 a 2024-04-23"
1290;sucursales_lugares.csv;"Santiago Centro";"fecha_fin_vigencia reparada de 22-06-24 a 2024-06-22"
1290;sucursales_lugares.csv;"Santiago Centro";"Fila enviada a ERR: precio es obligatorio y viene nulo."
1291;sucursales_lugares.csv;"Santiago Centro";"tipo_precio tiene valor no permitido mesa_hora, se deja nulo."
1291;sucursales_lugares.csv;"Santiago Centro";"fecha_inicio_vigencia reparada de 11-03-24 a 2024-03-11"
1291;sucursales_lugares.csv;"Santiago Centro";"fecha_fin_vigencia reparada de 25-03-24 a 2024-03-25"
1291;sucursales_lugares.csv;"Santiago Centro";"Fila enviada a ERR: precio es obligatorio y viene nulo."
1292;sucursales_lugares.csv;"Santiago Centro";"tipo_precio tiene valor no permitido mesa_hora, se deja nulo."
1292;sucursales_lugares.csv;"Santiago Centro";"fecha_inicio_vigencia reparada de 17-01-24 a 2024-01-17"
1292;sucursales_lugares.csv;"Santiago Centro";"fecha_fin_vigencia reparada de 31-01-24 a 2024-01-31"
1292;sucursales_lugares.csv;"Santiago Centro";"Fila enviada a ERR: precio es obligatorio y viene nulo."
1293;sucursales_lugares.csv;"Santiago Centro";"tipo_precio tiene valor no permitido mesa_hora, se deja nulo."
1293;sucursales_lugares.csv;"Santiago Centro";"fecha_inicio_vigencia reparada de 04-12-24 a 2024-12-04"
1293;sucursales_lugares.csv;"Santiago Centro";"fecha_fin_vigencia reparada de 03-01-25 a 2025-01-03"
1293;sucursales_lugares.csv;"Santiago Centro";"Fila enviada a ERR: precio es obligatorio y viene nulo."
1294;sucursales_lugares.csv;"Santiago Centro";"tipo_precio tiene valor no permitido mesa_hora, se deja nulo."
1294;sucursales_lugares.csv;"Santiago Centro";"fecha_inicio_vigencia reparada de 09-03-24 a 2024-03-09"
1294;sucursales_lugares.csv;"Santiago Centro";"fecha_fin_vigencia reparada de 07-06-24 a 2024-06-07"
1294;sucursales_lugares.csv;"Santiago Centro";"Fila enviada a ERR: precio es obligatorio y viene nulo."
1295;sucursales_lugares.csv;"Santiago Centro";"tipo_precio tiene valor no permitido mesa_hora, se deja nulo."
1295;sucursales_lugares.csv;"Santiago Centro";"fecha_inicio_vigencia reparada de 16-07-24 a 2024-07-16"
1295;sucursales_lugares.csv;"Santiago Centro";"fecha_fin_vigencia reparada de 14-09-24 a 2024-09-14"
1295;sucursales_lugares.csv;"Santiago Centro";"Fila enviada a ERR: precio es obligatorio y viene nulo."
1296;sucursales_lugares.csv;"Santiago Centro";"tipo_precio tiene valor no permitido mesa_hora, se deja nulo."
1296;sucursales_lugares.csv;"Santiago Centro";"fecha_inicio_vigencia reparada de 10-07-25 a 2025-07-10"
1296;sucursales_lugares.csv;"Santiago Centro";"fecha_fin_vigencia reparada de 24-07-25 a 2025-07-24"
1296;sucursales_lugares.csv;"Santiago Centro";"Fila enviada a ERR: precio es obligatorio y viene nulo."
1297;sucursales_lugares.csv;"Santiago Centro";"tipo_precio tiene valor no permitido mesa_hora, se deja nulo."
1297;sucursales_lugares.csv;"Santiago Centro";"fecha_inicio_vigencia reparada de 02-08-24 a 2024-08-02"
1297;sucursales_lugares.csv;"Santiago Centro";"fecha_fin_vigencia reparada de 31-10-24 a 2024-10-31"
1297;sucursales_lugares.csv;"Santiago Centro";"Fila enviada a ERR: precio es obligatorio y viene nulo."
1298;sucursales_lugares.csv;"Santiago Centro";"tipo_precio tiene valor no permitido linea_hora, se deja nulo."
1298;sucursales_lugares.csv;"Santiago Centro";"fecha_inicio_vigencia reparada de 09-09-25 a 2025-09-09"
1298;sucursales_lugares.csv;"Santiago Centro";"fecha_fin_vigencia reparada de 08-12-25 a 2025-12-08"
1299;sucursales_lugares.csv;"Santiago Centro";"tipo_precio tiene valor no permitido linea_hora, se deja nulo."
1299;sucursales_lugares.csv;"Santiago Centro";"fecha_inicio_vigencia reparada de 04-06-24 a 2024-06-04"
1299;sucursales_lugares.csv;"Santiago Centro";"fecha_fin_vigencia reparada de 02-09-24 a 2024-09-02"
1300;sucursales_lugares.csv;"Santiago Centro";"tipo_precio tiene valor no permitido linea_hora, se deja nulo."
1300;sucursales_lugares.csv;"Santiago Centro";"fecha_inicio_vigencia reparada de 22-10-24 a 2024-10-22"
1300;sucursales_lugares.csv;"Santiago Centro";"fecha_fin_vigencia reparada de 21-11-24 a 2024-11-21"
1301;sucursales_lugares.csv;"Santiago Centro";"tipo_precio tiene valor no permitido linea_hora, se deja nulo."
1301;sucursales_lugares.csv;"Santiago Centro";"fecha_inicio_vigencia reparada de 19-02-25 a 2025-02-19"
1301;sucursales_lugares.csv;"Santiago Centro";"fecha_fin_vigencia reparada de 20-04-25 a 2025-04-20"
1302;sucursales_lugares.csv;"Santiago Centro";"tipo_precio tiene valor no permitido linea_hora, se deja nulo."
1302;sucursales_lugares.csv;"Santiago Centro";"fecha_inicio_vigencia reparada de 16-05-24 a 2024-05-16"
1302;sucursales_lugares.csv;"Santiago Centro";"fecha_fin_vigencia reparada de 30-05-24 a 2024-05-30"
1303;sucursales_lugares.csv;"Santiago Centro";"tipo_precio tiene valor no permitido linea_hora, se deja nulo."
1303;sucursales_lugares.csv;"Santiago Centro";"fecha_inicio_vigencia con formato incompleto o que no se pudo reparar, se reemplaza por nulo"
1303;sucursales_lugares.csv;"Santiago Centro";"fecha_fin_vigencia reparada de 30-01-24 a 2024-01-30"
1304;sucursales_lugares.csv;"Santiago Centro";"tipo_precio tiene valor no permitido linea_hora, se deja nulo."
1304;sucursales_lugares.csv;"Santiago Centro";"fecha_inicio_vigencia reparada de 16-08-24 a 2024-08-16"
1304;sucursales_lugares.csv;"Santiago Centro";"fecha_fin_vigencia reparada de 30-08-24 a 2024-08-30"
1305;sucursales_lugares.csv;"Santiago Centro";"tipo_precio tiene valor no permitido linea_hora, se deja nulo."
1305;sucursales_lugares.csv;"Santiago Centro";"fecha_inicio_vigencia reparada de 21-04-24 a 2024-04-21"
1305;sucursales_lugares.csv;"Santiago Centro";"fecha_fin_vigencia reparada de 21-05-24 a 2024-05-21"
1306;sucursales_lugares.csv;"Santiago Centro";"tipo_precio tiene valor no permitido linea_hora, se deja nulo."
1306;sucursales_lugares.csv;"Santiago Centro";"fecha_inicio_vigencia reparada de 13-03-25 a 2025-03-13"
1306;sucursales_lugares.csv;"Santiago Centro";"fecha_fin_vigencia reparada de 11-06-25 a 2025-06-11"
1307;sucursales_lugares.csv;"Santiago Centro";"tipo_precio tiene valor no permitido linea_hora, se deja nulo."
1307;sucursales_lugares.csv;"Santiago Centro";"fecha_inicio_vigencia reparada de 27-10-24 a 2024-10-27"
1307;sucursales_lugares.csv;"Santiago Centro";"fecha_fin_vigencia reparada de 26-12-24 a 2024-12-26"
1308;sucursales_lugares.csv;"Santiago Centro";"tipo_precio tiene valor no permitido linea_hora, se deja nulo."
1308;sucursales_lugares.csv;"Santiago Centro";"fecha_inicio_vigencia reparada de 07-04-24 a 2024-04-07"
1308;sucursales_lugares.csv;"Santiago Centro";"fecha_fin_vigencia reparada de 07-05-24 a 2024-05-07"
1309;sucursales_lugares.csv;"Santiago Centro";"tipo_precio tiene valor no permitido linea_hora, se deja nulo."
1309;sucursales_lugares.csv;"Santiago Centro";"fecha_inicio_vigencia reparada de 25-04-25 a 2025-04-25"
1309;sucursales_lugares.csv;"Santiago Centro";"fecha_fin_vigencia reparada de 09-05-25 a 2025-05-09"
1310;sucursales_lugares.csv;"Santiago Centro";"tipo_precio tiene valor no permitido linea_hora, se deja nulo."
1310;sucursales_lugares.csv;"Santiago Centro";"fecha_inicio_vigencia reparada de 15-10-24 a 2024-10-15"
1310;sucursales_lugares.csv;"Santiago Centro";"fecha_fin_vigencia reparada de 13-01-25 a 2025-01-13"
1311;sucursales_lugares.csv;"Santiago Centro";"tipo_precio tiene valor no permitido linea_hora, se deja nulo."
1311;sucursales_lugares.csv;"Santiago Centro";"fecha_inicio_vigencia reparada de 31-03-24 a 2024-03-31"
1311;sucursales_lugares.csv;"Santiago Centro";"fecha_fin_vigencia reparada de 30-04-24 a 2024-04-30"
1312;sucursales_lugares.csv;"Santiago Centro";"tipo_precio tiene valor no permitido linea_hora, se deja nulo."
1312;sucursales_lugares.csv;"Santiago Centro";"fecha_inicio_vigencia reparada de 15-05-24 a 2024-05-15"
1312;sucursales_lugares.csv;"Santiago Centro";"fecha_fin_vigencia reparada de 13-08-24 a 2024-08-13"
1313;sucursales_lugares.csv;"Santiago Centro";"tipo_precio tiene valor no permitido linea_hora, se deja nulo."
1313;sucursales_lugares.csv;"Santiago Centro";"fecha_inicio_vigencia reparada de 08-05-25 a 2025-05-08"
1313;sucursales_lugares.csv;"Santiago Centro";"fecha_fin_vigencia reparada de 22-05-25 a 2025-05-22"
1314;sucursales_lugares.csv;"Santiago Centro";"tipo_precio tiene valor no permitido tramo, se deja nulo."
1314;sucursales_lugares.csv;"Santiago Centro";"fecha_inicio_vigencia reparada de 05-02-24 a 2024-02-05"
1314;sucursales_lugares.csv;"Santiago Centro";"fecha_fin_vigencia reparada de 05-05-24 a 2024-05-05"
1315;sucursales_lugares.csv;"Santiago Centro";"tipo_precio reparado de dia a día"
1315;sucursales_lugares.csv;"Santiago Centro";"fecha_inicio_vigencia reparada de 10-01-24 a 2024-01-10"
1315;sucursales_lugares.csv;"Santiago Centro";"fecha_fin_vigencia reparada de 24-01-24 a 2024-01-24"
1316;sucursales_lugares.csv;"Santiago Centro";"tipo_precio reparado de dia a día"
1316;sucursales_lugares.csv;"Santiago Centro";"fecha_inicio_vigencia reparada de 26-01-24 a 2024-01-26"
1316;sucursales_lugares.csv;"Santiago Centro";"fecha_fin_vigencia reparada de 26-03-24 a 2024-03-26"
1317;sucursales_lugares.csv;"Santiago Centro";"tipo_precio tiene valor no permitido tramo, se deja nulo."
1317;sucursales_lugares.csv;"Santiago Centro";"fecha_inicio_vigencia reparada de 03-10-24 a 2024-10-03"
1317;sucursales_lugares.csv;"Santiago Centro";"fecha_fin_vigencia reparada de 02-12-24 a 2024-12-02"
1318;sucursales_lugares.csv;"Santiago Centro";"tipo_precio reparado de dia a día"
1318;sucursales_lugares.csv;"Santiago Centro";"fecha_inicio_vigencia reparada de 17-12-24 a 2024-12-17"
1318;sucursales_lugares.csv;"Santiago Centro";"fecha_fin_vigencia reparada de 31-12-24 a 2024-12-31"
1319;sucursales_lugares.csv;"Santiago Centro";"tipo_precio reparado de dia a día"
1319;sucursales_lugares.csv;"Santiago Centro";"fecha_inicio_vigencia reparada de 28-01-25 a 2025-01-28"
1319;sucursales_lugares.csv;"Santiago Centro";"fecha_fin_vigencia reparada de 28-04-25 a 2025-04-28"
1320;sucursales_lugares.csv;"Santiago Centro";"tipo_precio reparado de dia a día"
1320;sucursales_lugares.csv;"Santiago Centro";"fecha_inicio_vigencia reparada de 14-10-25 a 2025-10-14"
1320;sucursales_lugares.csv;"Santiago Centro";"fecha_fin_vigencia reparada de 13-12-25 a 2025-12-13"
1321;sucursales_lugares.csv;"Santiago Centro";"tipo_precio reparado de dia a día"
1321;sucursales_lugares.csv;"Santiago Centro";"fecha_inicio_vigencia con formato incompleto o que no se pudo reparar, se reemplaza por nulo"
1321;sucursales_lugares.csv;"Santiago Centro";"fecha_fin_vigencia reparada de 15-12-24 a 2024-12-15"
1322;sucursales_lugares.csv;"Santiago Centro";"tipo_precio reparado de dia a día"
1322;sucursales_lugares.csv;"Santiago Centro";"fecha_inicio_vigencia reparada de 19-01-25 a 2025-01-19"
1322;sucursales_lugares.csv;"Santiago Centro";"fecha_fin_vigencia reparada de 02-02-25 a 2025-02-02"
1323;sucursales_lugares.csv;"Santiago Centro";"tipo_precio reparado de dia a día"
1323;sucursales_lugares.csv;"Santiago Centro";"fecha_inicio_vigencia reparada de 22-11-25 a 2025-11-22"
1323;sucursales_lugares.csv;"Santiago Centro";"fecha_fin_vigencia reparada de 22-12-25 a 2025-12-22"
1324;sucursales_lugares.csv;"Santiago Centro";"tipo_precio reparado de dia a día"
1324;sucursales_lugares.csv;"Santiago Centro";"fecha_inicio_vigencia reparada de 02-04-25 a 2025-04-02"
1324;sucursales_lugares.csv;"Santiago Centro";"fecha_fin_vigencia reparada de 02-05-25 a 2025-05-02"
1325;sucursales_lugares.csv;"Santiago Centro";"tipo_precio reparado de dia a día"
1325;sucursales_lugares.csv;"Santiago Centro";"fecha_inicio_vigencia reparada de 16-04-25 a 2025-04-16"
1325;sucursales_lugares.csv;"Santiago Centro";"fecha_fin_vigencia reparada de 15-07-25 a 2025-07-15"
1326;sucursales_lugares.csv;"Santiago Centro";"tipo_precio reparado de dia a día"
1326;sucursales_lugares.csv;"Santiago Centro";"fecha_inicio_vigencia reparada de 25-11-25 a 2025-11-25"
1326;sucursales_lugares.csv;"Santiago Centro";"fecha_fin_vigencia reparada de 24-01-26 a 2026-01-24"
1327;sucursales_lugares.csv;"Santiago Centro";"tipo_precio reparado de dia a día"
1327;sucursales_lugares.csv;"Santiago Centro";"fecha_inicio_vigencia reparada de 22-01-24 a 2024-01-22"
1327;sucursales_lugares.csv;"Santiago Centro";"fecha_fin_vigencia reparada de 21-02-24 a 2024-02-21"
1328;sucursales_lugares.csv;"Santiago Centro";"tipo_precio reparado de dia a día"
1328;sucursales_lugares.csv;"Santiago Centro";"fecha_inicio_vigencia reparada de 21-10-25 a 2025-10-21"
1328;sucursales_lugares.csv;"Santiago Centro";"fecha_fin_vigencia reparada de 20-11-25 a 2025-11-20"
1329;sucursales_lugares.csv;"Santiago Centro";"tipo_precio reparado de dia a día"
1329;sucursales_lugares.csv;"Santiago Centro";"fecha_inicio_vigencia reparada de 12-03-24 a 2024-03-12"
1329;sucursales_lugares.csv;"Santiago Centro";"fecha_fin_vigencia reparada de 11-04-24 a 2024-04-11"
1330;sucursales_lugares.csv;"Santiago Centro";"tipo_precio reparado de dia a día"
1330;sucursales_lugares.csv;"Santiago Centro";"fecha_inicio_vigencia reparada de 14-11-24 a 2024-11-14"
1330;sucursales_lugares.csv;"Santiago Centro";"fecha_fin_vigencia reparada de 14-12-24 a 2024-12-14"
1331;sucursales_lugares.csv;"Santiago Centro";"tipo_precio reparado de dia a día"
1331;sucursales_lugares.csv;"Santiago Centro";"fecha_inicio_vigencia reparada de 05-06-24 a 2024-06-05"
1331;sucursales_lugares.csv;"Santiago Centro";"fecha_fin_vigencia reparada de 05-07-24 a 2024-07-05"
1332;sucursales_lugares.csv;"Santiago Centro";"tipo_precio reparado de dia a día"
1332;sucursales_lugares.csv;"Santiago Centro";"fecha_inicio_vigencia con formato incompleto o que no se pudo reparar, se reemplaza por nulo"
1332;sucursales_lugares.csv;"Santiago Centro";"fecha_fin_vigencia reparada de 01-10-25 a 2025-10-01"
1332;sucursales_lugares.csv;"Santiago Centro";"Fila enviada a ERR: precio debe ser un numero."
1333;sucursales_lugares.csv;"Santiago Centro";"tipo_precio reparado de dia a día"
1333;sucursales_lugares.csv;"Santiago Centro";"fecha_inicio_vigencia reparada de 24-01-25 a 2025-01-24"
1333;sucursales_lugares.csv;"Santiago Centro";"fecha_fin_vigencia reparada de 25-03-25 a 2025-03-25"
1334;sucursales_lugares.csv;"Santiago Centro";"tipo_precio reparado de dia a día"
1334;sucursales_lugares.csv;"Santiago Centro";"fecha_inicio_vigencia con formato incompleto o que no se pudo reparar, se reemplaza por nulo"
1334;sucursales_lugares.csv;"Santiago Centro";"fecha_fin_vigencia reparada de 07-05-25 a 2025-05-07"
1335;sucursales_lugares.csv;"Santiago Centro";"tipo_precio reparado de dia a día"
1335;sucursales_lugares.csv;"Santiago Centro";"fecha_inicio_vigencia reparada de 08-08-25 a 2025-08-08"
1335;sucursales_lugares.csv;"Santiago Centro";"fecha_fin_vigencia reparada de 07-09-25 a 2025-09-07"
1336;sucursales_lugares.csv;"Santiago Centro";"tipo_precio reparado de dia a día"
1336;sucursales_lugares.csv;"Santiago Centro";"fecha_inicio_vigencia reparada de 28-09-24 a 2024-09-28"
1336;sucursales_lugares.csv;"Santiago Centro";"fecha_fin_vigencia reparada de 27-12-24 a 2024-12-27"
1336;sucursales_lugares.csv;"Santiago Centro";"Fila enviada a ERR: precio debe ser un numero."
1337;sucursales_lugares.csv;"Santiago Centro";"tipo_precio reparado de dia a día"
1337;sucursales_lugares.csv;"Santiago Centro";"fecha_inicio_vigencia reparada de 22-06-24 a 2024-06-22"
1337;sucursales_lugares.csv;"Santiago Centro";"fecha_fin_vigencia reparada de 20-09-24 a 2024-09-20"
1338;sucursales_lugares.csv;"Santiago Centro";"fecha_inicio_vigencia reparada de 17-10-24 a 2024-10-17"
1338;sucursales_lugares.csv;"Santiago Centro";"fecha_fin_vigencia reparada de 31-10-24 a 2024-10-31"
1339;sucursales_lugares.csv;"Santiago Centro";"fecha_inicio_vigencia reparada de 07-10-24 a 2024-10-07"
1339;sucursales_lugares.csv;"Santiago Centro";"fecha_fin_vigencia reparada de 21-10-24 a 2024-10-21"
1340;sucursales_lugares.csv;"Santiago Centro";"fecha_inicio_vigencia reparada de 16-03-25 a 2025-03-16"
1340;sucursales_lugares.csv;"Santiago Centro";"fecha_fin_vigencia reparada de 14-06-25 a 2025-06-14"
1341;sucursales_lugares.csv;"Santiago Centro";"fecha_inicio_vigencia reparada de 04-07-25 a 2025-07-04"
1341;sucursales_lugares.csv;"Santiago Centro";"fecha_fin_vigencia reparada de 02-10-25 a 2025-10-02"
1342;sucursales_lugares.csv;"Santiago Centro";"fecha_inicio_vigencia reparada de 23-12-24 a 2024-12-23"
1342;sucursales_lugares.csv;"Santiago Centro";"fecha_fin_vigencia reparada de 23-03-25 a 2025-03-23"
1343;sucursales_lugares.csv;"Santiago Centro";"fecha_inicio_vigencia reparada de 31-01-25 a 2025-01-31"
1343;sucursales_lugares.csv;"Santiago Centro";"fecha_fin_vigencia reparada de 01-04-25 a 2025-04-01"
1344;sucursales_lugares.csv;"Santiago Centro";"fecha_inicio_vigencia reparada de 18-04-25 a 2025-04-18"
1344;sucursales_lugares.csv;"Santiago Centro";"fecha_fin_vigencia reparada de 25-04-25 a 2025-04-25"
1345;sucursales_lugares.csv;"Santiago Centro";"fecha_inicio_vigencia reparada de 06-05-25 a 2025-05-06"
1345;sucursales_lugares.csv;"Santiago Centro";"fecha_fin_vigencia reparada de 05-07-25 a 2025-07-05"
1346;sucursales_lugares.csv;Providencia;"tipo_precio tiene valor no permitido mesa_hora, se deja nulo."
1346;sucursales_lugares.csv;Providencia;"fecha_inicio_vigencia reparada de 02-02-25 a 2025-02-02"
1346;sucursales_lugares.csv;Providencia;"fecha_fin_vigencia reparada de 04-03-25 a 2025-03-04"
1346;sucursales_lugares.csv;Providencia;"Fila enviada a ERR: precio es obligatorio y viene nulo."
1347;sucursales_lugares.csv;Providencia;"tipo_precio tiene valor no permitido mesa_hora, se deja nulo."
1347;sucursales_lugares.csv;Providencia;"fecha_inicio_vigencia reparada de 04-05-24 a 2024-05-04"
1347;sucursales_lugares.csv;Providencia;"fecha_fin_vigencia reparada de 18-05-24 a 2024-05-18"
1347;sucursales_lugares.csv;Providencia;"Fila enviada a ERR: precio es obligatorio y viene nulo."
1348;sucursales_lugares.csv;Providencia;"tipo_precio tiene valor no permitido mesa_hora, se deja nulo."
1348;sucursales_lugares.csv;Providencia;"fecha_inicio_vigencia con formato incompleto o que no se pudo reparar, se reemplaza por nulo"
1348;sucursales_lugares.csv;Providencia;"fecha_fin_vigencia reparada de 31-07-25 a 2025-07-31"
1348;sucursales_lugares.csv;Providencia;"Fila enviada a ERR: precio es obligatorio y viene nulo."
1349;sucursales_lugares.csv;Providencia;"tipo_precio tiene valor no permitido mesa_hora, se deja nulo."
1349;sucursales_lugares.csv;Providencia;"fecha_inicio_vigencia reparada de 06-09-24 a 2024-09-06"
1349;sucursales_lugares.csv;Providencia;"fecha_fin_vigencia reparada de 06-10-24 a 2024-10-06"
1349;sucursales_lugares.csv;Providencia;"Fila enviada a ERR: precio es obligatorio y viene nulo."
1350;sucursales_lugares.csv;Providencia;"tipo_precio tiene valor no permitido mesa_hora, se deja nulo."
1350;sucursales_lugares.csv;Providencia;"fecha_inicio_vigencia reparada de 19-05-24 a 2024-05-19"
1350;sucursales_lugares.csv;Providencia;"fecha_fin_vigencia reparada de 26-05-24 a 2024-05-26"
1350;sucursales_lugares.csv;Providencia;"Fila enviada a ERR: precio es obligatorio y viene nulo."
1351;sucursales_lugares.csv;Providencia;"tipo_precio tiene valor no permitido mesa_hora, se deja nulo."
1351;sucursales_lugares.csv;Providencia;"fecha_inicio_vigencia reparada de 03-05-24 a 2024-05-03"
1351;sucursales_lugares.csv;Providencia;"fecha_fin_vigencia reparada de 01-08-24 a 2024-08-01"
1351;sucursales_lugares.csv;Providencia;"Fila enviada a ERR: precio es obligatorio y viene nulo."
1352;sucursales_lugares.csv;Providencia;"tipo_precio tiene valor no permitido mesa_hora, se deja nulo."
1352;sucursales_lugares.csv;Providencia;"fecha_inicio_vigencia reparada de 01-02-24 a 2024-02-01"
1352;sucursales_lugares.csv;Providencia;"fecha_fin_vigencia reparada de 02-03-24 a 2024-03-02"
1352;sucursales_lugares.csv;Providencia;"Fila enviada a ERR: precio es obligatorio y viene nulo."
1353;sucursales_lugares.csv;Providencia;"tipo_precio tiene valor no permitido mesa_hora, se deja nulo."
1353;sucursales_lugares.csv;Providencia;"fecha_inicio_vigencia reparada de 12-01-24 a 2024-01-12"
1353;sucursales_lugares.csv;Providencia;"fecha_fin_vigencia reparada de 11-02-24 a 2024-02-11"
1353;sucursales_lugares.csv;Providencia;"Fila enviada a ERR: precio es obligatorio y viene nulo."
1354;sucursales_lugares.csv;Providencia;"tipo_precio tiene valor no permitido mesa_hora, se deja nulo."
1354;sucursales_lugares.csv;Providencia;"fecha_inicio_vigencia reparada de 23-09-24 a 2024-09-23"
1354;sucursales_lugares.csv;Providencia;"fecha_fin_vigencia reparada de 22-12-24 a 2024-12-22"
1354;sucursales_lugares.csv;Providencia;"Fila enviada a ERR: precio es obligatorio y viene nulo."
1355;sucursales_lugares.csv;Providencia;"tipo_precio tiene valor no permitido mesa_hora, se deja nulo."
1355;sucursales_lugares.csv;Providencia;"fecha_inicio_vigencia reparada de 09-11-24 a 2024-11-09"
1355;sucursales_lugares.csv;Providencia;"fecha_fin_vigencia reparada de 08-01-25 a 2025-01-08"
1355;sucursales_lugares.csv;Providencia;"Fila enviada a ERR: precio es obligatorio y viene nulo."
1356;sucursales_lugares.csv;Providencia;"tipo_precio tiene valor no permitido mesa_hora, se deja nulo."
1356;sucursales_lugares.csv;Providencia;"fecha_inicio_vigencia reparada de 13-06-25 a 2025-06-13"
1356;sucursales_lugares.csv;Providencia;"fecha_fin_vigencia reparada de 27-06-25 a 2025-06-27"
1356;sucursales_lugares.csv;Providencia;"Fila enviada a ERR: precio es obligatorio y viene nulo."
1357;sucursales_lugares.csv;Providencia;"tipo_precio tiene valor no permitido mesa_hora, se deja nulo."
1357;sucursales_lugares.csv;Providencia;"fecha_inicio_vigencia reparada de 19-05-24 a 2024-05-19"
1357;sucursales_lugares.csv;Providencia;"fecha_fin_vigencia reparada de 18-06-24 a 2024-06-18"
1357;sucursales_lugares.csv;Providencia;"Fila enviada a ERR: precio es obligatorio y viene nulo."
1358;sucursales_lugares.csv;Providencia;"tipo_precio tiene valor no permitido mesa_hora, se deja nulo."
1358;sucursales_lugares.csv;Providencia;"fecha_inicio_vigencia reparada de 25-05-25 a 2025-05-25"
1358;sucursales_lugares.csv;Providencia;"fecha_fin_vigencia reparada de 24-07-25 a 2025-07-24"
1358;sucursales_lugares.csv;Providencia;"Fila enviada a ERR: precio es obligatorio y viene nulo."
1359;sucursales_lugares.csv;Providencia;"tipo_precio tiene valor no permitido mesa_hora, se deja nulo."
1359;sucursales_lugares.csv;Providencia;"fecha_inicio_vigencia reparada de 16-04-24 a 2024-04-16"
1359;sucursales_lugares.csv;Providencia;"fecha_fin_vigencia reparada de 30-04-24 a 2024-04-30"
1359;sucursales_lugares.csv;Providencia;"Fila enviada a ERR: precio es obligatorio y viene nulo."
1360;sucursales_lugares.csv;Providencia;"tipo_precio tiene valor no permitido mesa_hora, se deja nulo."
1360;sucursales_lugares.csv;Providencia;"fecha_inicio_vigencia reparada de 22-09-24 a 2024-09-22"
1360;sucursales_lugares.csv;Providencia;"fecha_fin_vigencia reparada de 21-11-24 a 2024-11-21"
1360;sucursales_lugares.csv;Providencia;"Fila enviada a ERR: precio es obligatorio y viene nulo."
1361;sucursales_lugares.csv;Providencia;"tipo_precio tiene valor no permitido mesa_hora, se deja nulo."
1361;sucursales_lugares.csv;Providencia;"fecha_inicio_vigencia reparada de 06-04-24 a 2024-04-06"
1361;sucursales_lugares.csv;Providencia;"fecha_fin_vigencia reparada de 13-04-24 a 2024-04-13"
1361;sucursales_lugares.csv;Providencia;"Fila enviada a ERR: precio es obligatorio y viene nulo."
1362;sucursales_lugares.csv;Providencia;"tipo_precio tiene valor no permitido linea_hora, se deja nulo."
1362;sucursales_lugares.csv;Providencia;"fecha_inicio_vigencia reparada de 15-02-24 a 2024-02-15"
1362;sucursales_lugares.csv;Providencia;"fecha_fin_vigencia reparada de 15-04-24 a 2024-04-15"
1363;sucursales_lugares.csv;Providencia;"tipo_precio tiene valor no permitido linea_hora, se deja nulo."
1363;sucursales_lugares.csv;Providencia;"fecha_inicio_vigencia reparada de 26-04-25 a 2025-04-26"
1363;sucursales_lugares.csv;Providencia;"fecha_fin_vigencia reparada de 26-05-25 a 2025-05-26"
1364;sucursales_lugares.csv;Providencia;"tipo_precio tiene valor no permitido linea_hora, se deja nulo."
1364;sucursales_lugares.csv;Providencia;"fecha_inicio_vigencia reparada de 21-07-24 a 2024-07-21"
1364;sucursales_lugares.csv;Providencia;"fecha_fin_vigencia reparada de 04-08-24 a 2024-08-04"
1365;sucursales_lugares.csv;Providencia;"tipo_precio tiene valor no permitido linea_hora, se deja nulo."
1365;sucursales_lugares.csv;Providencia;"fecha_inicio_vigencia reparada de 31-10-25 a 2025-10-31"
1365;sucursales_lugares.csv;Providencia;"fecha_fin_vigencia reparada de 30-12-25 a 2025-12-30"
1366;sucursales_lugares.csv;Providencia;"tipo_precio tiene valor no permitido linea_hora, se deja nulo."
1366;sucursales_lugares.csv;Providencia;"fecha_inicio_vigencia con formato incompleto o que no se pudo reparar, se reemplaza por nulo"
1366;sucursales_lugares.csv;Providencia;"fecha_fin_vigencia reparada de 05-11-24 a 2024-11-05"
1366;sucursales_lugares.csv;Providencia;"Fila enviada a ERR: precio debe ser un numero."
1367;sucursales_lugares.csv;Providencia;"tipo_precio tiene valor no permitido linea_hora, se deja nulo."
1367;sucursales_lugares.csv;Providencia;"fecha_inicio_vigencia reparada de 06-03-24 a 2024-03-06"
1367;sucursales_lugares.csv;Providencia;"fecha_fin_vigencia reparada de 13-03-24 a 2024-03-13"
1368;sucursales_lugares.csv;Providencia;"tipo_precio tiene valor no permitido linea_hora, se deja nulo."
1368;sucursales_lugares.csv;Providencia;"fecha_inicio_vigencia reparada de 08-02-24 a 2024-02-08"
1368;sucursales_lugares.csv;Providencia;"fecha_fin_vigencia reparada de 22-02-24 a 2024-02-22"
1369;sucursales_lugares.csv;Providencia;"tipo_precio tiene valor no permitido linea_hora, se deja nulo."
1369;sucursales_lugares.csv;Providencia;"fecha_inicio_vigencia reparada de 03-03-24 a 2024-03-03"
1369;sucursales_lugares.csv;Providencia;"fecha_fin_vigencia reparada de 01-06-24 a 2024-06-01"
1370;sucursales_lugares.csv;Providencia;"tipo_precio tiene valor no permitido linea_hora, se deja nulo."
1370;sucursales_lugares.csv;Providencia;"fecha_inicio_vigencia reparada de 23-06-25 a 2025-06-23"
1370;sucursales_lugares.csv;Providencia;"fecha_fin_vigencia reparada de 22-08-25 a 2025-08-22"
1371;sucursales_lugares.csv;Providencia;"tipo_precio tiene valor no permitido linea_hora, se deja nulo."
1371;sucursales_lugares.csv;Providencia;"fecha_inicio_vigencia reparada de 23-12-24 a 2024-12-23"
1371;sucursales_lugares.csv;Providencia;"fecha_fin_vigencia reparada de 06-01-25 a 2025-01-06"
1372;sucursales_lugares.csv;Providencia;"tipo_precio tiene valor no permitido linea_hora, se deja nulo."
1372;sucursales_lugares.csv;Providencia;"fecha_inicio_vigencia reparada de 14-01-25 a 2025-01-14"
1372;sucursales_lugares.csv;Providencia;"fecha_fin_vigencia reparada de 28-01-25 a 2025-01-28"
1373;sucursales_lugares.csv;Providencia;"tipo_precio tiene valor no permitido linea_hora, se deja nulo."
1373;sucursales_lugares.csv;Providencia;"fecha_inicio_vigencia reparada de 29-07-24 a 2024-07-29"
1373;sucursales_lugares.csv;Providencia;"fecha_fin_vigencia reparada de 28-08-24 a 2024-08-28"
1374;sucursales_lugares.csv;Providencia;"tipo_precio tiene valor no permitido linea_hora, se deja nulo."
1374;sucursales_lugares.csv;Providencia;"fecha_inicio_vigencia reparada de 17-06-24 a 2024-06-17"
1374;sucursales_lugares.csv;Providencia;"fecha_fin_vigencia reparada de 16-08-24 a 2024-08-16"
1375;sucursales_lugares.csv;Providencia;"tipo_precio tiene valor no permitido linea_hora, se deja nulo."
1375;sucursales_lugares.csv;Providencia;"fecha_inicio_vigencia reparada de 24-03-24 a 2024-03-24"
1375;sucursales_lugares.csv;Providencia;"fecha_fin_vigencia reparada de 22-06-24 a 2024-06-22"
1375;sucursales_lugares.csv;Providencia;"Fila enviada a ERR: precio debe ser un numero."
1376;sucursales_lugares.csv;Providencia;"tipo_precio tiene valor no permitido linea_hora, se deja nulo."
1376;sucursales_lugares.csv;Providencia;"fecha_inicio_vigencia reparada de 13-04-25 a 2025-04-13"
1376;sucursales_lugares.csv;Providencia;"fecha_fin_vigencia reparada de 12-07-25 a 2025-07-12"
1377;sucursales_lugares.csv;Providencia;"tipo_precio tiene valor no permitido linea_hora, se deja nulo."
1377;sucursales_lugares.csv;Providencia;"fecha_inicio_vigencia reparada de 20-05-25 a 2025-05-20"
1377;sucursales_lugares.csv;Providencia;"fecha_fin_vigencia reparada de 03-06-25 a 2025-06-03"
1378;sucursales_lugares.csv;Providencia;"tipo_precio tiene valor no permitido tramo, se deja nulo."
1378;sucursales_lugares.csv;Providencia;"fecha_inicio_vigencia reparada de 08-04-25 a 2025-04-08"
1378;sucursales_lugares.csv;Providencia;"fecha_fin_vigencia reparada de 22-04-25 a 2025-04-22"
1379;sucursales_lugares.csv;Providencia;"tipo_precio tiene valor no permitido tramo, se deja nulo."
1379;sucursales_lugares.csv;Providencia;"fecha_inicio_vigencia reparada de 28-05-24 a 2024-05-28"
1379;sucursales_lugares.csv;Providencia;"fecha_fin_vigencia reparada de 04-06-24 a 2024-06-04"
1380;sucursales_lugares.csv;Providencia;"tipo_precio tiene valor no permitido tramo, se deja nulo."
1380;sucursales_lugares.csv;Providencia;"fecha_inicio_vigencia reparada de 25-05-24 a 2024-05-25"
1380;sucursales_lugares.csv;Providencia;"fecha_fin_vigencia reparada de 24-06-24 a 2024-06-24"
1381;sucursales_lugares.csv;Providencia;"tipo_precio reparado de dia a día"
1381;sucursales_lugares.csv;Providencia;"fecha_inicio_vigencia reparada de 20-10-24 a 2024-10-20"
1381;sucursales_lugares.csv;Providencia;"fecha_fin_vigencia reparada de 18-01-25 a 2025-01-18"
1382;sucursales_lugares.csv;Providencia;"tipo_precio reparado de dia a día"
1382;sucursales_lugares.csv;Providencia;"fecha_inicio_vigencia reparada de 22-11-25 a 2025-11-22"
1382;sucursales_lugares.csv;Providencia;"fecha_fin_vigencia reparada de 06-12-25 a 2025-12-06"
1382;sucursales_lugares.csv;Providencia;"Fila enviada a ERR: precio debe ser un numero."
1383;sucursales_lugares.csv;Providencia;"tipo_precio reparado de dia a día"
1383;sucursales_lugares.csv;Providencia;"fecha_inicio_vigencia reparada de 29-09-25 a 2025-09-29"
1383;sucursales_lugares.csv;Providencia;"fecha_fin_vigencia reparada de 28-11-25 a 2025-11-28"
1384;sucursales_lugares.csv;Providencia;"tipo_precio reparado de dia a día"
1384;sucursales_lugares.csv;Providencia;"fecha_inicio_vigencia reparada de 12-09-24 a 2024-09-12"
1384;sucursales_lugares.csv;Providencia;"fecha_fin_vigencia reparada de 19-09-24 a 2024-09-19"
1385;sucursales_lugares.csv;Providencia;"tipo_precio reparado de dia a día"
1385;sucursales_lugares.csv;Providencia;"fecha_inicio_vigencia reparada de 09-06-25 a 2025-06-09"
1385;sucursales_lugares.csv;Providencia;"fecha_fin_vigencia reparada de 16-06-25 a 2025-06-16"
1386;sucursales_lugares.csv;Providencia;"tipo_precio reparado de dia a día"
1386;sucursales_lugares.csv;Providencia;"fecha_inicio_vigencia reparada de 26-11-25 a 2025-11-26"
1386;sucursales_lugares.csv;Providencia;"fecha_fin_vigencia reparada de 24-02-26 a 2026-02-24"
1387;sucursales_lugares.csv;Providencia;"tipo_precio reparado de dia a día"
1387;sucursales_lugares.csv;Providencia;"fecha_inicio_vigencia reparada de 20-04-25 a 2025-04-20"
1387;sucursales_lugares.csv;Providencia;"fecha_fin_vigencia reparada de 27-04-25 a 2025-04-27"
1388;sucursales_lugares.csv;Providencia;"tipo_precio reparado de dia a día"
1388;sucursales_lugares.csv;Providencia;"fecha_inicio_vigencia reparada de 18-01-25 a 2025-01-18"
1388;sucursales_lugares.csv;Providencia;"fecha_fin_vigencia reparada de 25-01-25 a 2025-01-25"
1389;sucursales_lugares.csv;Providencia;"tipo_precio reparado de dia a día"
1389;sucursales_lugares.csv;Providencia;"fecha_inicio_vigencia reparada de 17-04-24 a 2024-04-17"
1389;sucursales_lugares.csv;Providencia;"fecha_fin_vigencia reparada de 17-05-24 a 2024-05-17"
1389;sucursales_lugares.csv;Providencia;"Fila enviada a ERR: precio debe ser un numero."
1390;sucursales_lugares.csv;Providencia;"tipo_precio reparado de dia a día"
1390;sucursales_lugares.csv;Providencia;"fecha_inicio_vigencia reparada de 12-01-25 a 2025-01-12"
1390;sucursales_lugares.csv;Providencia;"fecha_fin_vigencia reparada de 12-04-25 a 2025-04-12"
1391;sucursales_lugares.csv;Providencia;"tipo_precio reparado de dia a día"
1391;sucursales_lugares.csv;Providencia;"fecha_inicio_vigencia reparada de 11-08-25 a 2025-08-11"
1391;sucursales_lugares.csv;Providencia;"fecha_fin_vigencia reparada de 10-09-25 a 2025-09-10"
1392;sucursales_lugares.csv;Providencia;"tipo_precio reparado de dia a día"
1392;sucursales_lugares.csv;Providencia;"fecha_inicio_vigencia reparada de 02-11-25 a 2025-11-02"
1392;sucursales_lugares.csv;Providencia;"fecha_fin_vigencia reparada de 16-11-25 a 2025-11-16"
1393;sucursales_lugares.csv;Providencia;"tipo_precio reparado de dia a día"
1393;sucursales_lugares.csv;Providencia;"fecha_inicio_vigencia reparada de 12-02-24 a 2024-02-12"
1393;sucursales_lugares.csv;Providencia;"fecha_fin_vigencia reparada de 19-02-24 a 2024-02-19"
1394;sucursales_lugares.csv;Providencia;"tipo_precio reparado de dia a día"
1394;sucursales_lugares.csv;Providencia;"fecha_inicio_vigencia reparada de 20-09-24 a 2024-09-20"
1394;sucursales_lugares.csv;Providencia;"fecha_fin_vigencia reparada de 04-10-24 a 2024-10-04"
1395;sucursales_lugares.csv;Providencia;"tipo_precio reparado de dia a día"
1395;sucursales_lugares.csv;Providencia;"fecha_inicio_vigencia reparada de 20-09-24 a 2024-09-20"
1395;sucursales_lugares.csv;Providencia;"fecha_fin_vigencia reparada de 19-12-24 a 2024-12-19"
1396;sucursales_lugares.csv;Providencia;"tipo_precio reparado de dia a día"
1396;sucursales_lugares.csv;Providencia;"fecha_inicio_vigencia reparada de 06-09-24 a 2024-09-06"
1396;sucursales_lugares.csv;Providencia;"fecha_fin_vigencia reparada de 05-11-24 a 2024-11-05"
1397;sucursales_lugares.csv;Providencia;"tipo_precio reparado de dia a día"
1397;sucursales_lugares.csv;Providencia;"fecha_inicio_vigencia reparada de 29-10-25 a 2025-10-29"
1397;sucursales_lugares.csv;Providencia;"fecha_fin_vigencia reparada de 05-11-25 a 2025-11-05"
1398;sucursales_lugares.csv;Providencia;"tipo_precio reparado de dia a día"
1398;sucursales_lugares.csv;Providencia;"fecha_inicio_vigencia reparada de 21-04-25 a 2025-04-21"
1398;sucursales_lugares.csv;Providencia;"fecha_fin_vigencia reparada de 28-04-25 a 2025-04-28"
1399;sucursales_lugares.csv;Providencia;"tipo_precio reparado de dia a día"
1399;sucursales_lugares.csv;Providencia;"fecha_inicio_vigencia reparada de 03-01-24 a 2024-01-03"
1399;sucursales_lugares.csv;Providencia;"fecha_fin_vigencia reparada de 10-01-24 a 2024-01-10"
1400;sucursales_lugares.csv;Providencia;"tipo_precio reparado de dia a día"
1400;sucursales_lugares.csv;Providencia;"fecha_inicio_vigencia reparada de 20-10-25 a 2025-10-20"
1400;sucursales_lugares.csv;Providencia;"fecha_fin_vigencia reparada de 03-11-25 a 2025-11-03"
1401;sucursales_lugares.csv;Providencia;"tipo_precio reparado de dia a día"
1401;sucursales_lugares.csv;Providencia;"fecha_inicio_vigencia reparada de 13-05-25 a 2025-05-13"
1401;sucursales_lugares.csv;Providencia;"fecha_fin_vigencia reparada de 12-07-25 a 2025-07-12"
1402;sucursales_lugares.csv;Providencia;"fecha_inicio_vigencia reparada de 29-12-24 a 2024-12-29"
1402;sucursales_lugares.csv;Providencia;"fecha_fin_vigencia reparada de 28-01-25 a 2025-01-28"
1403;sucursales_lugares.csv;Providencia;"fecha_inicio_vigencia reparada de 02-02-25 a 2025-02-02"
1403;sucursales_lugares.csv;Providencia;"fecha_fin_vigencia reparada de 03-04-25 a 2025-04-03"
1404;sucursales_lugares.csv;Providencia;"fecha_inicio_vigencia reparada de 22-10-25 a 2025-10-22"
1404;sucursales_lugares.csv;Providencia;"fecha_fin_vigencia reparada de 05-11-25 a 2025-11-05"
1405;sucursales_lugares.csv;Providencia;"fecha_inicio_vigencia reparada de 29-05-25 a 2025-05-29"
1405;sucursales_lugares.csv;Providencia;"fecha_fin_vigencia reparada de 28-07-25 a 2025-07-28"
1406;sucursales_lugares.csv;Providencia;"fecha_inicio_vigencia reparada de 06-01-25 a 2025-01-06"
1406;sucursales_lugares.csv;Providencia;"fecha_fin_vigencia reparada de 13-01-25 a 2025-01-13"
1407;sucursales_lugares.csv;Providencia;"fecha_inicio_vigencia reparada de 18-12-24 a 2024-12-18"
1407;sucursales_lugares.csv;Providencia;"fecha_fin_vigencia reparada de 01-01-25 a 2025-01-01"
1408;sucursales_lugares.csv;Providencia;"fecha_inicio_vigencia reparada de 16-10-25 a 2025-10-16"
1408;sucursales_lugares.csv;Providencia;"fecha_fin_vigencia reparada de 23-10-25 a 2025-10-23"
1409;sucursales_lugares.csv;Providencia;"fecha_inicio_vigencia reparada de 23-06-24 a 2024-06-23"
1409;sucursales_lugares.csv;Providencia;"fecha_fin_vigencia reparada de 21-09-24 a 2024-09-21"
1410;sucursales_lugares.csv;"La Florida";"tipo_precio tiene valor no permitido mesa_hora, se deja nulo."
1410;sucursales_lugares.csv;"La Florida";"fecha_inicio_vigencia reparada de 07-07-24 a 2024-07-07"
1410;sucursales_lugares.csv;"La Florida";"fecha_fin_vigencia reparada de 05-09-24 a 2024-09-05"
1410;sucursales_lugares.csv;"La Florida";"Fila enviada a ERR: precio es obligatorio y viene nulo."
1411;sucursales_lugares.csv;"La Florida";"tipo_precio tiene valor no permitido mesa_hora, se deja nulo."
1411;sucursales_lugares.csv;"La Florida";"fecha_inicio_vigencia reparada de 19-07-25 a 2025-07-19"
1411;sucursales_lugares.csv;"La Florida";"fecha_fin_vigencia reparada de 17-10-25 a 2025-10-17"
1411;sucursales_lugares.csv;"La Florida";"Fila enviada a ERR: precio es obligatorio y viene nulo."
1412;sucursales_lugares.csv;"La Florida";"tipo_precio tiene valor no permitido mesa_hora, se deja nulo."
1412;sucursales_lugares.csv;"La Florida";"fecha_inicio_vigencia reparada de 08-12-24 a 2024-12-08"
1412;sucursales_lugares.csv;"La Florida";"fecha_fin_vigencia reparada de 08-03-25 a 2025-03-08"
1412;sucursales_lugares.csv;"La Florida";"Fila enviada a ERR: precio es obligatorio y viene nulo."
1413;sucursales_lugares.csv;"La Florida";"tipo_precio tiene valor no permitido mesa_hora, se deja nulo."
1413;sucursales_lugares.csv;"La Florida";"fecha_inicio_vigencia reparada de 08-10-24 a 2024-10-08"
1413;sucursales_lugares.csv;"La Florida";"fecha_fin_vigencia reparada de 15-10-24 a 2024-10-15"
1413;sucursales_lugares.csv;"La Florida";"Fila enviada a ERR: precio es obligatorio y viene nulo."
1414;sucursales_lugares.csv;"La Florida";"tipo_precio tiene valor no permitido mesa_hora, se deja nulo."
1414;sucursales_lugares.csv;"La Florida";"fecha_inicio_vigencia con formato incompleto o que no se pudo reparar, se reemplaza por nulo"
1414;sucursales_lugares.csv;"La Florida";"fecha_fin_vigencia reparada de 13-08-25 a 2025-08-13"
1414;sucursales_lugares.csv;"La Florida";"Fila enviada a ERR: precio es obligatorio y viene nulo."
1415;sucursales_lugares.csv;"La Florida";"tipo_precio tiene valor no permitido mesa_hora, se deja nulo."
1415;sucursales_lugares.csv;"La Florida";"fecha_inicio_vigencia reparada de 10-01-25 a 2025-01-10"
1415;sucursales_lugares.csv;"La Florida";"fecha_fin_vigencia reparada de 24-01-25 a 2025-01-24"
1415;sucursales_lugares.csv;"La Florida";"Fila enviada a ERR: precio es obligatorio y viene nulo."
1416;sucursales_lugares.csv;"La Florida";"tipo_precio tiene valor no permitido mesa_hora, se deja nulo."
1416;sucursales_lugares.csv;"La Florida";"fecha_inicio_vigencia reparada de 03-12-24 a 2024-12-03"
1416;sucursales_lugares.csv;"La Florida";"fecha_fin_vigencia reparada de 10-12-24 a 2024-12-10"
1416;sucursales_lugares.csv;"La Florida";"Fila enviada a ERR: precio es obligatorio y viene nulo."
1417;sucursales_lugares.csv;"La Florida";"tipo_precio tiene valor no permitido mesa_hora, se deja nulo."
1417;sucursales_lugares.csv;"La Florida";"fecha_inicio_vigencia reparada de 03-03-24 a 2024-03-03"
1417;sucursales_lugares.csv;"La Florida";"fecha_fin_vigencia reparada de 17-03-24 a 2024-03-17"
1417;sucursales_lugares.csv;"La Florida";"Fila enviada a ERR: precio es obligatorio y viene nulo."
1418;sucursales_lugares.csv;"La Florida";"tipo_precio tiene valor no permitido mesa_hora, se deja nulo."
1418;sucursales_lugares.csv;"La Florida";"fecha_inicio_vigencia reparada de 13-06-24 a 2024-06-13"
1418;sucursales_lugares.csv;"La Florida";"fecha_fin_vigencia reparada de 27-06-24 a 2024-06-27"
1418;sucursales_lugares.csv;"La Florida";"Fila enviada a ERR: precio es obligatorio y viene nulo."
1419;sucursales_lugares.csv;"La Florida";"tipo_precio tiene valor no permitido mesa_hora, se deja nulo."
1419;sucursales_lugares.csv;"La Florida";"fecha_inicio_vigencia reparada de 03-08-24 a 2024-08-03"
1419;sucursales_lugares.csv;"La Florida";"fecha_fin_vigencia reparada de 02-09-24 a 2024-09-02"
1419;sucursales_lugares.csv;"La Florida";"Fila enviada a ERR: precio es obligatorio y viene nulo."
1420;sucursales_lugares.csv;"La Florida";"tipo_precio tiene valor no permitido mesa_hora, se deja nulo."
1420;sucursales_lugares.csv;"La Florida";"fecha_inicio_vigencia reparada de 15-04-24 a 2024-04-15"
1420;sucursales_lugares.csv;"La Florida";"fecha_fin_vigencia reparada de 29-04-24 a 2024-04-29"
1420;sucursales_lugares.csv;"La Florida";"Fila enviada a ERR: precio es obligatorio y viene nulo."
1421;sucursales_lugares.csv;"La Florida";"tipo_precio tiene valor no permitido mesa_hora, se deja nulo."
1421;sucursales_lugares.csv;"La Florida";"fecha_inicio_vigencia reparada de 08-11-24 a 2024-11-08"
1421;sucursales_lugares.csv;"La Florida";"fecha_fin_vigencia reparada de 22-11-24 a 2024-11-22"
1421;sucursales_lugares.csv;"La Florida";"Fila enviada a ERR: precio es obligatorio y viene nulo."
1422;sucursales_lugares.csv;"La Florida";"tipo_precio tiene valor no permitido mesa_hora, se deja nulo."
1422;sucursales_lugares.csv;"La Florida";"fecha_inicio_vigencia reparada de 23-01-25 a 2025-01-23"
1422;sucursales_lugares.csv;"La Florida";"fecha_fin_vigencia reparada de 23-04-25 a 2025-04-23"
1422;sucursales_lugares.csv;"La Florida";"Fila enviada a ERR: precio es obligatorio y viene nulo."
1423;sucursales_lugares.csv;"La Florida";"tipo_precio tiene valor no permitido mesa_hora, se deja nulo."
1423;sucursales_lugares.csv;"La Florida";"fecha_inicio_vigencia reparada de 24-01-25 a 2025-01-24"
1423;sucursales_lugares.csv;"La Florida";"fecha_fin_vigencia reparada de 23-02-25 a 2025-02-23"
1423;sucursales_lugares.csv;"La Florida";"Fila enviada a ERR: precio es obligatorio y viene nulo."
1424;sucursales_lugares.csv;"La Florida";"tipo_precio tiene valor no permitido mesa_hora, se deja nulo."
1424;sucursales_lugares.csv;"La Florida";"fecha_inicio_vigencia reparada de 20-05-25 a 2025-05-20"
1424;sucursales_lugares.csv;"La Florida";"fecha_fin_vigencia reparada de 19-06-25 a 2025-06-19"
1424;sucursales_lugares.csv;"La Florida";"Fila enviada a ERR: precio es obligatorio y viene nulo."
1425;sucursales_lugares.csv;"La Florida";"tipo_precio tiene valor no permitido mesa_hora, se deja nulo."
1425;sucursales_lugares.csv;"La Florida";"fecha_inicio_vigencia reparada de 21-04-25 a 2025-04-21"
1425;sucursales_lugares.csv;"La Florida";"fecha_fin_vigencia reparada de 05-05-25 a 2025-05-05"
1425;sucursales_lugares.csv;"La Florida";"Fila enviada a ERR: precio debe ser un numero."
1426;sucursales_lugares.csv;"La Florida";"tipo_precio tiene valor no permitido linea_hora, se deja nulo."
1426;sucursales_lugares.csv;"La Florida";"fecha_inicio_vigencia reparada de 09-09-24 a 2024-09-09"
1426;sucursales_lugares.csv;"La Florida";"fecha_fin_vigencia reparada de 16-09-24 a 2024-09-16"
1427;sucursales_lugares.csv;"La Florida";"tipo_precio tiene valor no permitido linea_hora, se deja nulo."
1427;sucursales_lugares.csv;"La Florida";"fecha_inicio_vigencia reparada de 23-12-24 a 2024-12-23"
1427;sucursales_lugares.csv;"La Florida";"fecha_fin_vigencia reparada de 21-02-25 a 2025-02-21"
1428;sucursales_lugares.csv;"La Florida";"tipo_precio tiene valor no permitido linea_hora, se deja nulo."
1428;sucursales_lugares.csv;"La Florida";"fecha_inicio_vigencia reparada de 27-02-24 a 2024-02-27"
1428;sucursales_lugares.csv;"La Florida";"fecha_fin_vigencia reparada de 27-05-24 a 2024-05-27"
1429;sucursales_lugares.csv;"La Florida";"tipo_precio tiene valor no permitido linea_hora, se deja nulo."
1429;sucursales_lugares.csv;"La Florida";"fecha_inicio_vigencia reparada de 23-08-24 a 2024-08-23"
1429;sucursales_lugares.csv;"La Florida";"fecha_fin_vigencia reparada de 22-10-24 a 2024-10-22"
1430;sucursales_lugares.csv;"La Florida";"tipo_precio tiene valor no permitido linea_hora, se deja nulo."
1430;sucursales_lugares.csv;"La Florida";"fecha_inicio_vigencia reparada de 14-04-24 a 2024-04-14"
1430;sucursales_lugares.csv;"La Florida";"fecha_fin_vigencia reparada de 28-04-24 a 2024-04-28"
1431;sucursales_lugares.csv;"La Florida";"tipo_precio tiene valor no permitido linea_hora, se deja nulo."
1431;sucursales_lugares.csv;"La Florida";"fecha_inicio_vigencia reparada de 18-01-24 a 2024-01-18"
1431;sucursales_lugares.csv;"La Florida";"fecha_fin_vigencia reparada de 18-03-24 a 2024-03-18"
1432;sucursales_lugares.csv;"La Florida";"tipo_precio tiene valor no permitido linea_hora, se deja nulo."
1432;sucursales_lugares.csv;"La Florida";"fecha_inicio_vigencia reparada de 14-02-25 a 2025-02-14"
1432;sucursales_lugares.csv;"La Florida";"fecha_fin_vigencia reparada de 15-05-25 a 2025-05-15"
1433;sucursales_lugares.csv;"La Florida";"tipo_precio tiene valor no permitido linea_hora, se deja nulo."
1433;sucursales_lugares.csv;"La Florida";"fecha_inicio_vigencia reparada de 04-01-25 a 2025-01-04"
1433;sucursales_lugares.csv;"La Florida";"fecha_fin_vigencia reparada de 18-01-25 a 2025-01-18"
1434;sucursales_lugares.csv;"La Florida";"tipo_precio tiene valor no permitido linea_hora, se deja nulo."
1434;sucursales_lugares.csv;"La Florida";"fecha_inicio_vigencia reparada de 08-10-24 a 2024-10-08"
1434;sucursales_lugares.csv;"La Florida";"fecha_fin_vigencia reparada de 06-01-25 a 2025-01-06"
1434;sucursales_lugares.csv;"La Florida";"Fila enviada a ERR: precio debe ser un numero."
1435;sucursales_lugares.csv;"La Florida";"tipo_precio tiene valor no permitido linea_hora, se deja nulo."
1435;sucursales_lugares.csv;"La Florida";"fecha_inicio_vigencia reparada de 24-06-25 a 2025-06-24"
1435;sucursales_lugares.csv;"La Florida";"fecha_fin_vigencia reparada de 22-09-25 a 2025-09-22"
1436;sucursales_lugares.csv;"La Florida";"tipo_precio tiene valor no permitido linea_hora, se deja nulo."
1436;sucursales_lugares.csv;"La Florida";"fecha_inicio_vigencia reparada de 11-04-24 a 2024-04-11"
1436;sucursales_lugares.csv;"La Florida";"fecha_fin_vigencia reparada de 10-06-24 a 2024-06-10"
1437;sucursales_lugares.csv;"La Florida";"tipo_precio tiene valor no permitido linea_hora, se deja nulo."
1437;sucursales_lugares.csv;"La Florida";"fecha_inicio_vigencia reparada de 26-01-25 a 2025-01-26"
1437;sucursales_lugares.csv;"La Florida";"fecha_fin_vigencia reparada de 25-02-25 a 2025-02-25"
1438;sucursales_lugares.csv;"La Florida";"tipo_precio tiene valor no permitido linea_hora, se deja nulo."
1438;sucursales_lugares.csv;"La Florida";"fecha_inicio_vigencia reparada de 14-07-25 a 2025-07-14"
1438;sucursales_lugares.csv;"La Florida";"fecha_fin_vigencia reparada de 13-08-25 a 2025-08-13"
1439;sucursales_lugares.csv;"La Florida";"tipo_precio tiene valor no permitido linea_hora, se deja nulo."
1439;sucursales_lugares.csv;"La Florida";"fecha_inicio_vigencia reparada de 01-11-25 a 2025-11-01"
1439;sucursales_lugares.csv;"La Florida";"fecha_fin_vigencia reparada de 08-11-25 a 2025-11-08"
1440;sucursales_lugares.csv;"La Florida";"tipo_precio tiene valor no permitido linea_hora, se deja nulo."
1440;sucursales_lugares.csv;"La Florida";"fecha_inicio_vigencia reparada de 12-03-25 a 2025-03-12"
1440;sucursales_lugares.csv;"La Florida";"fecha_fin_vigencia reparada de 26-03-25 a 2025-03-26"
1441;sucursales_lugares.csv;"La Florida";"tipo_precio tiene valor no permitido linea_hora, se deja nulo."
1441;sucursales_lugares.csv;"La Florida";"fecha_inicio_vigencia reparada de 20-11-25 a 2025-11-20"
1441;sucursales_lugares.csv;"La Florida";"fecha_fin_vigencia reparada de 18-02-26 a 2026-02-18"
1442;sucursales_lugares.csv;"La Florida";"tipo_precio reparado de dia a día"
1442;sucursales_lugares.csv;"La Florida";"fecha_inicio_vigencia reparada de 11-02-25 a 2025-02-11"
1442;sucursales_lugares.csv;"La Florida";"fecha_fin_vigencia reparada de 12-04-25 a 2025-04-12"
1443;sucursales_lugares.csv;"La Florida";"tipo_precio tiene valor no permitido tramo, se deja nulo."
1443;sucursales_lugares.csv;"La Florida";"fecha_inicio_vigencia reparada de 05-05-24 a 2024-05-05"
1443;sucursales_lugares.csv;"La Florida";"fecha_fin_vigencia reparada de 19-05-24 a 2024-05-19"
1444;sucursales_lugares.csv;"La Florida";"tipo_precio tiene valor no permitido tramo, se deja nulo."
1444;sucursales_lugares.csv;"La Florida";"fecha_inicio_vigencia reparada de 22-04-24 a 2024-04-22"
1444;sucursales_lugares.csv;"La Florida";"fecha_fin_vigencia reparada de 21-06-24 a 2024-06-21"
1445;sucursales_lugares.csv;"La Florida";"tipo_precio reparado de dia a día"
1445;sucursales_lugares.csv;"La Florida";"fecha_inicio_vigencia reparada de 13-06-24 a 2024-06-13"
1445;sucursales_lugares.csv;"La Florida";"fecha_fin_vigencia reparada de 20-06-24 a 2024-06-20"
1446;sucursales_lugares.csv;"La Florida";"tipo_precio reparado de dia a día"
1446;sucursales_lugares.csv;"La Florida";"fecha_inicio_vigencia reparada de 12-10-24 a 2024-10-12"
1446;sucursales_lugares.csv;"La Florida";"fecha_fin_vigencia reparada de 10-01-25 a 2025-01-10"
1447;sucursales_lugares.csv;"La Florida";"tipo_precio reparado de dia a día"
1447;sucursales_lugares.csv;"La Florida";"fecha_inicio_vigencia reparada de 18-01-25 a 2025-01-18"
1447;sucursales_lugares.csv;"La Florida";"fecha_fin_vigencia reparada de 01-02-25 a 2025-02-01"
1448;sucursales_lugares.csv;"La Florida";"tipo_precio reparado de dia a día"
1448;sucursales_lugares.csv;"La Florida";"fecha_inicio_vigencia reparada de 13-09-24 a 2024-09-13"
1448;sucursales_lugares.csv;"La Florida";"fecha_fin_vigencia reparada de 12-11-24 a 2024-11-12"
1449;sucursales_lugares.csv;"La Florida";"tipo_precio reparado de dia a día"
1449;sucursales_lugares.csv;"La Florida";"fecha_inicio_vigencia reparada de 01-04-24 a 2024-04-01"
1449;sucursales_lugares.csv;"La Florida";"fecha_fin_vigencia reparada de 30-06-24 a 2024-06-30"
1450;sucursales_lugares.csv;"La Florida";"tipo_precio reparado de dia a día"
1450;sucursales_lugares.csv;"La Florida";"fecha_inicio_vigencia reparada de 01-09-25 a 2025-09-01"
1450;sucursales_lugares.csv;"La Florida";"fecha_fin_vigencia reparada de 08-09-25 a 2025-09-08"
1451;sucursales_lugares.csv;"La Florida";"tipo_precio reparado de dia a día"
1451;sucursales_lugares.csv;"La Florida";"fecha_inicio_vigencia reparada de 27-08-25 a 2025-08-27"
1451;sucursales_lugares.csv;"La Florida";"fecha_fin_vigencia reparada de 10-09-25 a 2025-09-10"
1452;sucursales_lugares.csv;"La Florida";"tipo_precio reparado de dia a día"
1452;sucursales_lugares.csv;"La Florida";"fecha_inicio_vigencia reparada de 30-05-25 a 2025-05-30"
1452;sucursales_lugares.csv;"La Florida";"fecha_fin_vigencia reparada de 29-06-25 a 2025-06-29"
1453;sucursales_lugares.csv;"La Florida";"tipo_precio reparado de dia a día"
1453;sucursales_lugares.csv;"La Florida";"fecha_inicio_vigencia reparada de 09-09-25 a 2025-09-09"
1453;sucursales_lugares.csv;"La Florida";"fecha_fin_vigencia reparada de 23-09-25 a 2025-09-23"
1454;sucursales_lugares.csv;"La Florida";"tipo_precio reparado de dia a día"
1454;sucursales_lugares.csv;"La Florida";"fecha_inicio_vigencia reparada de 02-03-24 a 2024-03-02"
1454;sucursales_lugares.csv;"La Florida";"fecha_fin_vigencia reparada de 01-05-24 a 2024-05-01"
1455;sucursales_lugares.csv;"La Florida";"tipo_precio reparado de dia a día"
1455;sucursales_lugares.csv;"La Florida";"fecha_inicio_vigencia reparada de 11-10-25 a 2025-10-11"
1455;sucursales_lugares.csv;"La Florida";"fecha_fin_vigencia reparada de 10-12-25 a 2025-12-10"
1456;sucursales_lugares.csv;"La Florida";"tipo_precio reparado de dia a día"
1456;sucursales_lugares.csv;"La Florida";"fecha_inicio_vigencia reparada de 10-11-24 a 2024-11-10"
1456;sucursales_lugares.csv;"La Florida";"fecha_fin_vigencia reparada de 08-02-25 a 2025-02-08"
1457;sucursales_lugares.csv;"La Florida";"tipo_precio reparado de dia a día"
1457;sucursales_lugares.csv;"La Florida";"fecha_inicio_vigencia reparada de 13-05-25 a 2025-05-13"
1457;sucursales_lugares.csv;"La Florida";"fecha_fin_vigencia reparada de 12-07-25 a 2025-07-12"
1458;sucursales_lugares.csv;"La Florida";"tipo_precio reparado de dia a día"
1458;sucursales_lugares.csv;"La Florida";"fecha_inicio_vigencia reparada de 02-01-24 a 2024-01-02"
1458;sucursales_lugares.csv;"La Florida";"fecha_fin_vigencia reparada de 02-03-24 a 2024-03-02"
1459;sucursales_lugares.csv;"La Florida";"tipo_precio reparado de dia a día"
1459;sucursales_lugares.csv;"La Florida";"fecha_inicio_vigencia reparada de 14-01-25 a 2025-01-14"
1459;sucursales_lugares.csv;"La Florida";"fecha_fin_vigencia reparada de 13-02-25 a 2025-02-13"
1460;sucursales_lugares.csv;"La Florida";"tipo_precio reparado de dia a día"
1460;sucursales_lugares.csv;"La Florida";"fecha_inicio_vigencia reparada de 13-07-24 a 2024-07-13"
1460;sucursales_lugares.csv;"La Florida";"fecha_fin_vigencia reparada de 27-07-24 a 2024-07-27"
1461;sucursales_lugares.csv;"La Florida";"tipo_precio reparado de dia a día"
1461;sucursales_lugares.csv;"La Florida";"fecha_inicio_vigencia reparada de 17-03-24 a 2024-03-17"
1461;sucursales_lugares.csv;"La Florida";"fecha_fin_vigencia reparada de 16-04-24 a 2024-04-16"
1462;sucursales_lugares.csv;"La Florida";"tipo_precio reparado de dia a día"
1462;sucursales_lugares.csv;"La Florida";"fecha_inicio_vigencia reparada de 24-08-25 a 2025-08-24"
1462;sucursales_lugares.csv;"La Florida";"fecha_fin_vigencia reparada de 22-11-25 a 2025-11-22"
1463;sucursales_lugares.csv;"La Florida";"tipo_precio reparado de dia a día"
1463;sucursales_lugares.csv;"La Florida";"fecha_inicio_vigencia reparada de 10-06-24 a 2024-06-10"
1463;sucursales_lugares.csv;"La Florida";"fecha_fin_vigencia reparada de 24-06-24 a 2024-06-24"
1464;sucursales_lugares.csv;"La Florida";"tipo_precio reparado de dia a día"
1464;sucursales_lugares.csv;"La Florida";"fecha_inicio_vigencia reparada de 14-07-24 a 2024-07-14"
1464;sucursales_lugares.csv;"La Florida";"fecha_fin_vigencia reparada de 13-08-24 a 2024-08-13"
1465;sucursales_lugares.csv;"La Florida";"tipo_precio reparado de dia a día"
1465;sucursales_lugares.csv;"La Florida";"fecha_inicio_vigencia reparada de 13-10-25 a 2025-10-13"
1465;sucursales_lugares.csv;"La Florida";"fecha_fin_vigencia reparada de 27-10-25 a 2025-10-27"
1466;sucursales_lugares.csv;"La Florida";"fecha_inicio_vigencia reparada de 07-10-24 a 2024-10-07"
1466;sucursales_lugares.csv;"La Florida";"fecha_fin_vigencia reparada de 06-12-24 a 2024-12-06"
1466;sucursales_lugares.csv;"La Florida";"Fila enviada a ERR: precio debe ser un numero."
1467;sucursales_lugares.csv;"La Florida";"fecha_inicio_vigencia reparada de 10-02-25 a 2025-02-10"
1467;sucursales_lugares.csv;"La Florida";"fecha_fin_vigencia reparada de 11-04-25 a 2025-04-11"
1468;sucursales_lugares.csv;"La Florida";"fecha_inicio_vigencia reparada de 22-04-25 a 2025-04-22"
1468;sucursales_lugares.csv;"La Florida";"fecha_fin_vigencia reparada de 22-05-25 a 2025-05-22"
1469;sucursales_lugares.csv;"La Florida";"fecha_inicio_vigencia reparada de 18-10-24 a 2024-10-18"
1469;sucursales_lugares.csv;"La Florida";"fecha_fin_vigencia reparada de 25-10-24 a 2024-10-25"
1470;sucursales_lugares.csv;"La Florida";"fecha_inicio_vigencia reparada de 23-11-25 a 2025-11-23"
1470;sucursales_lugares.csv;"La Florida";"fecha_fin_vigencia reparada de 22-01-26 a 2026-01-22"
1471;sucursales_lugares.csv;"La Florida";"fecha_inicio_vigencia reparada de 25-11-25 a 2025-11-25"
1471;sucursales_lugares.csv;"La Florida";"fecha_fin_vigencia reparada de 24-01-26 a 2026-01-24"
1472;sucursales_lugares.csv;"La Florida";"fecha_inicio_vigencia reparada de 14-04-24 a 2024-04-14"
1472;sucursales_lugares.csv;"La Florida";"fecha_fin_vigencia reparada de 21-04-24 a 2024-04-21"
1473;sucursales_lugares.csv;"La Florida";"fecha_inicio_vigencia reparada de 30-04-25 a 2025-04-30"
1473;sucursales_lugares.csv;"La Florida";"fecha_fin_vigencia reparada de 07-05-25 a 2025-05-07"
1474;sucursales_lugares.csv;"Santa Cruz";"tipo_precio tiene valor no permitido mesa_hora, se deja nulo."
1474;sucursales_lugares.csv;"Santa Cruz";"fecha_inicio_vigencia reparada de 24-09-24 a 2024-09-24"
1474;sucursales_lugares.csv;"Santa Cruz";"fecha_fin_vigencia reparada de 08-10-24 a 2024-10-08"
1474;sucursales_lugares.csv;"Santa Cruz";"Fila enviada a ERR: precio es obligatorio y viene nulo."
1475;sucursales_lugares.csv;"Santa Cruz";"tipo_precio tiene valor no permitido mesa_hora, se deja nulo."
1475;sucursales_lugares.csv;"Santa Cruz";"fecha_inicio_vigencia reparada de 10-02-24 a 2024-02-10"
1475;sucursales_lugares.csv;"Santa Cruz";"fecha_fin_vigencia reparada de 24-02-24 a 2024-02-24"
1475;sucursales_lugares.csv;"Santa Cruz";"Fila enviada a ERR: precio es obligatorio y viene nulo."
1476;sucursales_lugares.csv;"Santa Cruz";"tipo_precio tiene valor no permitido mesa_hora, se deja nulo."
1476;sucursales_lugares.csv;"Santa Cruz";"fecha_inicio_vigencia reparada de 12-02-24 a 2024-02-12"
1476;sucursales_lugares.csv;"Santa Cruz";"fecha_fin_vigencia reparada de 13-03-24 a 2024-03-13"
1476;sucursales_lugares.csv;"Santa Cruz";"Fila enviada a ERR: precio es obligatorio y viene nulo."
1477;sucursales_lugares.csv;"Santa Cruz";"tipo_precio tiene valor no permitido mesa_hora, se deja nulo."
1477;sucursales_lugares.csv;"Santa Cruz";"fecha_inicio_vigencia reparada de 05-05-25 a 2025-05-05"
1477;sucursales_lugares.csv;"Santa Cruz";"fecha_fin_vigencia reparada de 12-05-25 a 2025-05-12"
1477;sucursales_lugares.csv;"Santa Cruz";"Fila enviada a ERR: precio es obligatorio y viene nulo."
1478;sucursales_lugares.csv;"Santa Cruz";"tipo_precio tiene valor no permitido mesa_hora, se deja nulo."
1478;sucursales_lugares.csv;"Santa Cruz";"fecha_inicio_vigencia reparada de 29-02-24 a 2024-02-29"
1478;sucursales_lugares.csv;"Santa Cruz";"fecha_fin_vigencia reparada de 30-03-24 a 2024-03-30"
1478;sucursales_lugares.csv;"Santa Cruz";"Fila enviada a ERR: precio es obligatorio y viene nulo."
1479;sucursales_lugares.csv;"Santa Cruz";"tipo_precio tiene valor no permitido mesa_hora, se deja nulo."
1479;sucursales_lugares.csv;"Santa Cruz";"fecha_inicio_vigencia reparada de 18-11-25 a 2025-11-18"
1479;sucursales_lugares.csv;"Santa Cruz";"fecha_fin_vigencia reparada de 17-01-26 a 2026-01-17"
1479;sucursales_lugares.csv;"Santa Cruz";"Fila enviada a ERR: precio es obligatorio y viene nulo."
1480;sucursales_lugares.csv;"Santa Cruz";"tipo_precio tiene valor no permitido mesa_hora, se deja nulo."
1480;sucursales_lugares.csv;"Santa Cruz";"fecha_inicio_vigencia reparada de 04-08-25 a 2025-08-04"
1480;sucursales_lugares.csv;"Santa Cruz";"fecha_fin_vigencia reparada de 03-09-25 a 2025-09-03"
1480;sucursales_lugares.csv;"Santa Cruz";"Fila enviada a ERR: precio es obligatorio y viene nulo."
1481;sucursales_lugares.csv;"Santa Cruz";"tipo_precio tiene valor no permitido mesa_hora, se deja nulo."
1481;sucursales_lugares.csv;"Santa Cruz";"fecha_inicio_vigencia reparada de 03-09-24 a 2024-09-03"
1481;sucursales_lugares.csv;"Santa Cruz";"fecha_fin_vigencia reparada de 02-11-24 a 2024-11-02"
1481;sucursales_lugares.csv;"Santa Cruz";"Fila enviada a ERR: precio es obligatorio y viene nulo."
1482;sucursales_lugares.csv;"Santa Cruz";"tipo_precio tiene valor no permitido mesa_hora, se deja nulo."
1482;sucursales_lugares.csv;"Santa Cruz";"fecha_inicio_vigencia reparada de 29-08-24 a 2024-08-29"
1482;sucursales_lugares.csv;"Santa Cruz";"fecha_fin_vigencia reparada de 12-09-24 a 2024-09-12"
1482;sucursales_lugares.csv;"Santa Cruz";"Fila enviada a ERR: precio es obligatorio y viene nulo."
1483;sucursales_lugares.csv;"Santa Cruz";"tipo_precio tiene valor no permitido mesa_hora, se deja nulo."
1483;sucursales_lugares.csv;"Santa Cruz";"fecha_inicio_vigencia reparada de 07-04-24 a 2024-04-07"
1483;sucursales_lugares.csv;"Santa Cruz";"fecha_fin_vigencia reparada de 21-04-24 a 2024-04-21"
1483;sucursales_lugares.csv;"Santa Cruz";"Fila enviada a ERR: precio debe ser un numero."
1484;sucursales_lugares.csv;"Santa Cruz";"tipo_precio tiene valor no permitido mesa_hora, se deja nulo."
1484;sucursales_lugares.csv;"Santa Cruz";"fecha_inicio_vigencia reparada de 13-01-24 a 2024-01-13"
1484;sucursales_lugares.csv;"Santa Cruz";"fecha_fin_vigencia reparada de 20-01-24 a 2024-01-20"
1484;sucursales_lugares.csv;"Santa Cruz";"Fila enviada a ERR: precio es obligatorio y viene nulo."
1485;sucursales_lugares.csv;"Santa Cruz";"tipo_precio tiene valor no permitido mesa_hora, se deja nulo."
1485;sucursales_lugares.csv;"Santa Cruz";"fecha_inicio_vigencia reparada de 24-01-24 a 2024-01-24"
1485;sucursales_lugares.csv;"Santa Cruz";"fecha_fin_vigencia reparada de 23-04-24 a 2024-04-23"
1485;sucursales_lugares.csv;"Santa Cruz";"Fila enviada a ERR: precio es obligatorio y viene nulo."
1486;sucursales_lugares.csv;"Santa Cruz";"tipo_precio tiene valor no permitido mesa_hora, se deja nulo."
1486;sucursales_lugares.csv;"Santa Cruz";"fecha_inicio_vigencia reparada de 09-11-24 a 2024-11-09"
1486;sucursales_lugares.csv;"Santa Cruz";"fecha_fin_vigencia reparada de 09-12-24 a 2024-12-09"
1486;sucursales_lugares.csv;"Santa Cruz";"Fila enviada a ERR: precio es obligatorio y viene nulo."
1487;sucursales_lugares.csv;"Santa Cruz";"tipo_precio tiene valor no permitido mesa_hora, se deja nulo."
1487;sucursales_lugares.csv;"Santa Cruz";"fecha_inicio_vigencia reparada de 03-06-25 a 2025-06-03"
1487;sucursales_lugares.csv;"Santa Cruz";"fecha_fin_vigencia reparada de 01-09-25 a 2025-09-01"
1487;sucursales_lugares.csv;"Santa Cruz";"Fila enviada a ERR: precio es obligatorio y viene nulo."
1488;sucursales_lugares.csv;"Santa Cruz";"tipo_precio tiene valor no permitido mesa_hora, se deja nulo."
1488;sucursales_lugares.csv;"Santa Cruz";"fecha_inicio_vigencia reparada de 16-10-24 a 2024-10-16"
1488;sucursales_lugares.csv;"Santa Cruz";"fecha_fin_vigencia reparada de 15-12-24 a 2024-12-15"
1488;sucursales_lugares.csv;"Santa Cruz";"Fila enviada a ERR: precio es obligatorio y viene nulo."
1489;sucursales_lugares.csv;"Santa Cruz";"tipo_precio tiene valor no permitido mesa_hora, se deja nulo."
1489;sucursales_lugares.csv;"Santa Cruz";"fecha_inicio_vigencia reparada de 16-05-25 a 2025-05-16"
1489;sucursales_lugares.csv;"Santa Cruz";"fecha_fin_vigencia reparada de 15-06-25 a 2025-06-15"
1489;sucursales_lugares.csv;"Santa Cruz";"Fila enviada a ERR: precio es obligatorio y viene nulo."
1490;sucursales_lugares.csv;"Santa Cruz";"tipo_precio tiene valor no permitido linea_hora, se deja nulo."
1490;sucursales_lugares.csv;"Santa Cruz";"fecha_inicio_vigencia reparada de 08-04-25 a 2025-04-08"
1490;sucursales_lugares.csv;"Santa Cruz";"fecha_fin_vigencia reparada de 07-06-25 a 2025-06-07"
1491;sucursales_lugares.csv;"Santa Cruz";"tipo_precio tiene valor no permitido linea_hora, se deja nulo."
1491;sucursales_lugares.csv;"Santa Cruz";"fecha_inicio_vigencia reparada de 27-09-25 a 2025-09-27"
1491;sucursales_lugares.csv;"Santa Cruz";"fecha_fin_vigencia reparada de 11-10-25 a 2025-10-11"
1492;sucursales_lugares.csv;"Santa Cruz";"tipo_precio tiene valor no permitido linea_hora, se deja nulo."
1492;sucursales_lugares.csv;"Santa Cruz";"fecha_inicio_vigencia reparada de 27-04-24 a 2024-04-27"
1492;sucursales_lugares.csv;"Santa Cruz";"fecha_fin_vigencia reparada de 26-06-24 a 2024-06-26"
1493;sucursales_lugares.csv;"Santa Cruz";"tipo_precio tiene valor no permitido linea_hora, se deja nulo."
1493;sucursales_lugares.csv;"Santa Cruz";"fecha_inicio_vigencia reparada de 15-03-25 a 2025-03-15"
1493;sucursales_lugares.csv;"Santa Cruz";"fecha_fin_vigencia reparada de 14-05-25 a 2025-05-14"
1494;sucursales_lugares.csv;"Santa Cruz";"tipo_precio tiene valor no permitido linea_hora, se deja nulo."
1494;sucursales_lugares.csv;"Santa Cruz";"fecha_inicio_vigencia reparada de 20-09-25 a 2025-09-20"
1494;sucursales_lugares.csv;"Santa Cruz";"fecha_fin_vigencia reparada de 19-11-25 a 2025-11-19"
1495;sucursales_lugares.csv;"Santa Cruz";"tipo_precio tiene valor no permitido linea_hora, se deja nulo."
1495;sucursales_lugares.csv;"Santa Cruz";"fecha_inicio_vigencia reparada de 13-04-25 a 2025-04-13"
1495;sucursales_lugares.csv;"Santa Cruz";"fecha_fin_vigencia reparada de 13-05-25 a 2025-05-13"
1496;sucursales_lugares.csv;"Santa Cruz";"tipo_precio tiene valor no permitido linea_hora, se deja nulo."
1496;sucursales_lugares.csv;"Santa Cruz";"fecha_inicio_vigencia reparada de 21-10-24 a 2024-10-21"
1496;sucursales_lugares.csv;"Santa Cruz";"fecha_fin_vigencia reparada de 28-10-24 a 2024-10-28"
1497;sucursales_lugares.csv;"Santa Cruz";"tipo_precio tiene valor no permitido linea_hora, se deja nulo."
1497;sucursales_lugares.csv;"Santa Cruz";"fecha_inicio_vigencia reparada de 28-03-24 a 2024-03-28"
1497;sucursales_lugares.csv;"Santa Cruz";"fecha_fin_vigencia reparada de 11-04-24 a 2024-04-11"
1498;sucursales_lugares.csv;"Santa Cruz";"tipo_precio tiene valor no permitido linea_hora, se deja nulo."
1498;sucursales_lugares.csv;"Santa Cruz";"fecha_inicio_vigencia reparada de 15-04-25 a 2025-04-15"
1498;sucursales_lugares.csv;"Santa Cruz";"fecha_fin_vigencia reparada de 14-06-25 a 2025-06-14"
1499;sucursales_lugares.csv;"Santa Cruz";"tipo_precio tiene valor no permitido linea_hora, se deja nulo."
1499;sucursales_lugares.csv;"Santa Cruz";"fecha_inicio_vigencia reparada de 20-05-24 a 2024-05-20"
1499;sucursales_lugares.csv;"Santa Cruz";"fecha_fin_vigencia reparada de 19-07-24 a 2024-07-19"
1500;sucursales_lugares.csv;"Santa Cruz";"tipo_precio tiene valor no permitido linea_hora, se deja nulo."
1500;sucursales_lugares.csv;"Santa Cruz";"fecha_inicio_vigencia reparada de 27-08-24 a 2024-08-27"
1500;sucursales_lugares.csv;"Santa Cruz";"fecha_fin_vigencia reparada de 25-11-24 a 2024-11-25"
1501;sucursales_lugares.csv;"Santa Cruz";"tipo_precio tiene valor no permitido linea_hora, se deja nulo."
1501;sucursales_lugares.csv;"Santa Cruz";"fecha_inicio_vigencia reparada de 29-09-24 a 2024-09-29"
1501;sucursales_lugares.csv;"Santa Cruz";"fecha_fin_vigencia reparada de 28-12-24 a 2024-12-28"
1502;sucursales_lugares.csv;"Santa Cruz";"tipo_precio tiene valor no permitido linea_hora, se deja nulo."
1502;sucursales_lugares.csv;"Santa Cruz";"fecha_inicio_vigencia reparada de 15-08-25 a 2025-08-15"
1502;sucursales_lugares.csv;"Santa Cruz";"fecha_fin_vigencia reparada de 14-10-25 a 2025-10-14"
1503;sucursales_lugares.csv;"Santa Cruz";"tipo_precio tiene valor no permitido linea_hora, se deja nulo."
1503;sucursales_lugares.csv;"Santa Cruz";"fecha_inicio_vigencia reparada de 25-07-24 a 2024-07-25"
1503;sucursales_lugares.csv;"Santa Cruz";"fecha_fin_vigencia reparada de 08-08-24 a 2024-08-08"
1504;sucursales_lugares.csv;"Santa Cruz";"tipo_precio tiene valor no permitido linea_hora, se deja nulo."
1504;sucursales_lugares.csv;"Santa Cruz";"fecha_inicio_vigencia reparada de 07-09-25 a 2025-09-07"
1504;sucursales_lugares.csv;"Santa Cruz";"fecha_fin_vigencia reparada de 07-10-25 a 2025-10-07"
1505;sucursales_lugares.csv;"Santa Cruz";"tipo_precio tiene valor no permitido linea_hora, se deja nulo."
1505;sucursales_lugares.csv;"Santa Cruz";"fecha_inicio_vigencia reparada de 11-07-24 a 2024-07-11"
1505;sucursales_lugares.csv;"Santa Cruz";"fecha_fin_vigencia reparada de 09-10-24 a 2024-10-09"
1506;sucursales_lugares.csv;"Santa Cruz";"tipo_precio reparado de dia a día"
1506;sucursales_lugares.csv;"Santa Cruz";"fecha_inicio_vigencia reparada de 28-02-24 a 2024-02-28"
1506;sucursales_lugares.csv;"Santa Cruz";"fecha_fin_vigencia reparada de 28-04-24 a 2024-04-28"
1507;sucursales_lugares.csv;"Santa Cruz";"tipo_precio reparado de dia a día"
1507;sucursales_lugares.csv;"Santa Cruz";"fecha_inicio_vigencia reparada de 19-10-25 a 2025-10-19"
1507;sucursales_lugares.csv;"Santa Cruz";"fecha_fin_vigencia reparada de 02-11-25 a 2025-11-02"
1508;sucursales_lugares.csv;"Santa Cruz";"tipo_precio tiene valor no permitido tramo, se deja nulo."
1508;sucursales_lugares.csv;"Santa Cruz";"fecha_inicio_vigencia reparada de 21-12-24 a 2024-12-21"
1508;sucursales_lugares.csv;"Santa Cruz";"fecha_fin_vigencia reparada de 19-02-25 a 2025-02-19"
1509;sucursales_lugares.csv;"Santa Cruz";"tipo_precio tiene valor no permitido tramo, se deja nulo."
1509;sucursales_lugares.csv;"Santa Cruz";"fecha_inicio_vigencia reparada de 05-07-24 a 2024-07-05"
1509;sucursales_lugares.csv;"Santa Cruz";"fecha_fin_vigencia reparada de 03-09-24 a 2024-09-03"
1510;sucursales_lugares.csv;"Santa Cruz";"tipo_precio reparado de dia a día"
1510;sucursales_lugares.csv;"Santa Cruz";"fecha_inicio_vigencia reparada de 11-03-25 a 2025-03-11"
1510;sucursales_lugares.csv;"Santa Cruz";"fecha_fin_vigencia reparada de 09-06-25 a 2025-06-09"
1511;sucursales_lugares.csv;"Santa Cruz";"tipo_precio reparado de dia a día"
1511;sucursales_lugares.csv;"Santa Cruz";"fecha_inicio_vigencia reparada de 29-10-25 a 2025-10-29"
1511;sucursales_lugares.csv;"Santa Cruz";"fecha_fin_vigencia reparada de 28-11-25 a 2025-11-28"
1512;sucursales_lugares.csv;"Santa Cruz";"tipo_precio reparado de dia a día"
1512;sucursales_lugares.csv;"Santa Cruz";"fecha_inicio_vigencia reparada de 26-08-24 a 2024-08-26"
1512;sucursales_lugares.csv;"Santa Cruz";"fecha_fin_vigencia reparada de 25-10-24 a 2024-10-25"
1513;sucursales_lugares.csv;"Santa Cruz";"tipo_precio reparado de dia a día"
1513;sucursales_lugares.csv;"Santa Cruz";"fecha_inicio_vigencia reparada de 09-06-24 a 2024-06-09"
1513;sucursales_lugares.csv;"Santa Cruz";"fecha_fin_vigencia reparada de 23-06-24 a 2024-06-23"
1514;sucursales_lugares.csv;"Santa Cruz";"tipo_precio reparado de dia a día"
1514;sucursales_lugares.csv;"Santa Cruz";"fecha_inicio_vigencia reparada de 14-07-24 a 2024-07-14"
1514;sucursales_lugares.csv;"Santa Cruz";"fecha_fin_vigencia reparada de 13-08-24 a 2024-08-13"
1515;sucursales_lugares.csv;"Santa Cruz";"tipo_precio reparado de dia a día"
1515;sucursales_lugares.csv;"Santa Cruz";"fecha_inicio_vigencia con formato incompleto o que no se pudo reparar, se reemplaza por nulo"
1515;sucursales_lugares.csv;"Santa Cruz";"fecha_fin_vigencia reparada de 14-05-25 a 2025-05-14"
1515;sucursales_lugares.csv;"Santa Cruz";"Fila enviada a ERR: precio debe ser un numero."
1516;sucursales_lugares.csv;"Santa Cruz";"tipo_precio reparado de dia a día"
1516;sucursales_lugares.csv;"Santa Cruz";"fecha_inicio_vigencia reparada de 26-04-24 a 2024-04-26"
1516;sucursales_lugares.csv;"Santa Cruz";"fecha_fin_vigencia reparada de 26-05-24 a 2024-05-26"
1517;sucursales_lugares.csv;"Santa Cruz";"tipo_precio reparado de dia a día"
1517;sucursales_lugares.csv;"Santa Cruz";"fecha_inicio_vigencia reparada de 05-10-24 a 2024-10-05"
1517;sucursales_lugares.csv;"Santa Cruz";"fecha_fin_vigencia reparada de 12-10-24 a 2024-10-12"
1518;sucursales_lugares.csv;"Santa Cruz";"tipo_precio reparado de dia a día"
1518;sucursales_lugares.csv;"Santa Cruz";"fecha_inicio_vigencia reparada de 24-09-25 a 2025-09-24"
1518;sucursales_lugares.csv;"Santa Cruz";"fecha_fin_vigencia reparada de 23-12-25 a 2025-12-23"
1519;sucursales_lugares.csv;"Santa Cruz";"tipo_precio reparado de dia a día"
1519;sucursales_lugares.csv;"Santa Cruz";"fecha_inicio_vigencia reparada de 22-09-25 a 2025-09-22"
1519;sucursales_lugares.csv;"Santa Cruz";"fecha_fin_vigencia reparada de 21-11-25 a 2025-11-21"
1520;sucursales_lugares.csv;"Santa Cruz";"tipo_precio reparado de dia a día"
1520;sucursales_lugares.csv;"Santa Cruz";"fecha_inicio_vigencia con formato incompleto o que no se pudo reparar, se reemplaza por nulo"
1520;sucursales_lugares.csv;"Santa Cruz";"fecha_fin_vigencia reparada de 30-04-24 a 2024-04-30"
1520;sucursales_lugares.csv;"Santa Cruz";"Fila enviada a ERR: precio debe ser un numero."
1521;sucursales_lugares.csv;"Santa Cruz";"tipo_precio reparado de dia a día"
1521;sucursales_lugares.csv;"Santa Cruz";"fecha_inicio_vigencia reparada de 06-04-25 a 2025-04-06"
1521;sucursales_lugares.csv;"Santa Cruz";"fecha_fin_vigencia reparada de 13-04-25 a 2025-04-13"
1522;sucursales_lugares.csv;"Santa Cruz";"tipo_precio reparado de dia a día"
1522;sucursales_lugares.csv;"Santa Cruz";"fecha_inicio_vigencia reparada de 15-08-24 a 2024-08-15"
1522;sucursales_lugares.csv;"Santa Cruz";"fecha_fin_vigencia reparada de 22-08-24 a 2024-08-22"
1523;sucursales_lugares.csv;"Santa Cruz";"tipo_precio reparado de dia a día"
1523;sucursales_lugares.csv;"Santa Cruz";"fecha_inicio_vigencia reparada de 02-05-25 a 2025-05-02"
1523;sucursales_lugares.csv;"Santa Cruz";"fecha_fin_vigencia reparada de 31-07-25 a 2025-07-31"
1524;sucursales_lugares.csv;"Santa Cruz";"tipo_precio reparado de dia a día"
1524;sucursales_lugares.csv;"Santa Cruz";"fecha_inicio_vigencia reparada de 28-07-25 a 2025-07-28"
1524;sucursales_lugares.csv;"Santa Cruz";"fecha_fin_vigencia reparada de 27-08-25 a 2025-08-27"
1525;sucursales_lugares.csv;"Santa Cruz";"tipo_precio reparado de dia a día"
1525;sucursales_lugares.csv;"Santa Cruz";"fecha_inicio_vigencia reparada de 17-07-25 a 2025-07-17"
1525;sucursales_lugares.csv;"Santa Cruz";"fecha_fin_vigencia reparada de 15-10-25 a 2025-10-15"
1526;sucursales_lugares.csv;"Santa Cruz";"tipo_precio reparado de dia a día"
1526;sucursales_lugares.csv;"Santa Cruz";"fecha_inicio_vigencia con formato incompleto o que no se pudo reparar, se reemplaza por nulo"
1526;sucursales_lugares.csv;"Santa Cruz";"fecha_fin_vigencia reparada de 10-05-25 a 2025-05-10"
1527;sucursales_lugares.csv;"Santa Cruz";"tipo_precio reparado de dia a día"
1527;sucursales_lugares.csv;"Santa Cruz";"fecha_inicio_vigencia reparada de 12-07-24 a 2024-07-12"
1527;sucursales_lugares.csv;"Santa Cruz";"fecha_fin_vigencia reparada de 26-07-24 a 2024-07-26"
1528;sucursales_lugares.csv;"Santa Cruz";"tipo_precio reparado de dia a día"
1528;sucursales_lugares.csv;"Santa Cruz";"fecha_inicio_vigencia reparada de 30-04-24 a 2024-04-30"
1528;sucursales_lugares.csv;"Santa Cruz";"fecha_fin_vigencia reparada de 07-05-24 a 2024-05-07"
1529;sucursales_lugares.csv;"Santa Cruz";"tipo_precio reparado de dia a día"
1529;sucursales_lugares.csv;"Santa Cruz";"fecha_inicio_vigencia reparada de 17-03-24 a 2024-03-17"
1529;sucursales_lugares.csv;"Santa Cruz";"fecha_fin_vigencia reparada de 31-03-24 a 2024-03-31"
1530;sucursales_lugares.csv;"Santa Cruz";"fecha_inicio_vigencia reparada de 21-10-24 a 2024-10-21"
1530;sucursales_lugares.csv;"Santa Cruz";"fecha_fin_vigencia reparada de 04-11-24 a 2024-11-04"
1531;sucursales_lugares.csv;"Santa Cruz";"fecha_inicio_vigencia con formato incompleto o que no se pudo reparar, se reemplaza por nulo"
1531;sucursales_lugares.csv;"Santa Cruz";"fecha_fin_vigencia reparada de 01-06-25 a 2025-06-01"
1532;sucursales_lugares.csv;"Santa Cruz";"fecha_inicio_vigencia reparada de 16-11-25 a 2025-11-16"
1532;sucursales_lugares.csv;"Santa Cruz";"fecha_fin_vigencia reparada de 23-11-25 a 2025-11-23"
1533;sucursales_lugares.csv;"Santa Cruz";"fecha_inicio_vigencia reparada de 13-01-25 a 2025-01-13"
1533;sucursales_lugares.csv;"Santa Cruz";"fecha_fin_vigencia reparada de 20-01-25 a 2025-01-20"
1534;sucursales_lugares.csv;"Santa Cruz";"fecha_inicio_vigencia reparada de 10-02-25 a 2025-02-10"
1534;sucursales_lugares.csv;"Santa Cruz";"fecha_fin_vigencia reparada de 24-02-25 a 2025-02-24"
1535;sucursales_lugares.csv;"Santa Cruz";"fecha_inicio_vigencia reparada de 10-10-25 a 2025-10-10"
1535;sucursales_lugares.csv;"Santa Cruz";"fecha_fin_vigencia reparada de 09-12-25 a 2025-12-09"
1536;sucursales_lugares.csv;"Santa Cruz";"fecha_inicio_vigencia con formato incompleto o que no se pudo reparar, se reemplaza por nulo"
1536;sucursales_lugares.csv;"Santa Cruz";"fecha_fin_vigencia reparada de 03-01-25 a 2025-01-03"
1536;sucursales_lugares.csv;"Santa Cruz";"Fila enviada a ERR: precio debe ser un numero."
1537;sucursales_lugares.csv;"Santa Cruz";"fecha_inicio_vigencia reparada de 29-01-24 a 2024-01-29"
1537;sucursales_lugares.csv;"Santa Cruz";"fecha_fin_vigencia reparada de 05-02-24 a 2024-02-05"
1538;sucursales_lugares.csv;"Santiago Centro";"tipo_precio tiene valor no permitido mesa_hora, se deja nulo."
1538;sucursales_lugares.csv;"Santiago Centro";"fecha_inicio_vigencia reparada de 13-11-24 a 2024-11-13"
1538;sucursales_lugares.csv;"Santiago Centro";"fecha_fin_vigencia reparada de 20-11-24 a 2024-11-20"
1538;sucursales_lugares.csv;"Santiago Centro";"Fila enviada a ERR: precio es obligatorio y viene nulo."
1539;sucursales_lugares.csv;"Santiago Centro";"tipo_precio tiene valor no permitido mesa_hora, se deja nulo."
1539;sucursales_lugares.csv;"Santiago Centro";"fecha_inicio_vigencia reparada de 19-04-25 a 2025-04-19"
1539;sucursales_lugares.csv;"Santiago Centro";"fecha_fin_vigencia reparada de 18-07-25 a 2025-07-18"
1539;sucursales_lugares.csv;"Santiago Centro";"Fila enviada a ERR: precio es obligatorio y viene nulo."
1540;sucursales_lugares.csv;"Santiago Centro";"tipo_precio tiene valor no permitido mesa_hora, se deja nulo."
1540;sucursales_lugares.csv;"Santiago Centro";"fecha_inicio_vigencia reparada de 29-06-24 a 2024-06-29"
1540;sucursales_lugares.csv;"Santiago Centro";"fecha_fin_vigencia reparada de 28-08-24 a 2024-08-28"
1540;sucursales_lugares.csv;"Santiago Centro";"Fila enviada a ERR: precio es obligatorio y viene nulo."
1541;sucursales_lugares.csv;"Santiago Centro";"tipo_precio tiene valor no permitido mesa_hora, se deja nulo."
1541;sucursales_lugares.csv;"Santiago Centro";"fecha_inicio_vigencia reparada de 04-11-25 a 2025-11-04"
1541;sucursales_lugares.csv;"Santiago Centro";"fecha_fin_vigencia reparada de 02-02-26 a 2026-02-02"
1541;sucursales_lugares.csv;"Santiago Centro";"Fila enviada a ERR: precio es obligatorio y viene nulo."
1542;sucursales_lugares.csv;"Santiago Centro";"tipo_precio tiene valor no permitido mesa_hora, se deja nulo."
1542;sucursales_lugares.csv;"Santiago Centro";"fecha_inicio_vigencia reparada de 08-12-24 a 2024-12-08"
1542;sucursales_lugares.csv;"Santiago Centro";"fecha_fin_vigencia reparada de 08-03-25 a 2025-03-08"
1542;sucursales_lugares.csv;"Santiago Centro";"Fila enviada a ERR: precio es obligatorio y viene nulo."
1543;sucursales_lugares.csv;"Santiago Centro";"tipo_precio tiene valor no permitido mesa_hora, se deja nulo."
1543;sucursales_lugares.csv;"Santiago Centro";"fecha_inicio_vigencia reparada de 01-11-24 a 2024-11-01"
1543;sucursales_lugares.csv;"Santiago Centro";"fecha_fin_vigencia reparada de 01-12-24 a 2024-12-01"
1543;sucursales_lugares.csv;"Santiago Centro";"Fila enviada a ERR: precio es obligatorio y viene nulo."
1544;sucursales_lugares.csv;"Santiago Centro";"tipo_precio tiene valor no permitido mesa_hora, se deja nulo."
1544;sucursales_lugares.csv;"Santiago Centro";"fecha_inicio_vigencia reparada de 27-03-25 a 2025-03-27"
1544;sucursales_lugares.csv;"Santiago Centro";"fecha_fin_vigencia reparada de 25-06-25 a 2025-06-25"
1544;sucursales_lugares.csv;"Santiago Centro";"Fila enviada a ERR: precio es obligatorio y viene nulo."
1545;sucursales_lugares.csv;"Santiago Centro";"tipo_precio tiene valor no permitido mesa_hora, se deja nulo."
1545;sucursales_lugares.csv;"Santiago Centro";"fecha_inicio_vigencia reparada de 06-12-24 a 2024-12-06"
1545;sucursales_lugares.csv;"Santiago Centro";"fecha_fin_vigencia reparada de 13-12-24 a 2024-12-13"
1545;sucursales_lugares.csv;"Santiago Centro";"Fila enviada a ERR: precio es obligatorio y viene nulo."
1546;sucursales_lugares.csv;"Santiago Centro";"tipo_precio tiene valor no permitido mesa_hora, se deja nulo."
1546;sucursales_lugares.csv;"Santiago Centro";"fecha_inicio_vigencia reparada de 14-08-24 a 2024-08-14"
1546;sucursales_lugares.csv;"Santiago Centro";"fecha_fin_vigencia reparada de 13-10-24 a 2024-10-13"
1546;sucursales_lugares.csv;"Santiago Centro";"Fila enviada a ERR: precio es obligatorio y viene nulo."
1547;sucursales_lugares.csv;"Santiago Centro";"tipo_precio tiene valor no permitido mesa_hora, se deja nulo."
1547;sucursales_lugares.csv;"Santiago Centro";"fecha_inicio_vigencia reparada de 18-04-25 a 2025-04-18"
1547;sucursales_lugares.csv;"Santiago Centro";"fecha_fin_vigencia reparada de 18-05-25 a 2025-05-18"
1547;sucursales_lugares.csv;"Santiago Centro";"Fila enviada a ERR: precio es obligatorio y viene nulo."
1548;sucursales_lugares.csv;"Santiago Centro";"tipo_precio tiene valor no permitido mesa_hora, se deja nulo."
1548;sucursales_lugares.csv;"Santiago Centro";"fecha_inicio_vigencia reparada de 08-06-25 a 2025-06-08"
1548;sucursales_lugares.csv;"Santiago Centro";"fecha_fin_vigencia reparada de 06-09-25 a 2025-09-06"
1548;sucursales_lugares.csv;"Santiago Centro";"Fila enviada a ERR: precio es obligatorio y viene nulo."
1549;sucursales_lugares.csv;"Santiago Centro";"tipo_precio tiene valor no permitido mesa_hora, se deja nulo."
1549;sucursales_lugares.csv;"Santiago Centro";"fecha_inicio_vigencia reparada de 16-06-25 a 2025-06-16"
1549;sucursales_lugares.csv;"Santiago Centro";"fecha_fin_vigencia reparada de 16-07-25 a 2025-07-16"
1549;sucursales_lugares.csv;"Santiago Centro";"Fila enviada a ERR: precio es obligatorio y viene nulo."
1550;sucursales_lugares.csv;"Santiago Centro";"tipo_precio tiene valor no permitido mesa_hora, se deja nulo."
1550;sucursales_lugares.csv;"Santiago Centro";"fecha_inicio_vigencia reparada de 22-02-25 a 2025-02-22"
1550;sucursales_lugares.csv;"Santiago Centro";"fecha_fin_vigencia reparada de 23-04-25 a 2025-04-23"
1550;sucursales_lugares.csv;"Santiago Centro";"Fila enviada a ERR: precio es obligatorio y viene nulo."
1551;sucursales_lugares.csv;"Santiago Centro";"tipo_precio tiene valor no permitido mesa_hora, se deja nulo."
1551;sucursales_lugares.csv;"Santiago Centro";"fecha_inicio_vigencia reparada de 07-04-24 a 2024-04-07"
1551;sucursales_lugares.csv;"Santiago Centro";"fecha_fin_vigencia reparada de 14-04-24 a 2024-04-14"
1551;sucursales_lugares.csv;"Santiago Centro";"Fila enviada a ERR: precio es obligatorio y viene nulo."
1552;sucursales_lugares.csv;"Santiago Centro";"tipo_precio tiene valor no permitido mesa_hora, se deja nulo."
1552;sucursales_lugares.csv;"Santiago Centro";"fecha_inicio_vigencia reparada de 28-01-24 a 2024-01-28"
1552;sucursales_lugares.csv;"Santiago Centro";"fecha_fin_vigencia reparada de 27-04-24 a 2024-04-27"
1552;sucursales_lugares.csv;"Santiago Centro";"Fila enviada a ERR: precio es obligatorio y viene nulo."
1553;sucursales_lugares.csv;"Santiago Centro";"tipo_precio tiene valor no permitido mesa_hora, se deja nulo."
1553;sucursales_lugares.csv;"Santiago Centro";"fecha_inicio_vigencia reparada de 29-01-25 a 2025-01-29"
1553;sucursales_lugares.csv;"Santiago Centro";"fecha_fin_vigencia reparada de 05-02-25 a 2025-02-05"
1553;sucursales_lugares.csv;"Santiago Centro";"Fila enviada a ERR: precio es obligatorio y viene nulo."
1554;sucursales_lugares.csv;"Santiago Centro";"tipo_precio tiene valor no permitido linea_hora, se deja nulo."
1554;sucursales_lugares.csv;"Santiago Centro";"fecha_inicio_vigencia reparada de 08-07-24 a 2024-07-08"
1554;sucursales_lugares.csv;"Santiago Centro";"fecha_fin_vigencia reparada de 22-07-24 a 2024-07-22"
1555;sucursales_lugares.csv;"Santiago Centro";"tipo_precio tiene valor no permitido linea_hora, se deja nulo."
1555;sucursales_lugares.csv;"Santiago Centro";"fecha_inicio_vigencia reparada de 09-02-25 a 2025-02-09"
1555;sucursales_lugares.csv;"Santiago Centro";"fecha_fin_vigencia reparada de 10-05-25 a 2025-05-10"
1556;sucursales_lugares.csv;"Santiago Centro";"tipo_precio tiene valor no permitido linea_hora, se deja nulo."
1556;sucursales_lugares.csv;"Santiago Centro";"fecha_inicio_vigencia reparada de 24-10-25 a 2025-10-24"
1556;sucursales_lugares.csv;"Santiago Centro";"fecha_fin_vigencia reparada de 07-11-25 a 2025-11-07"
1557;sucursales_lugares.csv;"Santiago Centro";"tipo_precio tiene valor no permitido linea_hora, se deja nulo."
1557;sucursales_lugares.csv;"Santiago Centro";"fecha_inicio_vigencia reparada de 08-08-25 a 2025-08-08"
1557;sucursales_lugares.csv;"Santiago Centro";"fecha_fin_vigencia reparada de 06-11-25 a 2025-11-06"
1558;sucursales_lugares.csv;"Santiago Centro";"tipo_precio tiene valor no permitido linea_hora, se deja nulo."
1558;sucursales_lugares.csv;"Santiago Centro";"fecha_inicio_vigencia reparada de 10-09-25 a 2025-09-10"
1558;sucursales_lugares.csv;"Santiago Centro";"fecha_fin_vigencia reparada de 09-12-25 a 2025-12-09"
1559;sucursales_lugares.csv;"Santiago Centro";"tipo_precio tiene valor no permitido linea_hora, se deja nulo."
1559;sucursales_lugares.csv;"Santiago Centro";"fecha_inicio_vigencia reparada de 31-05-24 a 2024-05-31"
1559;sucursales_lugares.csv;"Santiago Centro";"fecha_fin_vigencia reparada de 07-06-24 a 2024-06-07"
1560;sucursales_lugares.csv;"Santiago Centro";"tipo_precio tiene valor no permitido linea_hora, se deja nulo."
1560;sucursales_lugares.csv;"Santiago Centro";"fecha_inicio_vigencia reparada de 04-11-24 a 2024-11-04"
1560;sucursales_lugares.csv;"Santiago Centro";"fecha_fin_vigencia reparada de 04-12-24 a 2024-12-04"
1561;sucursales_lugares.csv;"Santiago Centro";"tipo_precio tiene valor no permitido linea_hora, se deja nulo."
1561;sucursales_lugares.csv;"Santiago Centro";"fecha_inicio_vigencia reparada de 10-05-25 a 2025-05-10"
1561;sucursales_lugares.csv;"Santiago Centro";"fecha_fin_vigencia reparada de 08-08-25 a 2025-08-08"
1562;sucursales_lugares.csv;"Santiago Centro";"tipo_precio tiene valor no permitido linea_hora, se deja nulo."
1562;sucursales_lugares.csv;"Santiago Centro";"fecha_inicio_vigencia reparada de 06-02-24 a 2024-02-06"
1562;sucursales_lugares.csv;"Santiago Centro";"fecha_fin_vigencia reparada de 06-04-24 a 2024-04-06"
1563;sucursales_lugares.csv;"Santiago Centro";"tipo_precio tiene valor no permitido linea_hora, se deja nulo."
1563;sucursales_lugares.csv;"Santiago Centro";"fecha_inicio_vigencia reparada de 30-08-25 a 2025-08-30"
1563;sucursales_lugares.csv;"Santiago Centro";"fecha_fin_vigencia reparada de 29-10-25 a 2025-10-29"
1564;sucursales_lugares.csv;"Santiago Centro";"tipo_precio tiene valor no permitido linea_hora, se deja nulo."
1564;sucursales_lugares.csv;"Santiago Centro";"fecha_inicio_vigencia reparada de 04-07-24 a 2024-07-04"
1564;sucursales_lugares.csv;"Santiago Centro";"fecha_fin_vigencia reparada de 02-09-24 a 2024-09-02"
1565;sucursales_lugares.csv;"Santiago Centro";"tipo_precio tiene valor no permitido linea_hora, se deja nulo."
1565;sucursales_lugares.csv;"Santiago Centro";"fecha_inicio_vigencia reparada de 20-07-25 a 2025-07-20"
1565;sucursales_lugares.csv;"Santiago Centro";"fecha_fin_vigencia reparada de 03-08-25 a 2025-08-03"
1566;sucursales_lugares.csv;"Santiago Centro";"tipo_precio tiene valor no permitido linea_hora, se deja nulo."
1566;sucursales_lugares.csv;"Santiago Centro";"fecha_inicio_vigencia reparada de 08-05-25 a 2025-05-08"
1566;sucursales_lugares.csv;"Santiago Centro";"fecha_fin_vigencia reparada de 07-06-25 a 2025-06-07"
1567;sucursales_lugares.csv;"Santiago Centro";"tipo_precio tiene valor no permitido linea_hora, se deja nulo."
1567;sucursales_lugares.csv;"Santiago Centro";"fecha_inicio_vigencia reparada de 11-10-24 a 2024-10-11"
1567;sucursales_lugares.csv;"Santiago Centro";"fecha_fin_vigencia reparada de 25-10-24 a 2024-10-25"
1568;sucursales_lugares.csv;"Santiago Centro";"tipo_precio tiene valor no permitido linea_hora, se deja nulo."
1568;sucursales_lugares.csv;"Santiago Centro";"fecha_inicio_vigencia reparada de 27-02-25 a 2025-02-27"
1568;sucursales_lugares.csv;"Santiago Centro";"fecha_fin_vigencia reparada de 28-05-25 a 2025-05-28"
1568;sucursales_lugares.csv;"Santiago Centro";"Fila enviada a ERR: precio debe ser un numero."
1569;sucursales_lugares.csv;"Santiago Centro";"tipo_precio tiene valor no permitido linea_hora, se deja nulo."
1569;sucursales_lugares.csv;"Santiago Centro";"fecha_inicio_vigencia reparada de 29-06-24 a 2024-06-29"
1569;sucursales_lugares.csv;"Santiago Centro";"fecha_fin_vigencia reparada de 06-07-24 a 2024-07-06"
1570;sucursales_lugares.csv;"Santiago Centro";"tipo_precio reparado de dia a día"
1570;sucursales_lugares.csv;"Santiago Centro";"fecha_inicio_vigencia reparada de 16-04-25 a 2025-04-16"
1570;sucursales_lugares.csv;"Santiago Centro";"fecha_fin_vigencia reparada de 15-07-25 a 2025-07-15"
1571;sucursales_lugares.csv;"Santiago Centro";"tipo_precio reparado de dia a día"
1571;sucursales_lugares.csv;"Santiago Centro";"fecha_inicio_vigencia con formato incompleto o que no se pudo reparar, se reemplaza por nulo"
1571;sucursales_lugares.csv;"Santiago Centro";"fecha_fin_vigencia reparada de 13-07-24 a 2024-07-13"
1572;sucursales_lugares.csv;"Santiago Centro";"tipo_precio tiene valor no permitido tramo, se deja nulo."
1572;sucursales_lugares.csv;"Santiago Centro";"fecha_inicio_vigencia reparada de 06-06-24 a 2024-06-06"
1572;sucursales_lugares.csv;"Santiago Centro";"fecha_fin_vigencia reparada de 20-06-24 a 2024-06-20"
1573;sucursales_lugares.csv;"Santiago Centro";"tipo_precio tiene valor no permitido tramo, se deja nulo."
1573;sucursales_lugares.csv;"Santiago Centro";"fecha_inicio_vigencia reparada de 31-03-24 a 2024-03-31"
1573;sucursales_lugares.csv;"Santiago Centro";"fecha_fin_vigencia reparada de 07-04-24 a 2024-04-07"
1574;sucursales_lugares.csv;"Santiago Centro";"tipo_precio reparado de dia a día"
1574;sucursales_lugares.csv;"Santiago Centro";"fecha_inicio_vigencia reparada de 21-08-24 a 2024-08-21"
1574;sucursales_lugares.csv;"Santiago Centro";"fecha_fin_vigencia reparada de 28-08-24 a 2024-08-28"
1575;sucursales_lugares.csv;"Santiago Centro";"tipo_precio reparado de dia a día"
1575;sucursales_lugares.csv;"Santiago Centro";"fecha_inicio_vigencia reparada de 20-11-25 a 2025-11-20"
1575;sucursales_lugares.csv;"Santiago Centro";"fecha_fin_vigencia reparada de 19-01-26 a 2026-01-19"
1576;sucursales_lugares.csv;"Santiago Centro";"tipo_precio reparado de dia a día"
1576;sucursales_lugares.csv;"Santiago Centro";"fecha_inicio_vigencia reparada de 24-01-24 a 2024-01-24"
1576;sucursales_lugares.csv;"Santiago Centro";"fecha_fin_vigencia reparada de 31-01-24 a 2024-01-31"
1577;sucursales_lugares.csv;"Santiago Centro";"tipo_precio reparado de dia a día"
1577;sucursales_lugares.csv;"Santiago Centro";"fecha_inicio_vigencia reparada de 29-09-25 a 2025-09-29"
1577;sucursales_lugares.csv;"Santiago Centro";"fecha_fin_vigencia reparada de 29-10-25 a 2025-10-29"
1578;sucursales_lugares.csv;"Santiago Centro";"tipo_precio reparado de dia a día"
1578;sucursales_lugares.csv;"Santiago Centro";"fecha_inicio_vigencia reparada de 14-06-25 a 2025-06-14"
1578;sucursales_lugares.csv;"Santiago Centro";"fecha_fin_vigencia reparada de 14-07-25 a 2025-07-14"
1579;sucursales_lugares.csv;"Santiago Centro";"tipo_precio reparado de dia a día"
1579;sucursales_lugares.csv;"Santiago Centro";"fecha_inicio_vigencia reparada de 12-08-25 a 2025-08-12"
1579;sucursales_lugares.csv;"Santiago Centro";"fecha_fin_vigencia reparada de 11-10-25 a 2025-10-11"
1580;sucursales_lugares.csv;"Santiago Centro";"tipo_precio reparado de dia a día"
1580;sucursales_lugares.csv;"Santiago Centro";"fecha_inicio_vigencia reparada de 10-08-24 a 2024-08-10"
1580;sucursales_lugares.csv;"Santiago Centro";"fecha_fin_vigencia reparada de 17-08-24 a 2024-08-17"
1581;sucursales_lugares.csv;"Santiago Centro";"tipo_precio reparado de dia a día"
1581;sucursales_lugares.csv;"Santiago Centro";"fecha_inicio_vigencia reparada de 01-08-24 a 2024-08-01"
1581;sucursales_lugares.csv;"Santiago Centro";"fecha_fin_vigencia reparada de 08-08-24 a 2024-08-08"
1582;sucursales_lugares.csv;"Santiago Centro";"tipo_precio reparado de dia a día"
1582;sucursales_lugares.csv;"Santiago Centro";"fecha_inicio_vigencia reparada de 07-11-25 a 2025-11-07"
1582;sucursales_lugares.csv;"Santiago Centro";"fecha_fin_vigencia reparada de 14-11-25 a 2025-11-14"
1583;sucursales_lugares.csv;"Santiago Centro";"tipo_precio reparado de dia a día"
1583;sucursales_lugares.csv;"Santiago Centro";"fecha_inicio_vigencia reparada de 17-09-24 a 2024-09-17"
1583;sucursales_lugares.csv;"Santiago Centro";"fecha_fin_vigencia reparada de 01-10-24 a 2024-10-01"
1584;sucursales_lugares.csv;"Santiago Centro";"tipo_precio reparado de dia a día"
1584;sucursales_lugares.csv;"Santiago Centro";"fecha_inicio_vigencia reparada de 02-12-24 a 2024-12-02"
1584;sucursales_lugares.csv;"Santiago Centro";"fecha_fin_vigencia reparada de 09-12-24 a 2024-12-09"
1585;sucursales_lugares.csv;"Santiago Centro";"tipo_precio reparado de dia a día"
1585;sucursales_lugares.csv;"Santiago Centro";"fecha_inicio_vigencia reparada de 08-10-24 a 2024-10-08"
1585;sucursales_lugares.csv;"Santiago Centro";"fecha_fin_vigencia reparada de 07-11-24 a 2024-11-07"
1586;sucursales_lugares.csv;"Santiago Centro";"tipo_precio reparado de dia a día"
1586;sucursales_lugares.csv;"Santiago Centro";"fecha_inicio_vigencia reparada de 26-11-24 a 2024-11-26"
1586;sucursales_lugares.csv;"Santiago Centro";"fecha_fin_vigencia reparada de 25-01-25 a 2025-01-25"
1587;sucursales_lugares.csv;"Santiago Centro";"tipo_precio reparado de dia a día"
1587;sucursales_lugares.csv;"Santiago Centro";"fecha_inicio_vigencia reparada de 03-04-25 a 2025-04-03"
1587;sucursales_lugares.csv;"Santiago Centro";"fecha_fin_vigencia reparada de 02-06-25 a 2025-06-02"
1588;sucursales_lugares.csv;"Santiago Centro";"tipo_precio reparado de dia a día"
1588;sucursales_lugares.csv;"Santiago Centro";"fecha_inicio_vigencia reparada de 25-10-24 a 2024-10-25"
1588;sucursales_lugares.csv;"Santiago Centro";"fecha_fin_vigencia reparada de 24-12-24 a 2024-12-24"
1589;sucursales_lugares.csv;"Santiago Centro";"tipo_precio reparado de dia a día"
1589;sucursales_lugares.csv;"Santiago Centro";"fecha_inicio_vigencia reparada de 17-10-25 a 2025-10-17"
1589;sucursales_lugares.csv;"Santiago Centro";"fecha_fin_vigencia reparada de 15-01-26 a 2026-01-15"
1590;sucursales_lugares.csv;"Santiago Centro";"tipo_precio reparado de dia a día"
1590;sucursales_lugares.csv;"Santiago Centro";"fecha_inicio_vigencia reparada de 17-12-24 a 2024-12-17"
1590;sucursales_lugares.csv;"Santiago Centro";"fecha_fin_vigencia reparada de 24-12-24 a 2024-12-24"
1591;sucursales_lugares.csv;"Santiago Centro";"tipo_precio reparado de dia a día"
1591;sucursales_lugares.csv;"Santiago Centro";"fecha_inicio_vigencia reparada de 07-10-25 a 2025-10-07"
1591;sucursales_lugares.csv;"Santiago Centro";"fecha_fin_vigencia reparada de 06-12-25 a 2025-12-06"
1592;sucursales_lugares.csv;"Santiago Centro";"tipo_precio reparado de dia a día"
1592;sucursales_lugares.csv;"Santiago Centro";"fecha_inicio_vigencia reparada de 02-07-25 a 2025-07-02"
1592;sucursales_lugares.csv;"Santiago Centro";"fecha_fin_vigencia reparada de 16-07-25 a 2025-07-16"
1593;sucursales_lugares.csv;"Santiago Centro";"tipo_precio reparado de dia a día"
1593;sucursales_lugares.csv;"Santiago Centro";"fecha_inicio_vigencia reparada de 04-01-24 a 2024-01-04"
1593;sucursales_lugares.csv;"Santiago Centro";"fecha_fin_vigencia reparada de 11-01-24 a 2024-01-11"
1594;sucursales_lugares.csv;"Santiago Centro";"fecha_inicio_vigencia reparada de 20-12-24 a 2024-12-20"
1594;sucursales_lugares.csv;"Santiago Centro";"fecha_fin_vigencia reparada de 19-01-25 a 2025-01-19"
1595;sucursales_lugares.csv;"Santiago Centro";"fecha_inicio_vigencia reparada de 26-05-25 a 2025-05-26"
1595;sucursales_lugares.csv;"Santiago Centro";"fecha_fin_vigencia reparada de 25-07-25 a 2025-07-25"
1596;sucursales_lugares.csv;"Santiago Centro";"fecha_inicio_vigencia reparada de 26-08-24 a 2024-08-26"
1596;sucursales_lugares.csv;"Santiago Centro";"fecha_fin_vigencia reparada de 25-09-24 a 2024-09-25"
1597;sucursales_lugares.csv;"Santiago Centro";"fecha_inicio_vigencia reparada de 20-02-25 a 2025-02-20"
1597;sucursales_lugares.csv;"Santiago Centro";"fecha_fin_vigencia reparada de 21-04-25 a 2025-04-21"
1598;sucursales_lugares.csv;"Santiago Centro";"fecha_inicio_vigencia con formato incompleto o que no se pudo reparar, se reemplaza por nulo"
1598;sucursales_lugares.csv;"Santiago Centro";"fecha_fin_vigencia reparada de 12-02-24 a 2024-02-12"
1598;sucursales_lugares.csv;"Santiago Centro";"Fila enviada a ERR: precio debe ser un numero."
1599;sucursales_lugares.csv;"Santiago Centro";"fecha_inicio_vigencia reparada de 20-10-25 a 2025-10-20"
1599;sucursales_lugares.csv;"Santiago Centro";"fecha_fin_vigencia reparada de 18-01-26 a 2026-01-18"
1600;sucursales_lugares.csv;"Santiago Centro";"fecha_inicio_vigencia reparada de 22-01-25 a 2025-01-22"
1600;sucursales_lugares.csv;"Santiago Centro";"fecha_fin_vigencia reparada de 23-03-25 a 2025-03-23"
1601;sucursales_lugares.csv;"Santiago Centro";"fecha_inicio_vigencia reparada de 13-06-24 a 2024-06-13"
1601;sucursales_lugares.csv;"Santiago Centro";"fecha_fin_vigencia reparada de 11-09-24 a 2024-09-11"
1602;sucursales_lugares.csv;Providencia;"tipo_precio tiene valor no permitido mesa_hora, se deja nulo."
1602;sucursales_lugares.csv;Providencia;"fecha_inicio_vigencia reparada de 14-10-24 a 2024-10-14"
1602;sucursales_lugares.csv;Providencia;"fecha_fin_vigencia reparada de 13-11-24 a 2024-11-13"
1602;sucursales_lugares.csv;Providencia;"Fila enviada a ERR: precio es obligatorio y viene nulo."
1603;sucursales_lugares.csv;Providencia;"tipo_precio tiene valor no permitido mesa_hora, se deja nulo."
1603;sucursales_lugares.csv;Providencia;"fecha_inicio_vigencia reparada de 15-10-25 a 2025-10-15"
1603;sucursales_lugares.csv;Providencia;"fecha_fin_vigencia reparada de 14-11-25 a 2025-11-14"
1603;sucursales_lugares.csv;Providencia;"Fila enviada a ERR: precio debe ser un numero."
1604;sucursales_lugares.csv;Providencia;"tipo_precio tiene valor no permitido mesa_hora, se deja nulo."
1604;sucursales_lugares.csv;Providencia;"fecha_inicio_vigencia con formato incompleto o que no se pudo reparar, se reemplaza por nulo"
1604;sucursales_lugares.csv;Providencia;"fecha_fin_vigencia reparada de 02-12-24 a 2024-12-02"
1604;sucursales_lugares.csv;Providencia;"Fila enviada a ERR: precio debe ser un numero."
1605;sucursales_lugares.csv;Providencia;"tipo_precio tiene valor no permitido mesa_hora, se deja nulo."
1605;sucursales_lugares.csv;Providencia;"fecha_inicio_vigencia reparada de 27-10-25 a 2025-10-27"
1605;sucursales_lugares.csv;Providencia;"fecha_fin_vigencia reparada de 03-11-25 a 2025-11-03"
1605;sucursales_lugares.csv;Providencia;"Fila enviada a ERR: precio es obligatorio y viene nulo."
1606;sucursales_lugares.csv;Providencia;"tipo_precio tiene valor no permitido mesa_hora, se deja nulo."
1606;sucursales_lugares.csv;Providencia;"fecha_inicio_vigencia reparada de 08-10-25 a 2025-10-08"
1606;sucursales_lugares.csv;Providencia;"fecha_fin_vigencia reparada de 15-10-25 a 2025-10-15"
1606;sucursales_lugares.csv;Providencia;"Fila enviada a ERR: precio es obligatorio y viene nulo."
1607;sucursales_lugares.csv;Providencia;"tipo_precio tiene valor no permitido mesa_hora, se deja nulo."
1607;sucursales_lugares.csv;Providencia;"fecha_inicio_vigencia con formato incompleto o que no se pudo reparar, se reemplaza por nulo"
1607;sucursales_lugares.csv;Providencia;"fecha_fin_vigencia reparada de 10-03-24 a 2024-03-10"
1607;sucursales_lugares.csv;Providencia;"Fila enviada a ERR: precio debe ser un numero."
1608;sucursales_lugares.csv;Providencia;"tipo_precio tiene valor no permitido mesa_hora, se deja nulo."
1608;sucursales_lugares.csv;Providencia;"fecha_inicio_vigencia reparada de 27-03-24 a 2024-03-27"
1608;sucursales_lugares.csv;Providencia;"fecha_fin_vigencia reparada de 10-04-24 a 2024-04-10"
1608;sucursales_lugares.csv;Providencia;"Fila enviada a ERR: precio es obligatorio y viene nulo."
1609;sucursales_lugares.csv;Providencia;"tipo_precio tiene valor no permitido mesa_hora, se deja nulo."
1609;sucursales_lugares.csv;Providencia;"fecha_inicio_vigencia reparada de 28-08-25 a 2025-08-28"
1609;sucursales_lugares.csv;Providencia;"fecha_fin_vigencia reparada de 27-10-25 a 2025-10-27"
1609;sucursales_lugares.csv;Providencia;"Fila enviada a ERR: precio es obligatorio y viene nulo."
1610;sucursales_lugares.csv;Providencia;"tipo_precio tiene valor no permitido mesa_hora, se deja nulo."
1610;sucursales_lugares.csv;Providencia;"fecha_inicio_vigencia reparada de 06-11-25 a 2025-11-06"
1610;sucursales_lugares.csv;Providencia;"fecha_fin_vigencia reparada de 05-01-26 a 2026-01-05"
1610;sucursales_lugares.csv;Providencia;"Fila enviada a ERR: precio es obligatorio y viene nulo."
1611;sucursales_lugares.csv;Providencia;"tipo_precio tiene valor no permitido mesa_hora, se deja nulo."
1611;sucursales_lugares.csv;Providencia;"fecha_inicio_vigencia reparada de 28-05-25 a 2025-05-28"
1611;sucursales_lugares.csv;Providencia;"fecha_fin_vigencia reparada de 27-07-25 a 2025-07-27"
1611;sucursales_lugares.csv;Providencia;"Fila enviada a ERR: precio es obligatorio y viene nulo."
1612;sucursales_lugares.csv;Providencia;"tipo_precio tiene valor no permitido mesa_hora, se deja nulo."
1612;sucursales_lugares.csv;Providencia;"fecha_inicio_vigencia reparada de 16-09-25 a 2025-09-16"
1612;sucursales_lugares.csv;Providencia;"fecha_fin_vigencia reparada de 23-09-25 a 2025-09-23"
1612;sucursales_lugares.csv;Providencia;"Fila enviada a ERR: precio es obligatorio y viene nulo."
1613;sucursales_lugares.csv;Providencia;"tipo_precio tiene valor no permitido mesa_hora, se deja nulo."
1613;sucursales_lugares.csv;Providencia;"fecha_inicio_vigencia reparada de 24-04-25 a 2025-04-24"
1613;sucursales_lugares.csv;Providencia;"fecha_fin_vigencia reparada de 23-06-25 a 2025-06-23"
1613;sucursales_lugares.csv;Providencia;"Fila enviada a ERR: precio es obligatorio y viene nulo."
1614;sucursales_lugares.csv;Providencia;"tipo_precio tiene valor no permitido mesa_hora, se deja nulo."
1614;sucursales_lugares.csv;Providencia;"fecha_inicio_vigencia reparada de 16-12-24 a 2024-12-16"
1614;sucursales_lugares.csv;Providencia;"fecha_fin_vigencia reparada de 15-01-25 a 2025-01-15"
1614;sucursales_lugares.csv;Providencia;"Fila enviada a ERR: precio es obligatorio y viene nulo."
1615;sucursales_lugares.csv;Providencia;"tipo_precio tiene valor no permitido mesa_hora, se deja nulo."
1615;sucursales_lugares.csv;Providencia;"fecha_inicio_vigencia reparada de 17-07-25 a 2025-07-17"
1615;sucursales_lugares.csv;Providencia;"fecha_fin_vigencia reparada de 15-09-25 a 2025-09-15"
1615;sucursales_lugares.csv;Providencia;"Fila enviada a ERR: precio es obligatorio y viene nulo."
1616;sucursales_lugares.csv;Providencia;"tipo_precio tiene valor no permitido mesa_hora, se deja nulo."
1616;sucursales_lugares.csv;Providencia;"fecha_inicio_vigencia reparada de 02-07-24 a 2024-07-02"
1616;sucursales_lugares.csv;Providencia;"fecha_fin_vigencia reparada de 09-07-24 a 2024-07-09"
1616;sucursales_lugares.csv;Providencia;"Fila enviada a ERR: precio es obligatorio y viene nulo."
1617;sucursales_lugares.csv;Providencia;"tipo_precio tiene valor no permitido mesa_hora, se deja nulo."
1617;sucursales_lugares.csv;Providencia;"fecha_inicio_vigencia reparada de 20-12-24 a 2024-12-20"
1617;sucursales_lugares.csv;Providencia;"fecha_fin_vigencia reparada de 19-01-25 a 2025-01-19"
1617;sucursales_lugares.csv;Providencia;"Fila enviada a ERR: precio es obligatorio y viene nulo."
1618;sucursales_lugares.csv;Providencia;"tipo_precio tiene valor no permitido linea_hora, se deja nulo."
1618;sucursales_lugares.csv;Providencia;"fecha_inicio_vigencia reparada de 14-05-24 a 2024-05-14"
1618;sucursales_lugares.csv;Providencia;"fecha_fin_vigencia reparada de 13-07-24 a 2024-07-13"
1619;sucursales_lugares.csv;Providencia;"tipo_precio tiene valor no permitido linea_hora, se deja nulo."
1619;sucursales_lugares.csv;Providencia;"fecha_inicio_vigencia reparada de 13-04-25 a 2025-04-13"
1619;sucursales_lugares.csv;Providencia;"fecha_fin_vigencia reparada de 12-06-25 a 2025-06-12"
1620;sucursales_lugares.csv;Providencia;"tipo_precio tiene valor no permitido linea_hora, se deja nulo."
1620;sucursales_lugares.csv;Providencia;"fecha_inicio_vigencia reparada de 08-09-24 a 2024-09-08"
1620;sucursales_lugares.csv;Providencia;"fecha_fin_vigencia reparada de 15-09-24 a 2024-09-15"
1621;sucursales_lugares.csv;Providencia;"tipo_precio tiene valor no permitido linea_hora, se deja nulo."
1621;sucursales_lugares.csv;Providencia;"fecha_inicio_vigencia reparada de 11-05-24 a 2024-05-11"
1621;sucursales_lugares.csv;Providencia;"fecha_fin_vigencia reparada de 25-05-24 a 2024-05-25"
1622;sucursales_lugares.csv;Providencia;"tipo_precio tiene valor no permitido linea_hora, se deja nulo."
1622;sucursales_lugares.csv;Providencia;"fecha_inicio_vigencia reparada de 19-11-25 a 2025-11-19"
1622;sucursales_lugares.csv;Providencia;"fecha_fin_vigencia reparada de 18-01-26 a 2026-01-18"
1623;sucursales_lugares.csv;Providencia;"tipo_precio tiene valor no permitido linea_hora, se deja nulo."
1623;sucursales_lugares.csv;Providencia;"fecha_inicio_vigencia reparada de 30-09-24 a 2024-09-30"
1623;sucursales_lugares.csv;Providencia;"fecha_fin_vigencia reparada de 29-11-24 a 2024-11-29"
1624;sucursales_lugares.csv;Providencia;"tipo_precio tiene valor no permitido linea_hora, se deja nulo."
1624;sucursales_lugares.csv;Providencia;"fecha_inicio_vigencia reparada de 29-08-25 a 2025-08-29"
1624;sucursales_lugares.csv;Providencia;"fecha_fin_vigencia reparada de 28-09-25 a 2025-09-28"
1625;sucursales_lugares.csv;Providencia;"tipo_precio tiene valor no permitido linea_hora, se deja nulo."
1625;sucursales_lugares.csv;Providencia;"fecha_inicio_vigencia reparada de 28-11-25 a 2025-11-28"
1625;sucursales_lugares.csv;Providencia;"fecha_fin_vigencia reparada de 05-12-25 a 2025-12-05"
1626;sucursales_lugares.csv;Providencia;"tipo_precio tiene valor no permitido linea_hora, se deja nulo."
1626;sucursales_lugares.csv;Providencia;"fecha_inicio_vigencia reparada de 10-12-24 a 2024-12-10"
1626;sucursales_lugares.csv;Providencia;"fecha_fin_vigencia reparada de 24-12-24 a 2024-12-24"
1627;sucursales_lugares.csv;Providencia;"tipo_precio tiene valor no permitido linea_hora, se deja nulo."
1627;sucursales_lugares.csv;Providencia;"fecha_inicio_vigencia reparada de 11-10-25 a 2025-10-11"
1627;sucursales_lugares.csv;Providencia;"fecha_fin_vigencia reparada de 09-01-26 a 2026-01-09"
1628;sucursales_lugares.csv;Providencia;"tipo_precio tiene valor no permitido linea_hora, se deja nulo."
1628;sucursales_lugares.csv;Providencia;"fecha_inicio_vigencia reparada de 06-08-25 a 2025-08-06"
1628;sucursales_lugares.csv;Providencia;"fecha_fin_vigencia reparada de 04-11-25 a 2025-11-04"
1629;sucursales_lugares.csv;Providencia;"tipo_precio tiene valor no permitido linea_hora, se deja nulo."
1629;sucursales_lugares.csv;Providencia;"fecha_inicio_vigencia reparada de 23-03-24 a 2024-03-23"
1629;sucursales_lugares.csv;Providencia;"fecha_fin_vigencia reparada de 21-06-24 a 2024-06-21"
1630;sucursales_lugares.csv;Providencia;"tipo_precio tiene valor no permitido linea_hora, se deja nulo."
1630;sucursales_lugares.csv;Providencia;"fecha_inicio_vigencia reparada de 29-02-24 a 2024-02-29"
1630;sucursales_lugares.csv;Providencia;"fecha_fin_vigencia reparada de 29-05-24 a 2024-05-29"
1631;sucursales_lugares.csv;Providencia;"tipo_precio tiene valor no permitido linea_hora, se deja nulo."
1631;sucursales_lugares.csv;Providencia;"fecha_inicio_vigencia reparada de 14-10-24 a 2024-10-14"
1631;sucursales_lugares.csv;Providencia;"fecha_fin_vigencia reparada de 13-11-24 a 2024-11-13"
1632;sucursales_lugares.csv;Providencia;"tipo_precio tiene valor no permitido linea_hora, se deja nulo."
1632;sucursales_lugares.csv;Providencia;"fecha_inicio_vigencia reparada de 17-11-24 a 2024-11-17"
1632;sucursales_lugares.csv;Providencia;"fecha_fin_vigencia reparada de 16-01-25 a 2025-01-16"
1633;sucursales_lugares.csv;Providencia;"tipo_precio tiene valor no permitido linea_hora, se deja nulo."
1633;sucursales_lugares.csv;Providencia;"fecha_inicio_vigencia reparada de 25-10-25 a 2025-10-25"
1633;sucursales_lugares.csv;Providencia;"fecha_fin_vigencia reparada de 24-11-25 a 2025-11-24"
1634;sucursales_lugares.csv;Providencia;"tipo_precio tiene valor no permitido tramo, se deja nulo."
1634;sucursales_lugares.csv;Providencia;"fecha_inicio_vigencia reparada de 15-08-25 a 2025-08-15"
1634;sucursales_lugares.csv;Providencia;"fecha_fin_vigencia reparada de 14-10-25 a 2025-10-14"
1635;sucursales_lugares.csv;Providencia;"tipo_precio tiene valor no permitido tramo, se deja nulo."
1635;sucursales_lugares.csv;Providencia;"fecha_inicio_vigencia reparada de 19-06-24 a 2024-06-19"
1635;sucursales_lugares.csv;Providencia;"fecha_fin_vigencia reparada de 03-07-24 a 2024-07-03"
1636;sucursales_lugares.csv;Providencia;"tipo_precio tiene valor no permitido tramo, se deja nulo."
1636;sucursales_lugares.csv;Providencia;"fecha_inicio_vigencia reparada de 24-05-24 a 2024-05-24"
1636;sucursales_lugares.csv;Providencia;"fecha_fin_vigencia reparada de 23-07-24 a 2024-07-23"
1637;sucursales_lugares.csv;Providencia;"tipo_precio tiene valor no permitido tramo, se deja nulo."
1637;sucursales_lugares.csv;Providencia;"fecha_inicio_vigencia reparada de 24-02-24 a 2024-02-24"
1637;sucursales_lugares.csv;Providencia;"fecha_fin_vigencia reparada de 02-03-24 a 2024-03-02"
1638;sucursales_lugares.csv;Providencia;"tipo_precio reparado de dia a día"
1638;sucursales_lugares.csv;Providencia;"fecha_inicio_vigencia reparada de 11-04-24 a 2024-04-11"
1638;sucursales_lugares.csv;Providencia;"fecha_fin_vigencia reparada de 18-04-24 a 2024-04-18"
1639;sucursales_lugares.csv;Providencia;"tipo_precio reparado de dia a día"
1639;sucursales_lugares.csv;Providencia;"fecha_inicio_vigencia reparada de 18-01-25 a 2025-01-18"
1639;sucursales_lugares.csv;Providencia;"fecha_fin_vigencia reparada de 19-03-25 a 2025-03-19"
1640;sucursales_lugares.csv;Providencia;"tipo_precio reparado de dia a día"
1640;sucursales_lugares.csv;Providencia;"fecha_inicio_vigencia reparada de 12-04-24 a 2024-04-12"
1640;sucursales_lugares.csv;Providencia;"fecha_fin_vigencia reparada de 11-07-24 a 2024-07-11"
1641;sucursales_lugares.csv;Providencia;"tipo_precio reparado de dia a día"
1641;sucursales_lugares.csv;Providencia;"fecha_inicio_vigencia reparada de 17-07-24 a 2024-07-17"
1641;sucursales_lugares.csv;Providencia;"fecha_fin_vigencia reparada de 15-10-24 a 2024-10-15"
1642;sucursales_lugares.csv;Providencia;"tipo_precio reparado de dia a día"
1642;sucursales_lugares.csv;Providencia;"fecha_inicio_vigencia reparada de 12-06-25 a 2025-06-12"
1642;sucursales_lugares.csv;Providencia;"fecha_fin_vigencia reparada de 26-06-25 a 2025-06-26"
1643;sucursales_lugares.csv;Providencia;"tipo_precio reparado de dia a día"
1643;sucursales_lugares.csv;Providencia;"fecha_inicio_vigencia reparada de 06-10-25 a 2025-10-06"
1643;sucursales_lugares.csv;Providencia;"fecha_fin_vigencia reparada de 05-12-25 a 2025-12-05"
1644;sucursales_lugares.csv;Providencia;"tipo_precio reparado de dia a día"
1644;sucursales_lugares.csv;Providencia;"fecha_inicio_vigencia reparada de 20-01-25 a 2025-01-20"
1644;sucursales_lugares.csv;Providencia;"fecha_fin_vigencia reparada de 27-01-25 a 2025-01-27"
1645;sucursales_lugares.csv;Providencia;"tipo_precio reparado de dia a día"
1645;sucursales_lugares.csv;Providencia;"fecha_inicio_vigencia reparada de 05-02-25 a 2025-02-05"
1645;sucursales_lugares.csv;Providencia;"fecha_fin_vigencia reparada de 06-05-25 a 2025-05-06"
1646;sucursales_lugares.csv;Providencia;"tipo_precio reparado de dia a día"
1646;sucursales_lugares.csv;Providencia;"fecha_inicio_vigencia reparada de 12-10-25 a 2025-10-12"
1646;sucursales_lugares.csv;Providencia;"fecha_fin_vigencia reparada de 11-11-25 a 2025-11-11"
1647;sucursales_lugares.csv;Providencia;"tipo_precio reparado de dia a día"
1647;sucursales_lugares.csv;Providencia;"fecha_inicio_vigencia reparada de 10-07-25 a 2025-07-10"
1647;sucursales_lugares.csv;Providencia;"fecha_fin_vigencia reparada de 09-08-25 a 2025-08-09"
1648;sucursales_lugares.csv;Providencia;"tipo_precio reparado de dia a día"
1648;sucursales_lugares.csv;Providencia;"fecha_inicio_vigencia reparada de 19-08-24 a 2024-08-19"
1648;sucursales_lugares.csv;Providencia;"fecha_fin_vigencia reparada de 17-11-24 a 2024-11-17"
1649;sucursales_lugares.csv;Providencia;"tipo_precio reparado de dia a día"
1649;sucursales_lugares.csv;Providencia;"fecha_inicio_vigencia reparada de 20-11-24 a 2024-11-20"
1649;sucursales_lugares.csv;Providencia;"fecha_fin_vigencia reparada de 19-01-25 a 2025-01-19"
1650;sucursales_lugares.csv;Providencia;"tipo_precio reparado de dia a día"
1650;sucursales_lugares.csv;Providencia;"fecha_inicio_vigencia reparada de 03-04-25 a 2025-04-03"
1650;sucursales_lugares.csv;Providencia;"fecha_fin_vigencia reparada de 02-06-25 a 2025-06-02"
1651;sucursales_lugares.csv;Providencia;"tipo_precio reparado de dia a día"
1651;sucursales_lugares.csv;Providencia;"fecha_inicio_vigencia reparada de 13-06-24 a 2024-06-13"
1651;sucursales_lugares.csv;Providencia;"fecha_fin_vigencia reparada de 20-06-24 a 2024-06-20"
1652;sucursales_lugares.csv;Providencia;"tipo_precio reparado de dia a día"
1652;sucursales_lugares.csv;Providencia;"fecha_inicio_vigencia reparada de 11-12-24 a 2024-12-11"
1652;sucursales_lugares.csv;Providencia;"fecha_fin_vigencia reparada de 18-12-24 a 2024-12-18"
1653;sucursales_lugares.csv;Providencia;"tipo_precio reparado de dia a día"
1653;sucursales_lugares.csv;Providencia;"fecha_inicio_vigencia con formato incompleto o que no se pudo reparar, se reemplaza por nulo"
1653;sucursales_lugares.csv;Providencia;"fecha_fin_vigencia reparada de 12-10-24 a 2024-10-12"
1654;sucursales_lugares.csv;Providencia;"tipo_precio reparado de dia a día"
1654;sucursales_lugares.csv;Providencia;"fecha_inicio_vigencia reparada de 26-04-24 a 2024-04-26"
1654;sucursales_lugares.csv;Providencia;"fecha_fin_vigencia reparada de 25-07-24 a 2024-07-25"
1654;sucursales_lugares.csv;Providencia;"Fila enviada a ERR: precio debe ser un numero."
1655;sucursales_lugares.csv;Providencia;"tipo_precio reparado de dia a día"
1655;sucursales_lugares.csv;Providencia;"fecha_inicio_vigencia reparada de 16-10-24 a 2024-10-16"
1655;sucursales_lugares.csv;Providencia;"fecha_fin_vigencia reparada de 14-01-25 a 2025-01-14"
1656;sucursales_lugares.csv;Providencia;"tipo_precio reparado de dia a día"
1656;sucursales_lugares.csv;Providencia;"fecha_inicio_vigencia reparada de 01-05-24 a 2024-05-01"
1656;sucursales_lugares.csv;Providencia;"fecha_fin_vigencia reparada de 15-05-24 a 2024-05-15"
1657;sucursales_lugares.csv;Providencia;"tipo_precio reparado de dia a día"
1657;sucursales_lugares.csv;Providencia;"fecha_inicio_vigencia reparada de 10-04-25 a 2025-04-10"
1657;sucursales_lugares.csv;Providencia;"fecha_fin_vigencia reparada de 09-06-25 a 2025-06-09"
1658;sucursales_lugares.csv;Providencia;"fecha_inicio_vigencia reparada de 14-02-24 a 2024-02-14"
1658;sucursales_lugares.csv;Providencia;"fecha_fin_vigencia reparada de 21-02-24 a 2024-02-21"
1659;sucursales_lugares.csv;Providencia;"fecha_inicio_vigencia reparada de 14-10-25 a 2025-10-14"
1659;sucursales_lugares.csv;Providencia;"fecha_fin_vigencia reparada de 21-10-25 a 2025-10-21"
1660;sucursales_lugares.csv;Providencia;"fecha_inicio_vigencia reparada de 17-08-24 a 2024-08-17"
1660;sucursales_lugares.csv;Providencia;"fecha_fin_vigencia reparada de 16-10-24 a 2024-10-16"
1661;sucursales_lugares.csv;Providencia;"fecha_inicio_vigencia reparada de 04-11-25 a 2025-11-04"
1661;sucursales_lugares.csv;Providencia;"fecha_fin_vigencia reparada de 18-11-25 a 2025-11-18"
1662;sucursales_lugares.csv;Providencia;"fecha_inicio_vigencia reparada de 17-11-25 a 2025-11-17"
1662;sucursales_lugares.csv;Providencia;"fecha_fin_vigencia reparada de 17-12-25 a 2025-12-17"
1663;sucursales_lugares.csv;Providencia;"fecha_inicio_vigencia reparada de 06-07-25 a 2025-07-06"
1663;sucursales_lugares.csv;Providencia;"fecha_fin_vigencia reparada de 20-07-25 a 2025-07-20"
1664;sucursales_lugares.csv;Providencia;"fecha_inicio_vigencia reparada de 14-04-24 a 2024-04-14"
1664;sucursales_lugares.csv;Providencia;"fecha_fin_vigencia reparada de 14-05-24 a 2024-05-14"
1665;sucursales_lugares.csv;Providencia;"fecha_inicio_vigencia reparada de 05-04-25 a 2025-04-05"
1665;sucursales_lugares.csv;Providencia;"fecha_fin_vigencia reparada de 19-04-25 a 2025-04-19"
1666;sucursales_lugares.csv;"La Florida";"tipo_precio tiene valor no permitido mesa_hora, se deja nulo."
1666;sucursales_lugares.csv;"La Florida";"fecha_inicio_vigencia con formato incompleto o que no se pudo reparar, se reemplaza por nulo"
1666;sucursales_lugares.csv;"La Florida";"fecha_fin_vigencia reparada de 24-01-24 a 2024-01-24"
1666;sucursales_lugares.csv;"La Florida";"Fila enviada a ERR: precio debe ser un numero."
1667;sucursales_lugares.csv;"La Florida";"tipo_precio tiene valor no permitido mesa_hora, se deja nulo."
1667;sucursales_lugares.csv;"La Florida";"fecha_inicio_vigencia reparada de 01-03-25 a 2025-03-01"
1667;sucursales_lugares.csv;"La Florida";"fecha_fin_vigencia reparada de 31-03-25 a 2025-03-31"
1667;sucursales_lugares.csv;"La Florida";"Fila enviada a ERR: precio es obligatorio y viene nulo."
1668;sucursales_lugares.csv;"La Florida";"tipo_precio tiene valor no permitido mesa_hora, se deja nulo."
1668;sucursales_lugares.csv;"La Florida";"fecha_inicio_vigencia reparada de 20-06-25 a 2025-06-20"
1668;sucursales_lugares.csv;"La Florida";"fecha_fin_vigencia reparada de 27-06-25 a 2025-06-27"
1668;sucursales_lugares.csv;"La Florida";"Fila enviada a ERR: precio es obligatorio y viene nulo."
1669;sucursales_lugares.csv;"La Florida";"tipo_precio tiene valor no permitido mesa_hora, se deja nulo."
1669;sucursales_lugares.csv;"La Florida";"fecha_inicio_vigencia reparada de 29-03-24 a 2024-03-29"
1669;sucursales_lugares.csv;"La Florida";"fecha_fin_vigencia reparada de 27-06-24 a 2024-06-27"
1669;sucursales_lugares.csv;"La Florida";"Fila enviada a ERR: precio es obligatorio y viene nulo."
1670;sucursales_lugares.csv;"La Florida";"tipo_precio tiene valor no permitido mesa_hora, se deja nulo."
1670;sucursales_lugares.csv;"La Florida";"fecha_inicio_vigencia reparada de 20-10-24 a 2024-10-20"
1670;sucursales_lugares.csv;"La Florida";"fecha_fin_vigencia reparada de 18-01-25 a 2025-01-18"
1670;sucursales_lugares.csv;"La Florida";"Fila enviada a ERR: precio es obligatorio y viene nulo."
1671;sucursales_lugares.csv;"La Florida";"tipo_precio tiene valor no permitido mesa_hora, se deja nulo."
1671;sucursales_lugares.csv;"La Florida";"fecha_inicio_vigencia reparada de 27-02-25 a 2025-02-27"
1671;sucursales_lugares.csv;"La Florida";"fecha_fin_vigencia reparada de 28-04-25 a 2025-04-28"
1671;sucursales_lugares.csv;"La Florida";"Fila enviada a ERR: precio es obligatorio y viene nulo."
1672;sucursales_lugares.csv;"La Florida";"tipo_precio tiene valor no permitido mesa_hora, se deja nulo."
1672;sucursales_lugares.csv;"La Florida";"fecha_inicio_vigencia reparada de 25-06-24 a 2024-06-25"
1672;sucursales_lugares.csv;"La Florida";"fecha_fin_vigencia reparada de 09-07-24 a 2024-07-09"
1672;sucursales_lugares.csv;"La Florida";"Fila enviada a ERR: precio es obligatorio y viene nulo."
1673;sucursales_lugares.csv;"La Florida";"tipo_precio tiene valor no permitido mesa_hora, se deja nulo."
1673;sucursales_lugares.csv;"La Florida";"fecha_inicio_vigencia reparada de 12-11-25 a 2025-11-12"
1673;sucursales_lugares.csv;"La Florida";"fecha_fin_vigencia reparada de 26-11-25 a 2025-11-26"
1673;sucursales_lugares.csv;"La Florida";"Fila enviada a ERR: precio es obligatorio y viene nulo."
1674;sucursales_lugares.csv;"La Florida";"tipo_precio tiene valor no permitido mesa_hora, se deja nulo."
1674;sucursales_lugares.csv;"La Florida";"fecha_inicio_vigencia reparada de 08-07-24 a 2024-07-08"
1674;sucursales_lugares.csv;"La Florida";"fecha_fin_vigencia reparada de 07-08-24 a 2024-08-07"
1674;sucursales_lugares.csv;"La Florida";"Fila enviada a ERR: precio es obligatorio y viene nulo."
1675;sucursales_lugares.csv;"La Florida";"tipo_precio tiene valor no permitido mesa_hora, se deja nulo."
1675;sucursales_lugares.csv;"La Florida";"fecha_inicio_vigencia reparada de 08-03-25 a 2025-03-08"
1675;sucursales_lugares.csv;"La Florida";"fecha_fin_vigencia reparada de 07-04-25 a 2025-04-07"
1675;sucursales_lugares.csv;"La Florida";"Fila enviada a ERR: precio es obligatorio y viene nulo."
1676;sucursales_lugares.csv;"La Florida";"tipo_precio tiene valor no permitido mesa_hora, se deja nulo."
1676;sucursales_lugares.csv;"La Florida";"fecha_inicio_vigencia reparada de 11-10-24 a 2024-10-11"
1676;sucursales_lugares.csv;"La Florida";"fecha_fin_vigencia reparada de 10-11-24 a 2024-11-10"
1676;sucursales_lugares.csv;"La Florida";"Fila enviada a ERR: precio es obligatorio y viene nulo."
1677;sucursales_lugares.csv;"La Florida";"tipo_precio tiene valor no permitido mesa_hora, se deja nulo."
1677;sucursales_lugares.csv;"La Florida";"fecha_inicio_vigencia reparada de 27-12-24 a 2024-12-27"
1677;sucursales_lugares.csv;"La Florida";"fecha_fin_vigencia reparada de 26-01-25 a 2025-01-26"
1677;sucursales_lugares.csv;"La Florida";"Fila enviada a ERR: precio es obligatorio y viene nulo."
1678;sucursales_lugares.csv;"La Florida";"tipo_precio tiene valor no permitido mesa_hora, se deja nulo."
1678;sucursales_lugares.csv;"La Florida";"fecha_inicio_vigencia reparada de 14-11-24 a 2024-11-14"
1678;sucursales_lugares.csv;"La Florida";"fecha_fin_vigencia reparada de 12-02-25 a 2025-02-12"
1678;sucursales_lugares.csv;"La Florida";"Fila enviada a ERR: precio es obligatorio y viene nulo."
1679;sucursales_lugares.csv;"La Florida";"tipo_precio tiene valor no permitido mesa_hora, se deja nulo."
1679;sucursales_lugares.csv;"La Florida";"fecha_inicio_vigencia reparada de 21-01-25 a 2025-01-21"
1679;sucursales_lugares.csv;"La Florida";"fecha_fin_vigencia reparada de 20-02-25 a 2025-02-20"
1679;sucursales_lugares.csv;"La Florida";"Fila enviada a ERR: precio es obligatorio y viene nulo."
1680;sucursales_lugares.csv;"La Florida";"tipo_precio tiene valor no permitido mesa_hora, se deja nulo."
1680;sucursales_lugares.csv;"La Florida";"fecha_inicio_vigencia reparada de 17-01-25 a 2025-01-17"
1680;sucursales_lugares.csv;"La Florida";"fecha_fin_vigencia reparada de 16-02-25 a 2025-02-16"
1680;sucursales_lugares.csv;"La Florida";"Fila enviada a ERR: precio es obligatorio y viene nulo."
1681;sucursales_lugares.csv;"La Florida";"tipo_precio tiene valor no permitido mesa_hora, se deja nulo."
1681;sucursales_lugares.csv;"La Florida";"fecha_inicio_vigencia reparada de 04-01-24 a 2024-01-04"
1681;sucursales_lugares.csv;"La Florida";"fecha_fin_vigencia reparada de 03-04-24 a 2024-04-03"
1681;sucursales_lugares.csv;"La Florida";"Fila enviada a ERR: precio es obligatorio y viene nulo."
1682;sucursales_lugares.csv;"La Florida";"tipo_precio tiene valor no permitido linea_hora, se deja nulo."
1682;sucursales_lugares.csv;"La Florida";"fecha_inicio_vigencia reparada de 11-10-25 a 2025-10-11"
1682;sucursales_lugares.csv;"La Florida";"fecha_fin_vigencia reparada de 25-10-25 a 2025-10-25"
1683;sucursales_lugares.csv;"La Florida";"tipo_precio tiene valor no permitido linea_hora, se deja nulo."
1683;sucursales_lugares.csv;"La Florida";"fecha_inicio_vigencia reparada de 20-04-25 a 2025-04-20"
1683;sucursales_lugares.csv;"La Florida";"fecha_fin_vigencia reparada de 19-06-25 a 2025-06-19"
1684;sucursales_lugares.csv;"La Florida";"tipo_precio tiene valor no permitido linea_hora, se deja nulo."
1684;sucursales_lugares.csv;"La Florida";"fecha_inicio_vigencia reparada de 23-05-25 a 2025-05-23"
1684;sucursales_lugares.csv;"La Florida";"fecha_fin_vigencia reparada de 06-06-25 a 2025-06-06"
1685;sucursales_lugares.csv;"La Florida";"tipo_precio tiene valor no permitido linea_hora, se deja nulo."
1685;sucursales_lugares.csv;"La Florida";"fecha_inicio_vigencia reparada de 03-07-25 a 2025-07-03"
1685;sucursales_lugares.csv;"La Florida";"fecha_fin_vigencia reparada de 02-08-25 a 2025-08-02"
1686;sucursales_lugares.csv;"La Florida";"tipo_precio tiene valor no permitido linea_hora, se deja nulo."
1686;sucursales_lugares.csv;"La Florida";"fecha_inicio_vigencia reparada de 20-02-24 a 2024-02-20"
1686;sucursales_lugares.csv;"La Florida";"fecha_fin_vigencia reparada de 05-03-24 a 2024-03-05"
1687;sucursales_lugares.csv;"La Florida";"tipo_precio tiene valor no permitido linea_hora, se deja nulo."
1687;sucursales_lugares.csv;"La Florida";"fecha_inicio_vigencia reparada de 24-09-25 a 2025-09-24"
1687;sucursales_lugares.csv;"La Florida";"fecha_fin_vigencia reparada de 08-10-25 a 2025-10-08"
1688;sucursales_lugares.csv;"La Florida";"tipo_precio tiene valor no permitido linea_hora, se deja nulo."
1688;sucursales_lugares.csv;"La Florida";"fecha_inicio_vigencia reparada de 02-01-24 a 2024-01-02"
1688;sucursales_lugares.csv;"La Florida";"fecha_fin_vigencia reparada de 02-03-24 a 2024-03-02"
1689;sucursales_lugares.csv;"La Florida";"tipo_precio tiene valor no permitido linea_hora, se deja nulo."
1689;sucursales_lugares.csv;"La Florida";"fecha_inicio_vigencia reparada de 06-03-24 a 2024-03-06"
1689;sucursales_lugares.csv;"La Florida";"fecha_fin_vigencia reparada de 05-04-24 a 2024-04-05"
1690;sucursales_lugares.csv;"La Florida";"tipo_precio tiene valor no permitido linea_hora, se deja nulo."
1690;sucursales_lugares.csv;"La Florida";"fecha_inicio_vigencia reparada de 12-02-25 a 2025-02-12"
1690;sucursales_lugares.csv;"La Florida";"fecha_fin_vigencia reparada de 13-05-25 a 2025-05-13"
1691;sucursales_lugares.csv;"La Florida";"tipo_precio tiene valor no permitido linea_hora, se deja nulo."
1691;sucursales_lugares.csv;"La Florida";"fecha_inicio_vigencia reparada de 02-02-24 a 2024-02-02"
1691;sucursales_lugares.csv;"La Florida";"fecha_fin_vigencia reparada de 03-03-24 a 2024-03-03"
1692;sucursales_lugares.csv;"La Florida";"tipo_precio tiene valor no permitido linea_hora, se deja nulo."
1692;sucursales_lugares.csv;"La Florida";"fecha_inicio_vigencia reparada de 23-02-24 a 2024-02-23"
1692;sucursales_lugares.csv;"La Florida";"fecha_fin_vigencia reparada de 23-04-24 a 2024-04-23"
1693;sucursales_lugares.csv;"La Florida";"tipo_precio tiene valor no permitido linea_hora, se deja nulo."
1693;sucursales_lugares.csv;"La Florida";"fecha_inicio_vigencia reparada de 08-02-25 a 2025-02-08"
1693;sucursales_lugares.csv;"La Florida";"fecha_fin_vigencia reparada de 09-05-25 a 2025-05-09"
1694;sucursales_lugares.csv;"La Florida";"tipo_precio tiene valor no permitido linea_hora, se deja nulo."
1694;sucursales_lugares.csv;"La Florida";"fecha_inicio_vigencia reparada de 28-01-24 a 2024-01-28"
1694;sucursales_lugares.csv;"La Florida";"fecha_fin_vigencia reparada de 11-02-24 a 2024-02-11"
1695;sucursales_lugares.csv;"La Florida";"tipo_precio tiene valor no permitido linea_hora, se deja nulo."
1695;sucursales_lugares.csv;"La Florida";"fecha_inicio_vigencia reparada de 19-11-25 a 2025-11-19"
1695;sucursales_lugares.csv;"La Florida";"fecha_fin_vigencia reparada de 03-12-25 a 2025-12-03"
1696;sucursales_lugares.csv;"La Florida";"tipo_precio tiene valor no permitido linea_hora, se deja nulo."
1696;sucursales_lugares.csv;"La Florida";"fecha_inicio_vigencia reparada de 17-10-24 a 2024-10-17"
1696;sucursales_lugares.csv;"La Florida";"fecha_fin_vigencia reparada de 15-01-25 a 2025-01-15"
1697;sucursales_lugares.csv;"La Florida";"tipo_precio tiene valor no permitido linea_hora, se deja nulo."
1697;sucursales_lugares.csv;"La Florida";"fecha_inicio_vigencia reparada de 11-08-25 a 2025-08-11"
1697;sucursales_lugares.csv;"La Florida";"fecha_fin_vigencia reparada de 10-10-25 a 2025-10-10"
1698;sucursales_lugares.csv;"La Florida";"tipo_precio reparado de dia a día"
1698;sucursales_lugares.csv;"La Florida";"fecha_inicio_vigencia con formato incompleto o que no se pudo reparar, se reemplaza por nulo"
1698;sucursales_lugares.csv;"La Florida";"fecha_fin_vigencia reparada de 18-03-25 a 2025-03-18"
1698;sucursales_lugares.csv;"La Florida";"Fila enviada a ERR: precio debe ser un numero."
1699;sucursales_lugares.csv;"La Florida";"tipo_precio tiene valor no permitido tramo, se deja nulo."
1699;sucursales_lugares.csv;"La Florida";"fecha_inicio_vigencia reparada de 02-12-24 a 2024-12-02"
1699;sucursales_lugares.csv;"La Florida";"fecha_fin_vigencia reparada de 02-03-25 a 2025-03-02"
1700;sucursales_lugares.csv;"La Florida";"tipo_precio tiene valor no permitido tramo, se deja nulo."
1700;sucursales_lugares.csv;"La Florida";"fecha_inicio_vigencia reparada de 09-09-24 a 2024-09-09"
1700;sucursales_lugares.csv;"La Florida";"fecha_fin_vigencia reparada de 23-09-24 a 2024-09-23"
1701;sucursales_lugares.csv;"La Florida";"tipo_precio tiene valor no permitido tramo, se deja nulo."
1701;sucursales_lugares.csv;"La Florida";"fecha_inicio_vigencia reparada de 29-07-25 a 2025-07-29"
1701;sucursales_lugares.csv;"La Florida";"fecha_fin_vigencia reparada de 28-08-25 a 2025-08-28"
1702;sucursales_lugares.csv;"La Florida";"tipo_precio reparado de dia a día"
1702;sucursales_lugares.csv;"La Florida";"fecha_inicio_vigencia reparada de 14-12-24 a 2024-12-14"
1702;sucursales_lugares.csv;"La Florida";"fecha_fin_vigencia reparada de 14-03-25 a 2025-03-14"
1703;sucursales_lugares.csv;"La Florida";"tipo_precio reparado de dia a día"
1703;sucursales_lugares.csv;"La Florida";"fecha_inicio_vigencia reparada de 24-09-24 a 2024-09-24"
1703;sucursales_lugares.csv;"La Florida";"fecha_fin_vigencia reparada de 08-10-24 a 2024-10-08"
1704;sucursales_lugares.csv;"La Florida";"tipo_precio reparado de dia a día"
1704;sucursales_lugares.csv;"La Florida";"fecha_inicio_vigencia reparada de 12-04-25 a 2025-04-12"
1704;sucursales_lugares.csv;"La Florida";"fecha_fin_vigencia reparada de 11-06-25 a 2025-06-11"
1705;sucursales_lugares.csv;"La Florida";"tipo_precio reparado de dia a día"
1705;sucursales_lugares.csv;"La Florida";"fecha_inicio_vigencia reparada de 21-10-25 a 2025-10-21"
1705;sucursales_lugares.csv;"La Florida";"fecha_fin_vigencia reparada de 20-12-25 a 2025-12-20"
1706;sucursales_lugares.csv;"La Florida";"tipo_precio reparado de dia a día"
1706;sucursales_lugares.csv;"La Florida";"fecha_inicio_vigencia reparada de 29-11-25 a 2025-11-29"
1706;sucursales_lugares.csv;"La Florida";"fecha_fin_vigencia reparada de 27-02-26 a 2026-02-27"
1707;sucursales_lugares.csv;"La Florida";"tipo_precio reparado de dia a día"
1707;sucursales_lugares.csv;"La Florida";"fecha_inicio_vigencia reparada de 19-06-24 a 2024-06-19"
1707;sucursales_lugares.csv;"La Florida";"fecha_fin_vigencia reparada de 17-09-24 a 2024-09-17"
1708;sucursales_lugares.csv;"La Florida";"tipo_precio reparado de dia a día"
1708;sucursales_lugares.csv;"La Florida";"fecha_inicio_vigencia reparada de 03-04-24 a 2024-04-03"
1708;sucursales_lugares.csv;"La Florida";"fecha_fin_vigencia reparada de 10-04-24 a 2024-04-10"
1709;sucursales_lugares.csv;"La Florida";"tipo_precio reparado de dia a día"
1709;sucursales_lugares.csv;"La Florida";"fecha_inicio_vigencia reparada de 11-11-24 a 2024-11-11"
1709;sucursales_lugares.csv;"La Florida";"fecha_fin_vigencia reparada de 25-11-24 a 2024-11-25"
1710;sucursales_lugares.csv;"La Florida";"tipo_precio reparado de dia a día"
1710;sucursales_lugares.csv;"La Florida";"fecha_inicio_vigencia reparada de 13-09-25 a 2025-09-13"
1710;sucursales_lugares.csv;"La Florida";"fecha_fin_vigencia reparada de 27-09-25 a 2025-09-27"
1711;sucursales_lugares.csv;"La Florida";"tipo_precio reparado de dia a día"
1711;sucursales_lugares.csv;"La Florida";"fecha_inicio_vigencia reparada de 28-08-24 a 2024-08-28"
1711;sucursales_lugares.csv;"La Florida";"fecha_fin_vigencia reparada de 11-09-24 a 2024-09-11"
1712;sucursales_lugares.csv;"La Florida";"tipo_precio reparado de dia a día"
1712;sucursales_lugares.csv;"La Florida";"fecha_inicio_vigencia reparada de 29-07-25 a 2025-07-29"
1712;sucursales_lugares.csv;"La Florida";"fecha_fin_vigencia reparada de 27-10-25 a 2025-10-27"
1713;sucursales_lugares.csv;"La Florida";"tipo_precio reparado de dia a día"
1713;sucursales_lugares.csv;"La Florida";"fecha_inicio_vigencia reparada de 05-02-24 a 2024-02-05"
1713;sucursales_lugares.csv;"La Florida";"fecha_fin_vigencia reparada de 19-02-24 a 2024-02-19"
1714;sucursales_lugares.csv;"La Florida";"tipo_precio reparado de dia a día"
1714;sucursales_lugares.csv;"La Florida";"fecha_inicio_vigencia reparada de 29-11-25 a 2025-11-29"
1714;sucursales_lugares.csv;"La Florida";"fecha_fin_vigencia reparada de 27-02-26 a 2026-02-27"
1715;sucursales_lugares.csv;"La Florida";"tipo_precio reparado de dia a día"
1715;sucursales_lugares.csv;"La Florida";"fecha_inicio_vigencia reparada de 07-04-25 a 2025-04-07"
1715;sucursales_lugares.csv;"La Florida";"fecha_fin_vigencia reparada de 21-04-25 a 2025-04-21"
1716;sucursales_lugares.csv;"La Florida";"tipo_precio reparado de dia a día"
1716;sucursales_lugares.csv;"La Florida";"fecha_inicio_vigencia reparada de 29-10-25 a 2025-10-29"
1716;sucursales_lugares.csv;"La Florida";"fecha_fin_vigencia reparada de 05-11-25 a 2025-11-05"
1717;sucursales_lugares.csv;"La Florida";"tipo_precio reparado de dia a día"
1717;sucursales_lugares.csv;"La Florida";"fecha_inicio_vigencia reparada de 10-10-25 a 2025-10-10"
1717;sucursales_lugares.csv;"La Florida";"fecha_fin_vigencia reparada de 24-10-25 a 2025-10-24"
1718;sucursales_lugares.csv;"La Florida";"tipo_precio reparado de dia a día"
1718;sucursales_lugares.csv;"La Florida";"fecha_inicio_vigencia reparada de 06-06-24 a 2024-06-06"
1718;sucursales_lugares.csv;"La Florida";"fecha_fin_vigencia reparada de 13-06-24 a 2024-06-13"
1719;sucursales_lugares.csv;"La Florida";"tipo_precio reparado de dia a día"
1719;sucursales_lugares.csv;"La Florida";"fecha_inicio_vigencia reparada de 06-05-25 a 2025-05-06"
1719;sucursales_lugares.csv;"La Florida";"fecha_fin_vigencia reparada de 13-05-25 a 2025-05-13"
1720;sucursales_lugares.csv;"La Florida";"tipo_precio reparado de dia a día"
1720;sucursales_lugares.csv;"La Florida";"fecha_inicio_vigencia reparada de 23-06-25 a 2025-06-23"
1720;sucursales_lugares.csv;"La Florida";"fecha_fin_vigencia reparada de 07-07-25 a 2025-07-07"
1721;sucursales_lugares.csv;"La Florida";"tipo_precio reparado de dia a día"
1721;sucursales_lugares.csv;"La Florida";"fecha_inicio_vigencia reparada de 10-10-25 a 2025-10-10"
1721;sucursales_lugares.csv;"La Florida";"fecha_fin_vigencia reparada de 09-11-25 a 2025-11-09"
1722;sucursales_lugares.csv;"La Florida";"fecha_inicio_vigencia reparada de 15-04-24 a 2024-04-15"
1722;sucursales_lugares.csv;"La Florida";"fecha_fin_vigencia reparada de 29-04-24 a 2024-04-29"
1723;sucursales_lugares.csv;"La Florida";"fecha_inicio_vigencia reparada de 08-03-24 a 2024-03-08"
1723;sucursales_lugares.csv;"La Florida";"fecha_fin_vigencia reparada de 22-03-24 a 2024-03-22"
1724;sucursales_lugares.csv;"La Florida";"fecha_inicio_vigencia reparada de 15-09-25 a 2025-09-15"
1724;sucursales_lugares.csv;"La Florida";"fecha_fin_vigencia reparada de 14-12-25 a 2025-12-14"
1725;sucursales_lugares.csv;"La Florida";"fecha_inicio_vigencia reparada de 31-12-24 a 2024-12-31"
1725;sucursales_lugares.csv;"La Florida";"fecha_fin_vigencia reparada de 07-01-25 a 2025-01-07"
1726;sucursales_lugares.csv;"La Florida";"fecha_inicio_vigencia reparada de 25-08-24 a 2024-08-25"
1726;sucursales_lugares.csv;"La Florida";"fecha_fin_vigencia reparada de 24-09-24 a 2024-09-24"
1727;sucursales_lugares.csv;"La Florida";"fecha_inicio_vigencia reparada de 15-11-25 a 2025-11-15"
1727;sucursales_lugares.csv;"La Florida";"fecha_fin_vigencia reparada de 29-11-25 a 2025-11-29"
1728;sucursales_lugares.csv;"La Florida";"fecha_inicio_vigencia reparada de 24-12-24 a 2024-12-24"
1728;sucursales_lugares.csv;"La Florida";"fecha_fin_vigencia reparada de 07-01-25 a 2025-01-07"
1729;sucursales_lugares.csv;"La Florida";"fecha_inicio_vigencia reparada de 23-04-25 a 2025-04-23"
1729;sucursales_lugares.csv;"La Florida";"fecha_fin_vigencia reparada de 23-05-25 a 2025-05-23"
1730;sucursales_lugares.csv;"Santa Cruz";"tipo_precio tiene valor no permitido mesa_hora, se deja nulo."
1730;sucursales_lugares.csv;"Santa Cruz";"fecha_inicio_vigencia reparada de 20-08-24 a 2024-08-20"
1730;sucursales_lugares.csv;"Santa Cruz";"fecha_fin_vigencia reparada de 27-08-24 a 2024-08-27"
1730;sucursales_lugares.csv;"Santa Cruz";"Fila enviada a ERR: precio es obligatorio y viene nulo."
1731;sucursales_lugares.csv;"Santa Cruz";"tipo_precio tiene valor no permitido mesa_hora, se deja nulo."
1731;sucursales_lugares.csv;"Santa Cruz";"fecha_inicio_vigencia reparada de 11-05-24 a 2024-05-11"
1731;sucursales_lugares.csv;"Santa Cruz";"fecha_fin_vigencia reparada de 18-05-24 a 2024-05-18"
1731;sucursales_lugares.csv;"Santa Cruz";"Fila enviada a ERR: precio es obligatorio y viene nulo."
1732;sucursales_lugares.csv;"Santa Cruz";"tipo_precio tiene valor no permitido mesa_hora, se deja nulo."
1732;sucursales_lugares.csv;"Santa Cruz";"fecha_inicio_vigencia reparada de 05-09-24 a 2024-09-05"
1732;sucursales_lugares.csv;"Santa Cruz";"fecha_fin_vigencia reparada de 04-12-24 a 2024-12-04"
1732;sucursales_lugares.csv;"Santa Cruz";"Fila enviada a ERR: precio es obligatorio y viene nulo."
1733;sucursales_lugares.csv;"Santa Cruz";"tipo_precio tiene valor no permitido mesa_hora, se deja nulo."
1733;sucursales_lugares.csv;"Santa Cruz";"fecha_inicio_vigencia reparada de 29-05-24 a 2024-05-29"
1733;sucursales_lugares.csv;"Santa Cruz";"fecha_fin_vigencia reparada de 05-06-24 a 2024-06-05"
1733;sucursales_lugares.csv;"Santa Cruz";"Fila enviada a ERR: precio es obligatorio y viene nulo."
1734;sucursales_lugares.csv;"Santa Cruz";"tipo_precio tiene valor no permitido mesa_hora, se deja nulo."
1734;sucursales_lugares.csv;"Santa Cruz";"fecha_inicio_vigencia reparada de 01-08-25 a 2025-08-01"
1734;sucursales_lugares.csv;"Santa Cruz";"fecha_fin_vigencia reparada de 15-08-25 a 2025-08-15"
1734;sucursales_lugares.csv;"Santa Cruz";"Fila enviada a ERR: precio es obligatorio y viene nulo."
1735;sucursales_lugares.csv;"Santa Cruz";"tipo_precio tiene valor no permitido mesa_hora, se deja nulo."
1735;sucursales_lugares.csv;"Santa Cruz";"fecha_inicio_vigencia reparada de 19-05-25 a 2025-05-19"
1735;sucursales_lugares.csv;"Santa Cruz";"fecha_fin_vigencia reparada de 02-06-25 a 2025-06-02"
1735;sucursales_lugares.csv;"Santa Cruz";"Fila enviada a ERR: precio es obligatorio y viene nulo."
1736;sucursales_lugares.csv;"Santa Cruz";"tipo_precio tiene valor no permitido mesa_hora, se deja nulo."
1736;sucursales_lugares.csv;"Santa Cruz";"fecha_inicio_vigencia reparada de 04-03-25 a 2025-03-04"
1736;sucursales_lugares.csv;"Santa Cruz";"fecha_fin_vigencia reparada de 03-05-25 a 2025-05-03"
1736;sucursales_lugares.csv;"Santa Cruz";"Fila enviada a ERR: precio es obligatorio y viene nulo."
1737;sucursales_lugares.csv;"Santa Cruz";"tipo_precio tiene valor no permitido mesa_hora, se deja nulo."
1737;sucursales_lugares.csv;"Santa Cruz";"fecha_inicio_vigencia reparada de 15-08-25 a 2025-08-15"
1737;sucursales_lugares.csv;"Santa Cruz";"fecha_fin_vigencia reparada de 14-09-25 a 2025-09-14"
1737;sucursales_lugares.csv;"Santa Cruz";"Fila enviada a ERR: precio es obligatorio y viene nulo."
1738;sucursales_lugares.csv;"Santa Cruz";"tipo_precio tiene valor no permitido mesa_hora, se deja nulo."
1738;sucursales_lugares.csv;"Santa Cruz";"fecha_inicio_vigencia reparada de 19-02-25 a 2025-02-19"
1738;sucursales_lugares.csv;"Santa Cruz";"fecha_fin_vigencia reparada de 21-03-25 a 2025-03-21"
1738;sucursales_lugares.csv;"Santa Cruz";"Fila enviada a ERR: precio es obligatorio y viene nulo."
1739;sucursales_lugares.csv;"Santa Cruz";"tipo_precio tiene valor no permitido mesa_hora, se deja nulo."
1739;sucursales_lugares.csv;"Santa Cruz";"fecha_inicio_vigencia reparada de 24-10-24 a 2024-10-24"
1739;sucursales_lugares.csv;"Santa Cruz";"fecha_fin_vigencia reparada de 31-10-24 a 2024-10-31"
1739;sucursales_lugares.csv;"Santa Cruz";"Fila enviada a ERR: precio es obligatorio y viene nulo."
1740;sucursales_lugares.csv;"Santa Cruz";"tipo_precio tiene valor no permitido mesa_hora, se deja nulo."
1740;sucursales_lugares.csv;"Santa Cruz";"fecha_inicio_vigencia reparada de 25-12-24 a 2024-12-25"
1740;sucursales_lugares.csv;"Santa Cruz";"fecha_fin_vigencia reparada de 01-01-25 a 2025-01-01"
1740;sucursales_lugares.csv;"Santa Cruz";"Fila enviada a ERR: precio es obligatorio y viene nulo."
1741;sucursales_lugares.csv;"Santa Cruz";"tipo_precio tiene valor no permitido mesa_hora, se deja nulo."
1741;sucursales_lugares.csv;"Santa Cruz";"fecha_inicio_vigencia reparada de 27-05-25 a 2025-05-27"
1741;sucursales_lugares.csv;"Santa Cruz";"fecha_fin_vigencia reparada de 25-08-25 a 2025-08-25"
1741;sucursales_lugares.csv;"Santa Cruz";"Fila enviada a ERR: precio es obligatorio y viene nulo."
1742;sucursales_lugares.csv;"Santa Cruz";"tipo_precio tiene valor no permitido mesa_hora, se deja nulo."
1742;sucursales_lugares.csv;"Santa Cruz";"fecha_inicio_vigencia reparada de 04-10-25 a 2025-10-04"
1742;sucursales_lugares.csv;"Santa Cruz";"fecha_fin_vigencia reparada de 18-10-25 a 2025-10-18"
1742;sucursales_lugares.csv;"Santa Cruz";"Fila enviada a ERR: precio es obligatorio y viene nulo."
1743;sucursales_lugares.csv;"Santa Cruz";"tipo_precio tiene valor no permitido mesa_hora, se deja nulo."
1743;sucursales_lugares.csv;"Santa Cruz";"fecha_inicio_vigencia reparada de 02-08-24 a 2024-08-02"
1743;sucursales_lugares.csv;"Santa Cruz";"fecha_fin_vigencia reparada de 16-08-24 a 2024-08-16"
1743;sucursales_lugares.csv;"Santa Cruz";"Fila enviada a ERR: precio es obligatorio y viene nulo."
1744;sucursales_lugares.csv;"Santa Cruz";"tipo_precio tiene valor no permitido mesa_hora, se deja nulo."
1744;sucursales_lugares.csv;"Santa Cruz";"fecha_inicio_vigencia reparada de 19-02-25 a 2025-02-19"
1744;sucursales_lugares.csv;"Santa Cruz";"fecha_fin_vigencia reparada de 20-05-25 a 2025-05-20"
1744;sucursales_lugares.csv;"Santa Cruz";"Fila enviada a ERR: precio es obligatorio y viene nulo."
1745;sucursales_lugares.csv;"Santa Cruz";"tipo_precio tiene valor no permitido mesa_hora, se deja nulo."
1745;sucursales_lugares.csv;"Santa Cruz";"fecha_inicio_vigencia reparada de 06-03-24 a 2024-03-06"
1745;sucursales_lugares.csv;"Santa Cruz";"fecha_fin_vigencia reparada de 05-05-24 a 2024-05-05"
1745;sucursales_lugares.csv;"Santa Cruz";"Fila enviada a ERR: precio es obligatorio y viene nulo."
1746;sucursales_lugares.csv;"Santa Cruz";"tipo_precio tiene valor no permitido linea_hora, se deja nulo."
1746;sucursales_lugares.csv;"Santa Cruz";"fecha_inicio_vigencia reparada de 24-01-25 a 2025-01-24"
1746;sucursales_lugares.csv;"Santa Cruz";"fecha_fin_vigencia reparada de 31-01-25 a 2025-01-31"
1747;sucursales_lugares.csv;"Santa Cruz";"tipo_precio tiene valor no permitido linea_hora, se deja nulo."
1747;sucursales_lugares.csv;"Santa Cruz";"fecha_inicio_vigencia reparada de 08-04-24 a 2024-04-08"
1747;sucursales_lugares.csv;"Santa Cruz";"fecha_fin_vigencia reparada de 07-07-24 a 2024-07-07"
1748;sucursales_lugares.csv;"Santa Cruz";"tipo_precio tiene valor no permitido linea_hora, se deja nulo."
1748;sucursales_lugares.csv;"Santa Cruz";"fecha_inicio_vigencia reparada de 22-03-25 a 2025-03-22"
1748;sucursales_lugares.csv;"Santa Cruz";"fecha_fin_vigencia reparada de 20-06-25 a 2025-06-20"
1748;sucursales_lugares.csv;"Santa Cruz";"Fila enviada a ERR: precio debe ser un numero."
1749;sucursales_lugares.csv;"Santa Cruz";"tipo_precio tiene valor no permitido linea_hora, se deja nulo."
1749;sucursales_lugares.csv;"Santa Cruz";"fecha_inicio_vigencia reparada de 23-05-24 a 2024-05-23"
1749;sucursales_lugares.csv;"Santa Cruz";"fecha_fin_vigencia reparada de 30-05-24 a 2024-05-30"
1750;sucursales_lugares.csv;"Santa Cruz";"tipo_precio tiene valor no permitido linea_hora, se deja nulo."
1750;sucursales_lugares.csv;"Santa Cruz";"fecha_inicio_vigencia reparada de 25-02-25 a 2025-02-25"
1750;sucursales_lugares.csv;"Santa Cruz";"fecha_fin_vigencia reparada de 11-03-25 a 2025-03-11"
1751;sucursales_lugares.csv;"Santa Cruz";"tipo_precio tiene valor no permitido linea_hora, se deja nulo."
1751;sucursales_lugares.csv;"Santa Cruz";"fecha_inicio_vigencia reparada de 15-03-25 a 2025-03-15"
1751;sucursales_lugares.csv;"Santa Cruz";"fecha_fin_vigencia reparada de 14-05-25 a 2025-05-14"
1752;sucursales_lugares.csv;"Santa Cruz";"tipo_precio tiene valor no permitido linea_hora, se deja nulo."
1752;sucursales_lugares.csv;"Santa Cruz";"fecha_inicio_vigencia reparada de 16-03-25 a 2025-03-16"
1752;sucursales_lugares.csv;"Santa Cruz";"fecha_fin_vigencia reparada de 15-05-25 a 2025-05-15"
1753;sucursales_lugares.csv;"Santa Cruz";"tipo_precio tiene valor no permitido linea_hora, se deja nulo."
1753;sucursales_lugares.csv;"Santa Cruz";"fecha_inicio_vigencia reparada de 02-05-24 a 2024-05-02"
1753;sucursales_lugares.csv;"Santa Cruz";"fecha_fin_vigencia reparada de 01-07-24 a 2024-07-01"
1754;sucursales_lugares.csv;"Santa Cruz";"tipo_precio tiene valor no permitido linea_hora, se deja nulo."
1754;sucursales_lugares.csv;"Santa Cruz";"fecha_inicio_vigencia reparada de 11-04-24 a 2024-04-11"
1754;sucursales_lugares.csv;"Santa Cruz";"fecha_fin_vigencia reparada de 10-07-24 a 2024-07-10"
1755;sucursales_lugares.csv;"Santa Cruz";"tipo_precio tiene valor no permitido linea_hora, se deja nulo."
1755;sucursales_lugares.csv;"Santa Cruz";"fecha_inicio_vigencia reparada de 07-12-24 a 2024-12-07"
1755;sucursales_lugares.csv;"Santa Cruz";"fecha_fin_vigencia reparada de 06-01-25 a 2025-01-06"
1756;sucursales_lugares.csv;"Santa Cruz";"tipo_precio tiene valor no permitido linea_hora, se deja nulo."
1756;sucursales_lugares.csv;"Santa Cruz";"fecha_inicio_vigencia reparada de 26-06-24 a 2024-06-26"
1756;sucursales_lugares.csv;"Santa Cruz";"fecha_fin_vigencia reparada de 25-08-24 a 2024-08-25"
1757;sucursales_lugares.csv;"Santa Cruz";"tipo_precio tiene valor no permitido linea_hora, se deja nulo."
1757;sucursales_lugares.csv;"Santa Cruz";"fecha_inicio_vigencia reparada de 07-02-25 a 2025-02-07"
1757;sucursales_lugares.csv;"Santa Cruz";"fecha_fin_vigencia reparada de 21-02-25 a 2025-02-21"
1758;sucursales_lugares.csv;"Santa Cruz";"tipo_precio tiene valor no permitido linea_hora, se deja nulo."
1758;sucursales_lugares.csv;"Santa Cruz";"fecha_inicio_vigencia reparada de 30-06-24 a 2024-06-30"
1758;sucursales_lugares.csv;"Santa Cruz";"fecha_fin_vigencia reparada de 29-08-24 a 2024-08-29"
1759;sucursales_lugares.csv;"Santa Cruz";"tipo_precio tiene valor no permitido linea_hora, se deja nulo."
1759;sucursales_lugares.csv;"Santa Cruz";"fecha_inicio_vigencia reparada de 03-11-24 a 2024-11-03"
1759;sucursales_lugares.csv;"Santa Cruz";"fecha_fin_vigencia reparada de 17-11-24 a 2024-11-17"
1760;sucursales_lugares.csv;"Santa Cruz";"tipo_precio tiene valor no permitido linea_hora, se deja nulo."
1760;sucursales_lugares.csv;"Santa Cruz";"fecha_inicio_vigencia reparada de 01-11-24 a 2024-11-01"
1760;sucursales_lugares.csv;"Santa Cruz";"fecha_fin_vigencia reparada de 31-12-24 a 2024-12-31"
1761;sucursales_lugares.csv;"Santa Cruz";"tipo_precio tiene valor no permitido linea_hora, se deja nulo."
1761;sucursales_lugares.csv;"Santa Cruz";"fecha_inicio_vigencia reparada de 03-02-25 a 2025-02-03"
1761;sucursales_lugares.csv;"Santa Cruz";"fecha_fin_vigencia reparada de 04-04-25 a 2025-04-04"
1762;sucursales_lugares.csv;"Santa Cruz";"tipo_precio reparado de dia a día"
1762;sucursales_lugares.csv;"Santa Cruz";"fecha_inicio_vigencia reparada de 09-10-25 a 2025-10-09"
1762;sucursales_lugares.csv;"Santa Cruz";"fecha_fin_vigencia reparada de 08-11-25 a 2025-11-08"
1763;sucursales_lugares.csv;"Santa Cruz";"tipo_precio tiene valor no permitido tramo, se deja nulo."
1763;sucursales_lugares.csv;"Santa Cruz";"fecha_inicio_vigencia reparada de 14-11-24 a 2024-11-14"
1763;sucursales_lugares.csv;"Santa Cruz";"fecha_fin_vigencia reparada de 14-12-24 a 2024-12-14"
1764;sucursales_lugares.csv;"Santa Cruz";"tipo_precio tiene valor no permitido tramo, se deja nulo."
1764;sucursales_lugares.csv;"Santa Cruz";"fecha_inicio_vigencia reparada de 08-09-25 a 2025-09-08"
1764;sucursales_lugares.csv;"Santa Cruz";"fecha_fin_vigencia reparada de 07-12-25 a 2025-12-07"
1765;sucursales_lugares.csv;"Santa Cruz";"tipo_precio tiene valor no permitido tramo, se deja nulo."
1765;sucursales_lugares.csv;"Santa Cruz";"fecha_inicio_vigencia reparada de 14-01-25 a 2025-01-14"
1765;sucursales_lugares.csv;"Santa Cruz";"fecha_fin_vigencia reparada de 14-04-25 a 2025-04-14"
1766;sucursales_lugares.csv;"Santa Cruz";"tipo_precio reparado de dia a día"
1766;sucursales_lugares.csv;"Santa Cruz";"fecha_inicio_vigencia reparada de 21-09-25 a 2025-09-21"
1766;sucursales_lugares.csv;"Santa Cruz";"fecha_fin_vigencia reparada de 20-12-25 a 2025-12-20"
1767;sucursales_lugares.csv;"Santa Cruz";"tipo_precio reparado de dia a día"
1767;sucursales_lugares.csv;"Santa Cruz";"fecha_inicio_vigencia reparada de 22-10-25 a 2025-10-22"
1767;sucursales_lugares.csv;"Santa Cruz";"fecha_fin_vigencia reparada de 21-12-25 a 2025-12-21"
1768;sucursales_lugares.csv;"Santa Cruz";"tipo_precio reparado de dia a día"
1768;sucursales_lugares.csv;"Santa Cruz";"fecha_inicio_vigencia reparada de 19-05-25 a 2025-05-19"
1768;sucursales_lugares.csv;"Santa Cruz";"fecha_fin_vigencia reparada de 17-08-25 a 2025-08-17"
1769;sucursales_lugares.csv;"Santa Cruz";"tipo_precio reparado de dia a día"
1769;sucursales_lugares.csv;"Santa Cruz";"fecha_inicio_vigencia reparada de 23-06-25 a 2025-06-23"
1769;sucursales_lugares.csv;"Santa Cruz";"fecha_fin_vigencia reparada de 22-08-25 a 2025-08-22"
1770;sucursales_lugares.csv;"Santa Cruz";"tipo_precio reparado de dia a día"
1770;sucursales_lugares.csv;"Santa Cruz";"fecha_inicio_vigencia reparada de 08-03-24 a 2024-03-08"
1770;sucursales_lugares.csv;"Santa Cruz";"fecha_fin_vigencia reparada de 15-03-24 a 2024-03-15"
1771;sucursales_lugares.csv;"Santa Cruz";"tipo_precio reparado de dia a día"
1771;sucursales_lugares.csv;"Santa Cruz";"fecha_inicio_vigencia con formato incompleto o que no se pudo reparar, se reemplaza por nulo"
1771;sucursales_lugares.csv;"Santa Cruz";"fecha_fin_vigencia reparada de 11-07-24 a 2024-07-11"
1771;sucursales_lugares.csv;"Santa Cruz";"Fila enviada a ERR: precio debe ser un numero."
1772;sucursales_lugares.csv;"Santa Cruz";"tipo_precio reparado de dia a día"
1772;sucursales_lugares.csv;"Santa Cruz";"fecha_inicio_vigencia reparada de 03-02-25 a 2025-02-03"
1772;sucursales_lugares.csv;"Santa Cruz";"fecha_fin_vigencia reparada de 04-05-25 a 2025-05-04"
1773;sucursales_lugares.csv;"Santa Cruz";"tipo_precio reparado de dia a día"
1773;sucursales_lugares.csv;"Santa Cruz";"fecha_inicio_vigencia reparada de 23-08-25 a 2025-08-23"
1773;sucursales_lugares.csv;"Santa Cruz";"fecha_fin_vigencia reparada de 22-09-25 a 2025-09-22"
1774;sucursales_lugares.csv;"Santa Cruz";"tipo_precio reparado de dia a día"
1774;sucursales_lugares.csv;"Santa Cruz";"fecha_inicio_vigencia reparada de 01-11-24 a 2024-11-01"
1774;sucursales_lugares.csv;"Santa Cruz";"fecha_fin_vigencia reparada de 30-01-25 a 2025-01-30"
1775;sucursales_lugares.csv;"Santa Cruz";"tipo_precio reparado de dia a día"
1775;sucursales_lugares.csv;"Santa Cruz";"fecha_inicio_vigencia reparada de 16-04-25 a 2025-04-16"
1775;sucursales_lugares.csv;"Santa Cruz";"fecha_fin_vigencia reparada de 23-04-25 a 2025-04-23"
1776;sucursales_lugares.csv;"Santa Cruz";"tipo_precio reparado de dia a día"
1776;sucursales_lugares.csv;"Santa Cruz";"fecha_inicio_vigencia reparada de 24-09-25 a 2025-09-24"
1776;sucursales_lugares.csv;"Santa Cruz";"fecha_fin_vigencia reparada de 23-12-25 a 2025-12-23"
1777;sucursales_lugares.csv;"Santa Cruz";"tipo_precio reparado de dia a día"
1777;sucursales_lugares.csv;"Santa Cruz";"fecha_inicio_vigencia reparada de 29-02-24 a 2024-02-29"
1777;sucursales_lugares.csv;"Santa Cruz";"fecha_fin_vigencia reparada de 29-04-24 a 2024-04-29"
1778;sucursales_lugares.csv;"Santa Cruz";"tipo_precio reparado de dia a día"
1778;sucursales_lugares.csv;"Santa Cruz";"fecha_inicio_vigencia reparada de 01-05-24 a 2024-05-01"
1778;sucursales_lugares.csv;"Santa Cruz";"fecha_fin_vigencia reparada de 30-06-24 a 2024-06-30"
1779;sucursales_lugares.csv;"Santa Cruz";"tipo_precio reparado de dia a día"
1779;sucursales_lugares.csv;"Santa Cruz";"fecha_inicio_vigencia reparada de 21-04-24 a 2024-04-21"
1779;sucursales_lugares.csv;"Santa Cruz";"fecha_fin_vigencia reparada de 21-05-24 a 2024-05-21"
1780;sucursales_lugares.csv;"Santa Cruz";"tipo_precio reparado de dia a día"
1780;sucursales_lugares.csv;"Santa Cruz";"fecha_inicio_vigencia reparada de 30-11-24 a 2024-11-30"
1780;sucursales_lugares.csv;"Santa Cruz";"fecha_fin_vigencia reparada de 30-12-24 a 2024-12-30"
1781;sucursales_lugares.csv;"Santa Cruz";"tipo_precio reparado de dia a día"
1781;sucursales_lugares.csv;"Santa Cruz";"fecha_inicio_vigencia reparada de 03-11-24 a 2024-11-03"
1781;sucursales_lugares.csv;"Santa Cruz";"fecha_fin_vigencia reparada de 17-11-24 a 2024-11-17"
1782;sucursales_lugares.csv;"Santa Cruz";"tipo_precio reparado de dia a día"
1782;sucursales_lugares.csv;"Santa Cruz";"fecha_inicio_vigencia reparada de 03-10-25 a 2025-10-03"
1782;sucursales_lugares.csv;"Santa Cruz";"fecha_fin_vigencia reparada de 10-10-25 a 2025-10-10"
1783;sucursales_lugares.csv;"Santa Cruz";"tipo_precio reparado de dia a día"
1783;sucursales_lugares.csv;"Santa Cruz";"fecha_inicio_vigencia reparada de 15-07-25 a 2025-07-15"
1783;sucursales_lugares.csv;"Santa Cruz";"fecha_fin_vigencia reparada de 13-09-25 a 2025-09-13"
1784;sucursales_lugares.csv;"Santa Cruz";"tipo_precio reparado de dia a día"
1784;sucursales_lugares.csv;"Santa Cruz";"fecha_inicio_vigencia reparada de 16-07-25 a 2025-07-16"
1784;sucursales_lugares.csv;"Santa Cruz";"fecha_fin_vigencia reparada de 30-07-25 a 2025-07-30"
1785;sucursales_lugares.csv;"Santa Cruz";"tipo_precio reparado de dia a día"
1785;sucursales_lugares.csv;"Santa Cruz";"fecha_inicio_vigencia reparada de 22-09-24 a 2024-09-22"
1785;sucursales_lugares.csv;"Santa Cruz";"fecha_fin_vigencia reparada de 21-11-24 a 2024-11-21"
1786;sucursales_lugares.csv;"Santa Cruz";"fecha_inicio_vigencia reparada de 21-11-25 a 2025-11-21"
1786;sucursales_lugares.csv;"Santa Cruz";"fecha_fin_vigencia reparada de 05-12-25 a 2025-12-05"
1787;sucursales_lugares.csv;"Santa Cruz";"fecha_inicio_vigencia reparada de 30-03-24 a 2024-03-30"
1787;sucursales_lugares.csv;"Santa Cruz";"fecha_fin_vigencia reparada de 29-04-24 a 2024-04-29"
1788;sucursales_lugares.csv;"Santa Cruz";"fecha_inicio_vigencia reparada de 15-07-24 a 2024-07-15"
1788;sucursales_lugares.csv;"Santa Cruz";"fecha_fin_vigencia reparada de 14-08-24 a 2024-08-14"
1789;sucursales_lugares.csv;"Santa Cruz";"fecha_inicio_vigencia reparada de 12-03-24 a 2024-03-12"
1789;sucursales_lugares.csv;"Santa Cruz";"fecha_fin_vigencia reparada de 26-03-24 a 2024-03-26"
1790;sucursales_lugares.csv;"Santa Cruz";"fecha_inicio_vigencia reparada de 23-09-25 a 2025-09-23"
1790;sucursales_lugares.csv;"Santa Cruz";"fecha_fin_vigencia reparada de 07-10-25 a 2025-10-07"
1791;sucursales_lugares.csv;"Santa Cruz";"fecha_inicio_vigencia reparada de 15-07-25 a 2025-07-15"
1791;sucursales_lugares.csv;"Santa Cruz";"fecha_fin_vigencia reparada de 22-07-25 a 2025-07-22"
1792;sucursales_lugares.csv;"Santa Cruz";"fecha_inicio_vigencia reparada de 11-11-24 a 2024-11-11"
1792;sucursales_lugares.csv;"Santa Cruz";"fecha_fin_vigencia reparada de 18-11-24 a 2024-11-18"
1793;sucursales_lugares.csv;"Santa Cruz";"fecha_inicio_vigencia reparada de 02-10-24 a 2024-10-02"
1793;sucursales_lugares.csv;"Santa Cruz";"fecha_fin_vigencia reparada de 01-12-24 a 2024-12-01"
1794;sucursales_lugares.csv;"Santiago Centro";"tipo_precio tiene valor no permitido mesa_hora, se deja nulo."
1794;sucursales_lugares.csv;"Santiago Centro";"fecha_inicio_vigencia con formato incompleto o que no se pudo reparar, se reemplaza por nulo"
1794;sucursales_lugares.csv;"Santiago Centro";"fecha_fin_vigencia reparada de 17-01-26 a 2026-01-17"
1794;sucursales_lugares.csv;"Santiago Centro";"Fila enviada a ERR: precio debe ser un numero."
1795;sucursales_lugares.csv;"Santiago Centro";"tipo_precio tiene valor no permitido mesa_hora, se deja nulo."
1795;sucursales_lugares.csv;"Santiago Centro";"fecha_inicio_vigencia reparada de 21-12-24 a 2024-12-21"
1795;sucursales_lugares.csv;"Santiago Centro";"fecha_fin_vigencia reparada de 20-01-25 a 2025-01-20"
1795;sucursales_lugares.csv;"Santiago Centro";"Fila enviada a ERR: precio es obligatorio y viene nulo."
1796;sucursales_lugares.csv;"Santiago Centro";"tipo_precio tiene valor no permitido mesa_hora, se deja nulo."
1796;sucursales_lugares.csv;"Santiago Centro";"fecha_inicio_vigencia reparada de 25-03-25 a 2025-03-25"
1796;sucursales_lugares.csv;"Santiago Centro";"fecha_fin_vigencia reparada de 23-06-25 a 2025-06-23"
1796;sucursales_lugares.csv;"Santiago Centro";"Fila enviada a ERR: precio es obligatorio y viene nulo."
1797;sucursales_lugares.csv;"Santiago Centro";"tipo_precio tiene valor no permitido mesa_hora, se deja nulo."
1797;sucursales_lugares.csv;"Santiago Centro";"fecha_inicio_vigencia reparada de 15-01-25 a 2025-01-15"
1797;sucursales_lugares.csv;"Santiago Centro";"fecha_fin_vigencia reparada de 14-02-25 a 2025-02-14"
1797;sucursales_lugares.csv;"Santiago Centro";"Fila enviada a ERR: precio es obligatorio y viene nulo."
1798;sucursales_lugares.csv;"Santiago Centro";"tipo_precio tiene valor no permitido mesa_hora, se deja nulo."
1798;sucursales_lugares.csv;"Santiago Centro";"fecha_inicio_vigencia reparada de 22-08-24 a 2024-08-22"
1798;sucursales_lugares.csv;"Santiago Centro";"fecha_fin_vigencia reparada de 21-09-24 a 2024-09-21"
1798;sucursales_lugares.csv;"Santiago Centro";"Fila enviada a ERR: precio es obligatorio y viene nulo."
1799;sucursales_lugares.csv;"Santiago Centro";"tipo_precio tiene valor no permitido mesa_hora, se deja nulo."
1799;sucursales_lugares.csv;"Santiago Centro";"fecha_inicio_vigencia reparada de 15-04-25 a 2025-04-15"
1799;sucursales_lugares.csv;"Santiago Centro";"fecha_fin_vigencia reparada de 14-07-25 a 2025-07-14"
1799;sucursales_lugares.csv;"Santiago Centro";"Fila enviada a ERR: precio es obligatorio y viene nulo."
1800;sucursales_lugares.csv;"Santiago Centro";"tipo_precio tiene valor no permitido mesa_hora, se deja nulo."
1800;sucursales_lugares.csv;"Santiago Centro";"fecha_inicio_vigencia reparada de 23-01-24 a 2024-01-23"
1800;sucursales_lugares.csv;"Santiago Centro";"fecha_fin_vigencia reparada de 23-03-24 a 2024-03-23"
1800;sucursales_lugares.csv;"Santiago Centro";"Fila enviada a ERR: precio es obligatorio y viene nulo."
1801;sucursales_lugares.csv;"Santiago Centro";"tipo_precio tiene valor no permitido mesa_hora, se deja nulo."
1801;sucursales_lugares.csv;"Santiago Centro";"fecha_inicio_vigencia reparada de 01-08-24 a 2024-08-01"
1801;sucursales_lugares.csv;"Santiago Centro";"fecha_fin_vigencia reparada de 31-08-24 a 2024-08-31"
1801;sucursales_lugares.csv;"Santiago Centro";"Fila enviada a ERR: precio es obligatorio y viene nulo."
1802;sucursales_lugares.csv;"Santiago Centro";"tipo_precio tiene valor no permitido mesa_hora, se deja nulo."
1802;sucursales_lugares.csv;"Santiago Centro";"fecha_inicio_vigencia reparada de 04-10-24 a 2024-10-04"
1802;sucursales_lugares.csv;"Santiago Centro";"fecha_fin_vigencia reparada de 03-11-24 a 2024-11-03"
1802;sucursales_lugares.csv;"Santiago Centro";"Fila enviada a ERR: precio es obligatorio y viene nulo."
1803;sucursales_lugares.csv;"Santiago Centro";"tipo_precio tiene valor no permitido mesa_hora, se deja nulo."
1803;sucursales_lugares.csv;"Santiago Centro";"fecha_inicio_vigencia reparada de 12-03-25 a 2025-03-12"
1803;sucursales_lugares.csv;"Santiago Centro";"fecha_fin_vigencia reparada de 11-05-25 a 2025-05-11"
1803;sucursales_lugares.csv;"Santiago Centro";"Fila enviada a ERR: precio es obligatorio y viene nulo."
1804;sucursales_lugares.csv;"Santiago Centro";"tipo_precio tiene valor no permitido mesa_hora, se deja nulo."
1804;sucursales_lugares.csv;"Santiago Centro";"fecha_inicio_vigencia reparada de 23-04-25 a 2025-04-23"
1804;sucursales_lugares.csv;"Santiago Centro";"fecha_fin_vigencia reparada de 22-06-25 a 2025-06-22"
1804;sucursales_lugares.csv;"Santiago Centro";"Fila enviada a ERR: precio es obligatorio y viene nulo."
1805;sucursales_lugares.csv;"Santiago Centro";"tipo_precio tiene valor no permitido mesa_hora, se deja nulo."
1805;sucursales_lugares.csv;"Santiago Centro";"fecha_inicio_vigencia reparada de 06-07-25 a 2025-07-06"
1805;sucursales_lugares.csv;"Santiago Centro";"fecha_fin_vigencia reparada de 05-08-25 a 2025-08-05"
1805;sucursales_lugares.csv;"Santiago Centro";"Fila enviada a ERR: precio es obligatorio y viene nulo."
1806;sucursales_lugares.csv;"Santiago Centro";"tipo_precio tiene valor no permitido mesa_hora, se deja nulo."
1806;sucursales_lugares.csv;"Santiago Centro";"fecha_inicio_vigencia reparada de 24-07-24 a 2024-07-24"
1806;sucursales_lugares.csv;"Santiago Centro";"fecha_fin_vigencia reparada de 23-08-24 a 2024-08-23"
1806;sucursales_lugares.csv;"Santiago Centro";"Fila enviada a ERR: precio es obligatorio y viene nulo."
1807;sucursales_lugares.csv;"Santiago Centro";"tipo_precio tiene valor no permitido mesa_hora, se deja nulo."
1807;sucursales_lugares.csv;"Santiago Centro";"fecha_inicio_vigencia reparada de 13-12-24 a 2024-12-13"
1807;sucursales_lugares.csv;"Santiago Centro";"fecha_fin_vigencia reparada de 27-12-24 a 2024-12-27"
1807;sucursales_lugares.csv;"Santiago Centro";"Fila enviada a ERR: precio es obligatorio y viene nulo."
1808;sucursales_lugares.csv;"Santiago Centro";"tipo_precio tiene valor no permitido mesa_hora, se deja nulo."
1808;sucursales_lugares.csv;"Santiago Centro";"fecha_inicio_vigencia reparada de 24-10-24 a 2024-10-24"
1808;sucursales_lugares.csv;"Santiago Centro";"fecha_fin_vigencia reparada de 23-12-24 a 2024-12-23"
1808;sucursales_lugares.csv;"Santiago Centro";"Fila enviada a ERR: precio es obligatorio y viene nulo."
1809;sucursales_lugares.csv;"Santiago Centro";"tipo_precio tiene valor no permitido mesa_hora, se deja nulo."
1809;sucursales_lugares.csv;"Santiago Centro";"fecha_inicio_vigencia reparada de 06-04-24 a 2024-04-06"
1809;sucursales_lugares.csv;"Santiago Centro";"fecha_fin_vigencia reparada de 05-06-24 a 2024-06-05"
1809;sucursales_lugares.csv;"Santiago Centro";"Fila enviada a ERR: precio es obligatorio y viene nulo."
1810;sucursales_lugares.csv;"Santiago Centro";"tipo_precio tiene valor no permitido linea_hora, se deja nulo."
1810;sucursales_lugares.csv;"Santiago Centro";"fecha_inicio_vigencia reparada de 29-07-24 a 2024-07-29"
1810;sucursales_lugares.csv;"Santiago Centro";"fecha_fin_vigencia reparada de 12-08-24 a 2024-08-12"
1811;sucursales_lugares.csv;"Santiago Centro";"tipo_precio tiene valor no permitido linea_hora, se deja nulo."
1811;sucursales_lugares.csv;"Santiago Centro";"fecha_inicio_vigencia reparada de 22-02-24 a 2024-02-22"
1811;sucursales_lugares.csv;"Santiago Centro";"fecha_fin_vigencia reparada de 22-04-24 a 2024-04-22"
1812;sucursales_lugares.csv;"Santiago Centro";"tipo_precio tiene valor no permitido linea_hora, se deja nulo."
1812;sucursales_lugares.csv;"Santiago Centro";"fecha_inicio_vigencia reparada de 07-09-25 a 2025-09-07"
1812;sucursales_lugares.csv;"Santiago Centro";"fecha_fin_vigencia reparada de 06-11-25 a 2025-11-06"
1813;sucursales_lugares.csv;"Santiago Centro";"tipo_precio tiene valor no permitido linea_hora, se deja nulo."
1813;sucursales_lugares.csv;"Santiago Centro";"fecha_inicio_vigencia reparada de 05-10-24 a 2024-10-05"
1813;sucursales_lugares.csv;"Santiago Centro";"fecha_fin_vigencia reparada de 12-10-24 a 2024-10-12"
1814;sucursales_lugares.csv;"Santiago Centro";"tipo_precio tiene valor no permitido linea_hora, se deja nulo."
1814;sucursales_lugares.csv;"Santiago Centro";"fecha_inicio_vigencia reparada de 21-05-25 a 2025-05-21"
1814;sucursales_lugares.csv;"Santiago Centro";"fecha_fin_vigencia reparada de 19-08-25 a 2025-08-19"
1815;sucursales_lugares.csv;"Santiago Centro";"tipo_precio tiene valor no permitido linea_hora, se deja nulo."
1815;sucursales_lugares.csv;"Santiago Centro";"fecha_inicio_vigencia reparada de 30-08-24 a 2024-08-30"
1815;sucursales_lugares.csv;"Santiago Centro";"fecha_fin_vigencia reparada de 28-11-24 a 2024-11-28"
1816;sucursales_lugares.csv;"Santiago Centro";"tipo_precio tiene valor no permitido linea_hora, se deja nulo."
1816;sucursales_lugares.csv;"Santiago Centro";"fecha_inicio_vigencia reparada de 17-02-25 a 2025-02-17"
1816;sucursales_lugares.csv;"Santiago Centro";"fecha_fin_vigencia reparada de 19-03-25 a 2025-03-19"
1817;sucursales_lugares.csv;"Santiago Centro";"tipo_precio tiene valor no permitido linea_hora, se deja nulo."
1817;sucursales_lugares.csv;"Santiago Centro";"fecha_inicio_vigencia reparada de 25-01-24 a 2024-01-25"
1817;sucursales_lugares.csv;"Santiago Centro";"fecha_fin_vigencia reparada de 01-02-24 a 2024-02-01"
1818;sucursales_lugares.csv;"Santiago Centro";"tipo_precio tiene valor no permitido linea_hora, se deja nulo."
1818;sucursales_lugares.csv;"Santiago Centro";"fecha_inicio_vigencia reparada de 24-02-25 a 2025-02-24"
1818;sucursales_lugares.csv;"Santiago Centro";"fecha_fin_vigencia reparada de 10-03-25 a 2025-03-10"
1819;sucursales_lugares.csv;"Santiago Centro";"tipo_precio tiene valor no permitido linea_hora, se deja nulo."
1819;sucursales_lugares.csv;"Santiago Centro";"fecha_inicio_vigencia reparada de 08-12-24 a 2024-12-08"
1819;sucursales_lugares.csv;"Santiago Centro";"fecha_fin_vigencia reparada de 06-02-25 a 2025-02-06"
1820;sucursales_lugares.csv;"Santiago Centro";"tipo_precio tiene valor no permitido linea_hora, se deja nulo."
1820;sucursales_lugares.csv;"Santiago Centro";"fecha_inicio_vigencia reparada de 16-02-24 a 2024-02-16"
1820;sucursales_lugares.csv;"Santiago Centro";"fecha_fin_vigencia reparada de 23-02-24 a 2024-02-23"
1821;sucursales_lugares.csv;"Santiago Centro";"tipo_precio tiene valor no permitido linea_hora, se deja nulo."
1821;sucursales_lugares.csv;"Santiago Centro";"fecha_inicio_vigencia reparada de 08-03-24 a 2024-03-08"
1821;sucursales_lugares.csv;"Santiago Centro";"fecha_fin_vigencia reparada de 07-04-24 a 2024-04-07"
1822;sucursales_lugares.csv;"Santiago Centro";"tipo_precio tiene valor no permitido linea_hora, se deja nulo."
1822;sucursales_lugares.csv;"Santiago Centro";"fecha_inicio_vigencia reparada de 06-02-25 a 2025-02-06"
1822;sucursales_lugares.csv;"Santiago Centro";"fecha_fin_vigencia reparada de 08-03-25 a 2025-03-08"
1823;sucursales_lugares.csv;"Santiago Centro";"tipo_precio tiene valor no permitido linea_hora, se deja nulo."
1823;sucursales_lugares.csv;"Santiago Centro";"fecha_inicio_vigencia reparada de 23-01-24 a 2024-01-23"
1823;sucursales_lugares.csv;"Santiago Centro";"fecha_fin_vigencia reparada de 23-03-24 a 2024-03-23"
1824;sucursales_lugares.csv;"Santiago Centro";"tipo_precio tiene valor no permitido linea_hora, se deja nulo."
1824;sucursales_lugares.csv;"Santiago Centro";"fecha_inicio_vigencia reparada de 02-07-25 a 2025-07-02"
1824;sucursales_lugares.csv;"Santiago Centro";"fecha_fin_vigencia reparada de 31-08-25 a 2025-08-31"
1825;sucursales_lugares.csv;"Santiago Centro";"tipo_precio tiene valor no permitido linea_hora, se deja nulo."
1825;sucursales_lugares.csv;"Santiago Centro";"fecha_inicio_vigencia reparada de 05-01-24 a 2024-01-05"
1825;sucursales_lugares.csv;"Santiago Centro";"fecha_fin_vigencia reparada de 19-01-24 a 2024-01-19"
1826;sucursales_lugares.csv;"Santiago Centro";"tipo_precio tiene valor no permitido tramo, se deja nulo."
1826;sucursales_lugares.csv;"Santiago Centro";"fecha_inicio_vigencia reparada de 14-04-25 a 2025-04-14"
1826;sucursales_lugares.csv;"Santiago Centro";"fecha_fin_vigencia reparada de 21-04-25 a 2025-04-21"
1827;sucursales_lugares.csv;"Santiago Centro";"tipo_precio tiene valor no permitido tramo, se deja nulo."
1827;sucursales_lugares.csv;"Santiago Centro";"fecha_inicio_vigencia reparada de 04-11-25 a 2025-11-04"
1827;sucursales_lugares.csv;"Santiago Centro";"fecha_fin_vigencia reparada de 11-11-25 a 2025-11-11"
1828;sucursales_lugares.csv;"Santiago Centro";"tipo_precio tiene valor no permitido tramo, se deja nulo."
1828;sucursales_lugares.csv;"Santiago Centro";"fecha_inicio_vigencia reparada de 19-11-24 a 2024-11-19"
1828;sucursales_lugares.csv;"Santiago Centro";"fecha_fin_vigencia reparada de 03-12-24 a 2024-12-03"
1829;sucursales_lugares.csv;"Santiago Centro";"tipo_precio tiene valor no permitido tramo, se deja nulo."
1829;sucursales_lugares.csv;"Santiago Centro";"fecha_inicio_vigencia reparada de 29-09-25 a 2025-09-29"
1829;sucursales_lugares.csv;"Santiago Centro";"fecha_fin_vigencia reparada de 06-10-25 a 2025-10-06"
1830;sucursales_lugares.csv;"Santiago Centro";"tipo_precio reparado de dia a día"
1830;sucursales_lugares.csv;"Santiago Centro";"fecha_inicio_vigencia reparada de 07-07-24 a 2024-07-07"
1830;sucursales_lugares.csv;"Santiago Centro";"fecha_fin_vigencia reparada de 05-10-24 a 2024-10-05"
1831;sucursales_lugares.csv;"Santiago Centro";"tipo_precio reparado de dia a día"
1831;sucursales_lugares.csv;"Santiago Centro";"fecha_inicio_vigencia reparada de 19-01-24 a 2024-01-19"
1831;sucursales_lugares.csv;"Santiago Centro";"fecha_fin_vigencia reparada de 18-04-24 a 2024-04-18"
1832;sucursales_lugares.csv;"Santiago Centro";"tipo_precio reparado de dia a día"
1832;sucursales_lugares.csv;"Santiago Centro";"fecha_inicio_vigencia reparada de 21-03-25 a 2025-03-21"
1832;sucursales_lugares.csv;"Santiago Centro";"fecha_fin_vigencia reparada de 04-04-25 a 2025-04-04"
1833;sucursales_lugares.csv;"Santiago Centro";"tipo_precio reparado de dia a día"
1833;sucursales_lugares.csv;"Santiago Centro";"fecha_inicio_vigencia reparada de 21-10-25 a 2025-10-21"
1833;sucursales_lugares.csv;"Santiago Centro";"fecha_fin_vigencia reparada de 20-11-25 a 2025-11-20"
1834;sucursales_lugares.csv;"Santiago Centro";"tipo_precio reparado de dia a día"
1834;sucursales_lugares.csv;"Santiago Centro";"fecha_inicio_vigencia reparada de 26-04-25 a 2025-04-26"
1834;sucursales_lugares.csv;"Santiago Centro";"fecha_fin_vigencia reparada de 26-05-25 a 2025-05-26"
1835;sucursales_lugares.csv;"Santiago Centro";"tipo_precio reparado de dia a día"
1835;sucursales_lugares.csv;"Santiago Centro";"fecha_inicio_vigencia reparada de 23-01-24 a 2024-01-23"
1835;sucursales_lugares.csv;"Santiago Centro";"fecha_fin_vigencia reparada de 22-02-24 a 2024-02-22"
1835;sucursales_lugares.csv;"Santiago Centro";"Fila enviada a ERR: precio debe ser un numero."
1836;sucursales_lugares.csv;"Santiago Centro";"tipo_precio reparado de dia a día"
1836;sucursales_lugares.csv;"Santiago Centro";"fecha_inicio_vigencia reparada de 24-05-25 a 2025-05-24"
1836;sucursales_lugares.csv;"Santiago Centro";"fecha_fin_vigencia reparada de 31-05-25 a 2025-05-31"
1837;sucursales_lugares.csv;"Santiago Centro";"tipo_precio reparado de dia a día"
1837;sucursales_lugares.csv;"Santiago Centro";"fecha_inicio_vigencia reparada de 01-09-24 a 2024-09-01"
1837;sucursales_lugares.csv;"Santiago Centro";"fecha_fin_vigencia reparada de 30-11-24 a 2024-11-30"
1838;sucursales_lugares.csv;"Santiago Centro";"tipo_precio reparado de dia a día"
1838;sucursales_lugares.csv;"Santiago Centro";"fecha_inicio_vigencia reparada de 31-10-24 a 2024-10-31"
1838;sucursales_lugares.csv;"Santiago Centro";"fecha_fin_vigencia reparada de 07-11-24 a 2024-11-07"
1839;sucursales_lugares.csv;"Santiago Centro";"tipo_precio reparado de dia a día"
1839;sucursales_lugares.csv;"Santiago Centro";"fecha_inicio_vigencia reparada de 28-07-25 a 2025-07-28"
1839;sucursales_lugares.csv;"Santiago Centro";"fecha_fin_vigencia reparada de 04-08-25 a 2025-08-04"
1840;sucursales_lugares.csv;"Santiago Centro";"tipo_precio reparado de dia a día"
1840;sucursales_lugares.csv;"Santiago Centro";"fecha_inicio_vigencia reparada de 25-02-25 a 2025-02-25"
1840;sucursales_lugares.csv;"Santiago Centro";"fecha_fin_vigencia reparada de 11-03-25 a 2025-03-11"
1841;sucursales_lugares.csv;"Santiago Centro";"tipo_precio reparado de dia a día"
1841;sucursales_lugares.csv;"Santiago Centro";"fecha_inicio_vigencia reparada de 23-03-25 a 2025-03-23"
1841;sucursales_lugares.csv;"Santiago Centro";"fecha_fin_vigencia reparada de 30-03-25 a 2025-03-30"
1842;sucursales_lugares.csv;"Santiago Centro";"tipo_precio reparado de dia a día"
1842;sucursales_lugares.csv;"Santiago Centro";"fecha_inicio_vigencia con formato incompleto o que no se pudo reparar, se reemplaza por nulo"
1842;sucursales_lugares.csv;"Santiago Centro";"fecha_fin_vigencia reparada de 06-08-24 a 2024-08-06"
1842;sucursales_lugares.csv;"Santiago Centro";"Fila enviada a ERR: precio debe ser un numero."
1843;sucursales_lugares.csv;"Santiago Centro";"tipo_precio reparado de dia a día"
1843;sucursales_lugares.csv;"Santiago Centro";"fecha_inicio_vigencia reparada de 16-06-24 a 2024-06-16"
1843;sucursales_lugares.csv;"Santiago Centro";"fecha_fin_vigencia reparada de 14-09-24 a 2024-09-14"
1844;sucursales_lugares.csv;"Santiago Centro";"tipo_precio reparado de dia a día"
1844;sucursales_lugares.csv;"Santiago Centro";"fecha_inicio_vigencia reparada de 27-04-25 a 2025-04-27"
1844;sucursales_lugares.csv;"Santiago Centro";"fecha_fin_vigencia reparada de 11-05-25 a 2025-05-11"
1845;sucursales_lugares.csv;"Santiago Centro";"tipo_precio reparado de dia a día"
1845;sucursales_lugares.csv;"Santiago Centro";"fecha_inicio_vigencia reparada de 09-06-25 a 2025-06-09"
1845;sucursales_lugares.csv;"Santiago Centro";"fecha_fin_vigencia reparada de 16-06-25 a 2025-06-16"
1846;sucursales_lugares.csv;"Santiago Centro";"tipo_precio reparado de dia a día"
1846;sucursales_lugares.csv;"Santiago Centro";"fecha_inicio_vigencia reparada de 13-01-24 a 2024-01-13"
1846;sucursales_lugares.csv;"Santiago Centro";"fecha_fin_vigencia reparada de 20-01-24 a 2024-01-20"
1847;sucursales_lugares.csv;"Santiago Centro";"tipo_precio reparado de dia a día"
1847;sucursales_lugares.csv;"Santiago Centro";"fecha_inicio_vigencia reparada de 24-09-25 a 2025-09-24"
1847;sucursales_lugares.csv;"Santiago Centro";"fecha_fin_vigencia reparada de 08-10-25 a 2025-10-08"
1848;sucursales_lugares.csv;"Santiago Centro";"tipo_precio reparado de dia a día"
1848;sucursales_lugares.csv;"Santiago Centro";"fecha_inicio_vigencia reparada de 10-05-24 a 2024-05-10"
1848;sucursales_lugares.csv;"Santiago Centro";"fecha_fin_vigencia reparada de 24-05-24 a 2024-05-24"
1849;sucursales_lugares.csv;"Santiago Centro";"tipo_precio reparado de dia a día"
1849;sucursales_lugares.csv;"Santiago Centro";"fecha_inicio_vigencia reparada de 12-01-25 a 2025-01-12"
1849;sucursales_lugares.csv;"Santiago Centro";"fecha_fin_vigencia reparada de 19-01-25 a 2025-01-19"
1850;sucursales_lugares.csv;"Santiago Centro";"fecha_inicio_vigencia reparada de 24-01-25 a 2025-01-24"
1850;sucursales_lugares.csv;"Santiago Centro";"fecha_fin_vigencia reparada de 31-01-25 a 2025-01-31"
1851;sucursales_lugares.csv;"Santiago Centro";"fecha_inicio_vigencia reparada de 13-09-24 a 2024-09-13"
1851;sucursales_lugares.csv;"Santiago Centro";"fecha_fin_vigencia reparada de 12-12-24 a 2024-12-12"
1852;sucursales_lugares.csv;"Santiago Centro";"fecha_inicio_vigencia reparada de 27-11-25 a 2025-11-27"
1852;sucursales_lugares.csv;"Santiago Centro";"fecha_fin_vigencia reparada de 26-01-26 a 2026-01-26"
1853;sucursales_lugares.csv;"Santiago Centro";"fecha_inicio_vigencia reparada de 23-02-24 a 2024-02-23"
1853;sucursales_lugares.csv;"Santiago Centro";"fecha_fin_vigencia reparada de 23-04-24 a 2024-04-23"
1854;sucursales_lugares.csv;"Santiago Centro";"fecha_inicio_vigencia reparada de 29-09-25 a 2025-09-29"
1854;sucursales_lugares.csv;"Santiago Centro";"fecha_fin_vigencia reparada de 06-10-25 a 2025-10-06"
1855;sucursales_lugares.csv;"Santiago Centro";"fecha_inicio_vigencia reparada de 05-03-24 a 2024-03-05"
1855;sucursales_lugares.csv;"Santiago Centro";"fecha_fin_vigencia reparada de 03-06-24 a 2024-06-03"
1856;sucursales_lugares.csv;"Santiago Centro";"fecha_inicio_vigencia reparada de 18-10-24 a 2024-10-18"
1856;sucursales_lugares.csv;"Santiago Centro";"fecha_fin_vigencia reparada de 17-12-24 a 2024-12-17"
1857;sucursales_lugares.csv;"Santiago Centro";"fecha_inicio_vigencia con formato incompleto o que no se pudo reparar, se reemplaza por nulo"
1857;sucursales_lugares.csv;"Santiago Centro";"fecha_fin_vigencia reparada de 09-01-24 a 2024-01-09"
1857;sucursales_lugares.csv;"Santiago Centro";"Fila enviada a ERR: precio debe ser un numero."
1858;sucursales_lugares.csv;Providencia;"tipo_precio tiene valor no permitido mesa_hora, se deja nulo."
1858;sucursales_lugares.csv;Providencia;"fecha_inicio_vigencia reparada de 28-02-24 a 2024-02-28"
1858;sucursales_lugares.csv;Providencia;"fecha_fin_vigencia reparada de 29-03-24 a 2024-03-29"
1858;sucursales_lugares.csv;Providencia;"Fila enviada a ERR: precio es obligatorio y viene nulo."
1859;sucursales_lugares.csv;Providencia;"tipo_precio tiene valor no permitido mesa_hora, se deja nulo."
1859;sucursales_lugares.csv;Providencia;"fecha_inicio_vigencia reparada de 13-10-24 a 2024-10-13"
1859;sucursales_lugares.csv;Providencia;"fecha_fin_vigencia reparada de 12-11-24 a 2024-11-12"
1859;sucursales_lugares.csv;Providencia;"Fila enviada a ERR: precio es obligatorio y viene nulo."
1860;sucursales_lugares.csv;Providencia;"tipo_precio tiene valor no permitido mesa_hora, se deja nulo."
1860;sucursales_lugares.csv;Providencia;"fecha_inicio_vigencia reparada de 27-10-24 a 2024-10-27"
1860;sucursales_lugares.csv;Providencia;"fecha_fin_vigencia reparada de 26-11-24 a 2024-11-26"
1860;sucursales_lugares.csv;Providencia;"Fila enviada a ERR: precio es obligatorio y viene nulo."
1861;sucursales_lugares.csv;Providencia;"tipo_precio tiene valor no permitido mesa_hora, se deja nulo."
1861;sucursales_lugares.csv;Providencia;"fecha_inicio_vigencia reparada de 19-11-24 a 2024-11-19"
1861;sucursales_lugares.csv;Providencia;"fecha_fin_vigencia reparada de 03-12-24 a 2024-12-03"
1861;sucursales_lugares.csv;Providencia;"Fila enviada a ERR: precio es obligatorio y viene nulo."
1862;sucursales_lugares.csv;Providencia;"tipo_precio tiene valor no permitido mesa_hora, se deja nulo."
1862;sucursales_lugares.csv;Providencia;"fecha_inicio_vigencia reparada de 02-07-24 a 2024-07-02"
1862;sucursales_lugares.csv;Providencia;"fecha_fin_vigencia reparada de 16-07-24 a 2024-07-16"
1862;sucursales_lugares.csv;Providencia;"Fila enviada a ERR: precio es obligatorio y viene nulo."
1863;sucursales_lugares.csv;Providencia;"tipo_precio tiene valor no permitido mesa_hora, se deja nulo."
1863;sucursales_lugares.csv;Providencia;"fecha_inicio_vigencia reparada de 17-07-24 a 2024-07-17"
1863;sucursales_lugares.csv;Providencia;"fecha_fin_vigencia reparada de 16-08-24 a 2024-08-16"
1863;sucursales_lugares.csv;Providencia;"Fila enviada a ERR: precio es obligatorio y viene nulo."
1864;sucursales_lugares.csv;Providencia;"tipo_precio tiene valor no permitido mesa_hora, se deja nulo."
1864;sucursales_lugares.csv;Providencia;"fecha_inicio_vigencia reparada de 22-02-24 a 2024-02-22"
1864;sucursales_lugares.csv;Providencia;"fecha_fin_vigencia reparada de 23-03-24 a 2024-03-23"
1864;sucursales_lugares.csv;Providencia;"Fila enviada a ERR: precio es obligatorio y viene nulo."
1865;sucursales_lugares.csv;Providencia;"tipo_precio tiene valor no permitido mesa_hora, se deja nulo."
1865;sucursales_lugares.csv;Providencia;"fecha_inicio_vigencia reparada de 30-11-25 a 2025-11-30"
1865;sucursales_lugares.csv;Providencia;"fecha_fin_vigencia reparada de 07-12-25 a 2025-12-07"
1865;sucursales_lugares.csv;Providencia;"Fila enviada a ERR: precio es obligatorio y viene nulo."
1866;sucursales_lugares.csv;Providencia;"tipo_precio tiene valor no permitido mesa_hora, se deja nulo."
1866;sucursales_lugares.csv;Providencia;"fecha_inicio_vigencia reparada de 26-02-24 a 2024-02-26"
1866;sucursales_lugares.csv;Providencia;"fecha_fin_vigencia reparada de 26-04-24 a 2024-04-26"
1866;sucursales_lugares.csv;Providencia;"Fila enviada a ERR: precio es obligatorio y viene nulo."
1867;sucursales_lugares.csv;Providencia;"tipo_precio tiene valor no permitido mesa_hora, se deja nulo."
1867;sucursales_lugares.csv;Providencia;"fecha_inicio_vigencia con formato incompleto o que no se pudo reparar, se reemplaza por nulo"
1867;sucursales_lugares.csv;Providencia;"fecha_fin_vigencia reparada de 15-10-24 a 2024-10-15"
1867;sucursales_lugares.csv;Providencia;"Fila enviada a ERR: precio es obligatorio y viene nulo."
1868;sucursales_lugares.csv;Providencia;"tipo_precio tiene valor no permitido mesa_hora, se deja nulo."
1868;sucursales_lugares.csv;Providencia;"fecha_inicio_vigencia reparada de 10-09-25 a 2025-09-10"
1868;sucursales_lugares.csv;Providencia;"fecha_fin_vigencia reparada de 09-11-25 a 2025-11-09"
1868;sucursales_lugares.csv;Providencia;"Fila enviada a ERR: precio es obligatorio y viene nulo."
1869;sucursales_lugares.csv;Providencia;"tipo_precio tiene valor no permitido mesa_hora, se deja nulo."
1869;sucursales_lugares.csv;Providencia;"fecha_inicio_vigencia reparada de 10-07-24 a 2024-07-10"
1869;sucursales_lugares.csv;Providencia;"fecha_fin_vigencia reparada de 17-07-24 a 2024-07-17"
1869;sucursales_lugares.csv;Providencia;"Fila enviada a ERR: precio es obligatorio y viene nulo."
1870;sucursales_lugares.csv;Providencia;"tipo_precio tiene valor no permitido mesa_hora, se deja nulo."
1870;sucursales_lugares.csv;Providencia;"fecha_inicio_vigencia reparada de 01-09-24 a 2024-09-01"
1870;sucursales_lugares.csv;Providencia;"fecha_fin_vigencia reparada de 01-10-24 a 2024-10-01"
1870;sucursales_lugares.csv;Providencia;"Fila enviada a ERR: precio es obligatorio y viene nulo."
1871;sucursales_lugares.csv;Providencia;"tipo_precio tiene valor no permitido mesa_hora, se deja nulo."
1871;sucursales_lugares.csv;Providencia;"fecha_inicio_vigencia reparada de 30-08-25 a 2025-08-30"
1871;sucursales_lugares.csv;Providencia;"fecha_fin_vigencia reparada de 06-09-25 a 2025-09-06"
1871;sucursales_lugares.csv;Providencia;"Fila enviada a ERR: precio es obligatorio y viene nulo."
1872;sucursales_lugares.csv;Providencia;"tipo_precio tiene valor no permitido mesa_hora, se deja nulo."
1872;sucursales_lugares.csv;Providencia;"fecha_inicio_vigencia reparada de 30-11-25 a 2025-11-30"
1872;sucursales_lugares.csv;Providencia;"fecha_fin_vigencia reparada de 07-12-25 a 2025-12-07"
1872;sucursales_lugares.csv;Providencia;"Fila enviada a ERR: precio es obligatorio y viene nulo."
1873;sucursales_lugares.csv;Providencia;"tipo_precio tiene valor no permitido mesa_hora, se deja nulo."
1873;sucursales_lugares.csv;Providencia;"fecha_inicio_vigencia reparada de 30-10-25 a 2025-10-30"
1873;sucursales_lugares.csv;Providencia;"fecha_fin_vigencia reparada de 06-11-25 a 2025-11-06"
1873;sucursales_lugares.csv;Providencia;"Fila enviada a ERR: precio es obligatorio y viene nulo."
1874;sucursales_lugares.csv;Providencia;"tipo_precio tiene valor no permitido linea_hora, se deja nulo."
1874;sucursales_lugares.csv;Providencia;"fecha_inicio_vigencia reparada de 05-11-25 a 2025-11-05"
1874;sucursales_lugares.csv;Providencia;"fecha_fin_vigencia reparada de 05-12-25 a 2025-12-05"
1875;sucursales_lugares.csv;Providencia;"tipo_precio tiene valor no permitido linea_hora, se deja nulo."
1875;sucursales_lugares.csv;Providencia;"fecha_inicio_vigencia reparada de 14-09-24 a 2024-09-14"
1875;sucursales_lugares.csv;Providencia;"fecha_fin_vigencia reparada de 14-10-24 a 2024-10-14"
1876;sucursales_lugares.csv;Providencia;"tipo_precio tiene valor no permitido linea_hora, se deja nulo."
1876;sucursales_lugares.csv;Providencia;"fecha_inicio_vigencia reparada de 30-12-24 a 2024-12-30"
1876;sucursales_lugares.csv;Providencia;"fecha_fin_vigencia reparada de 29-01-25 a 2025-01-29"
1877;sucursales_lugares.csv;Providencia;"tipo_precio tiene valor no permitido linea_hora, se deja nulo."
1877;sucursales_lugares.csv;Providencia;"fecha_inicio_vigencia reparada de 19-03-25 a 2025-03-19"
1877;sucursales_lugares.csv;Providencia;"fecha_fin_vigencia reparada de 17-06-25 a 2025-06-17"
1878;sucursales_lugares.csv;Providencia;"tipo_precio tiene valor no permitido linea_hora, se deja nulo."
1878;sucursales_lugares.csv;Providencia;"fecha_inicio_vigencia reparada de 04-06-24 a 2024-06-04"
1878;sucursales_lugares.csv;Providencia;"fecha_fin_vigencia reparada de 02-09-24 a 2024-09-02"
1879;sucursales_lugares.csv;Providencia;"tipo_precio tiene valor no permitido linea_hora, se deja nulo."
1879;sucursales_lugares.csv;Providencia;"fecha_inicio_vigencia reparada de 12-08-24 a 2024-08-12"
1879;sucursales_lugares.csv;Providencia;"fecha_fin_vigencia reparada de 19-08-24 a 2024-08-19"
1880;sucursales_lugares.csv;Providencia;"tipo_precio tiene valor no permitido linea_hora, se deja nulo."
1880;sucursales_lugares.csv;Providencia;"fecha_inicio_vigencia reparada de 30-05-24 a 2024-05-30"
1880;sucursales_lugares.csv;Providencia;"fecha_fin_vigencia reparada de 29-06-24 a 2024-06-29"
1881;sucursales_lugares.csv;Providencia;"tipo_precio tiene valor no permitido linea_hora, se deja nulo."
1881;sucursales_lugares.csv;Providencia;"fecha_inicio_vigencia reparada de 02-04-25 a 2025-04-02"
1881;sucursales_lugares.csv;Providencia;"fecha_fin_vigencia reparada de 01-07-25 a 2025-07-01"
1882;sucursales_lugares.csv;Providencia;"tipo_precio tiene valor no permitido linea_hora, se deja nulo."
1882;sucursales_lugares.csv;Providencia;"fecha_inicio_vigencia reparada de 04-10-25 a 2025-10-04"
1882;sucursales_lugares.csv;Providencia;"fecha_fin_vigencia reparada de 03-11-25 a 2025-11-03"
1883;sucursales_lugares.csv;Providencia;"tipo_precio tiene valor no permitido linea_hora, se deja nulo."
1883;sucursales_lugares.csv;Providencia;"fecha_inicio_vigencia reparada de 08-10-24 a 2024-10-08"
1883;sucursales_lugares.csv;Providencia;"fecha_fin_vigencia reparada de 15-10-24 a 2024-10-15"
1884;sucursales_lugares.csv;Providencia;"tipo_precio tiene valor no permitido linea_hora, se deja nulo."
1884;sucursales_lugares.csv;Providencia;"fecha_inicio_vigencia reparada de 19-06-24 a 2024-06-19"
1884;sucursales_lugares.csv;Providencia;"fecha_fin_vigencia reparada de 19-07-24 a 2024-07-19"
1885;sucursales_lugares.csv;Providencia;"tipo_precio tiene valor no permitido linea_hora, se deja nulo."
1885;sucursales_lugares.csv;Providencia;"fecha_inicio_vigencia reparada de 04-12-24 a 2024-12-04"
1885;sucursales_lugares.csv;Providencia;"fecha_fin_vigencia reparada de 03-01-25 a 2025-01-03"
1886;sucursales_lugares.csv;Providencia;"tipo_precio tiene valor no permitido linea_hora, se deja nulo."
1886;sucursales_lugares.csv;Providencia;"fecha_inicio_vigencia reparada de 16-03-24 a 2024-03-16"
1886;sucursales_lugares.csv;Providencia;"fecha_fin_vigencia reparada de 14-06-24 a 2024-06-14"
1887;sucursales_lugares.csv;Providencia;"tipo_precio tiene valor no permitido linea_hora, se deja nulo."
1887;sucursales_lugares.csv;Providencia;"fecha_inicio_vigencia reparada de 16-09-24 a 2024-09-16"
1887;sucursales_lugares.csv;Providencia;"fecha_fin_vigencia reparada de 15-12-24 a 2024-12-15"
1888;sucursales_lugares.csv;Providencia;"tipo_precio tiene valor no permitido linea_hora, se deja nulo."
1888;sucursales_lugares.csv;Providencia;"fecha_inicio_vigencia reparada de 12-06-25 a 2025-06-12"
1888;sucursales_lugares.csv;Providencia;"fecha_fin_vigencia reparada de 10-09-25 a 2025-09-10"
1889;sucursales_lugares.csv;Providencia;"tipo_precio tiene valor no permitido linea_hora, se deja nulo."
1889;sucursales_lugares.csv;Providencia;"fecha_inicio_vigencia reparada de 07-01-25 a 2025-01-07"
1889;sucursales_lugares.csv;Providencia;"fecha_fin_vigencia reparada de 06-02-25 a 2025-02-06"
1890;sucursales_lugares.csv;Providencia;"tipo_precio reparado de dia a día"
1890;sucursales_lugares.csv;Providencia;"fecha_inicio_vigencia reparada de 16-09-24 a 2024-09-16"
1890;sucursales_lugares.csv;Providencia;"fecha_fin_vigencia reparada de 23-09-24 a 2024-09-23"
1891;sucursales_lugares.csv;Providencia;"tipo_precio reparado de dia a día"
1891;sucursales_lugares.csv;Providencia;"fecha_inicio_vigencia reparada de 05-06-24 a 2024-06-05"
1891;sucursales_lugares.csv;Providencia;"fecha_fin_vigencia reparada de 04-08-24 a 2024-08-04"
1892;sucursales_lugares.csv;Providencia;"tipo_precio tiene valor no permitido tramo, se deja nulo."
1892;sucursales_lugares.csv;Providencia;"fecha_inicio_vigencia reparada de 25-02-25 a 2025-02-25"
1892;sucursales_lugares.csv;Providencia;"fecha_fin_vigencia reparada de 26-04-25 a 2025-04-26"
1893;sucursales_lugares.csv;Providencia;"tipo_precio tiene valor no permitido tramo, se deja nulo."
1893;sucursales_lugares.csv;Providencia;"fecha_inicio_vigencia reparada de 30-07-24 a 2024-07-30"
1893;sucursales_lugares.csv;Providencia;"fecha_fin_vigencia reparada de 28-09-24 a 2024-09-28"
1894;sucursales_lugares.csv;Providencia;"tipo_precio reparado de dia a día"
1894;sucursales_lugares.csv;Providencia;"fecha_inicio_vigencia reparada de 22-06-25 a 2025-06-22"
1894;sucursales_lugares.csv;Providencia;"fecha_fin_vigencia reparada de 29-06-25 a 2025-06-29"
1894;sucursales_lugares.csv;Providencia;"Fila enviada a ERR: precio debe ser un numero."
1895;sucursales_lugares.csv;Providencia;"tipo_precio reparado de dia a día"
1895;sucursales_lugares.csv;Providencia;"fecha_inicio_vigencia reparada de 09-03-24 a 2024-03-09"
1895;sucursales_lugares.csv;Providencia;"fecha_fin_vigencia reparada de 08-05-24 a 2024-05-08"
1896;sucursales_lugares.csv;Providencia;"tipo_precio reparado de dia a día"
1896;sucursales_lugares.csv;Providencia;"fecha_inicio_vigencia reparada de 07-09-25 a 2025-09-07"
1896;sucursales_lugares.csv;Providencia;"fecha_fin_vigencia reparada de 06-12-25 a 2025-12-06"
1897;sucursales_lugares.csv;Providencia;"tipo_precio reparado de dia a día"
1897;sucursales_lugares.csv;Providencia;"fecha_inicio_vigencia reparada de 16-05-24 a 2024-05-16"
1897;sucursales_lugares.csv;Providencia;"fecha_fin_vigencia reparada de 15-07-24 a 2024-07-15"
1898;sucursales_lugares.csv;Providencia;"tipo_precio reparado de dia a día"
1898;sucursales_lugares.csv;Providencia;"fecha_inicio_vigencia reparada de 31-01-25 a 2025-01-31"
1898;sucursales_lugares.csv;Providencia;"fecha_fin_vigencia reparada de 02-03-25 a 2025-03-02"
1899;sucursales_lugares.csv;Providencia;"tipo_precio reparado de dia a día"
1899;sucursales_lugares.csv;Providencia;"fecha_inicio_vigencia reparada de 30-01-24 a 2024-01-30"
1899;sucursales_lugares.csv;Providencia;"fecha_fin_vigencia reparada de 30-03-24 a 2024-03-30"
1900;sucursales_lugares.csv;Providencia;"tipo_precio reparado de dia a día"
1900;sucursales_lugares.csv;Providencia;"fecha_inicio_vigencia reparada de 15-05-25 a 2025-05-15"
1900;sucursales_lugares.csv;Providencia;"fecha_fin_vigencia reparada de 14-06-25 a 2025-06-14"
1901;sucursales_lugares.csv;Providencia;"tipo_precio reparado de dia a día"
1901;sucursales_lugares.csv;Providencia;"fecha_inicio_vigencia reparada de 04-06-25 a 2025-06-04"
1901;sucursales_lugares.csv;Providencia;"fecha_fin_vigencia reparada de 03-08-25 a 2025-08-03"
1902;sucursales_lugares.csv;Providencia;"tipo_precio reparado de dia a día"
1902;sucursales_lugares.csv;Providencia;"fecha_inicio_vigencia reparada de 30-10-25 a 2025-10-30"
1902;sucursales_lugares.csv;Providencia;"fecha_fin_vigencia reparada de 13-11-25 a 2025-11-13"
1902;sucursales_lugares.csv;Providencia;"Fila enviada a ERR: precio debe ser un numero."
1903;sucursales_lugares.csv;Providencia;"tipo_precio reparado de dia a día"
1903;sucursales_lugares.csv;Providencia;"fecha_inicio_vigencia reparada de 28-07-25 a 2025-07-28"
1903;sucursales_lugares.csv;Providencia;"fecha_fin_vigencia reparada de 26-10-25 a 2025-10-26"
1904;sucursales_lugares.csv;Providencia;"tipo_precio reparado de dia a día"
1904;sucursales_lugares.csv;Providencia;"fecha_inicio_vigencia reparada de 30-11-24 a 2024-11-30"
1904;sucursales_lugares.csv;Providencia;"fecha_fin_vigencia reparada de 28-02-25 a 2025-02-28"
1905;sucursales_lugares.csv;Providencia;"tipo_precio reparado de dia a día"
1905;sucursales_lugares.csv;Providencia;"fecha_inicio_vigencia reparada de 11-04-25 a 2025-04-11"
1905;sucursales_lugares.csv;Providencia;"fecha_fin_vigencia reparada de 18-04-25 a 2025-04-18"
1906;sucursales_lugares.csv;Providencia;"tipo_precio reparado de dia a día"
1906;sucursales_lugares.csv;Providencia;"fecha_inicio_vigencia reparada de 02-08-24 a 2024-08-02"
1906;sucursales_lugares.csv;Providencia;"fecha_fin_vigencia reparada de 01-09-24 a 2024-09-01"
1907;sucursales_lugares.csv;Providencia;"tipo_precio reparado de dia a día"
1907;sucursales_lugares.csv;Providencia;"fecha_inicio_vigencia reparada de 07-03-25 a 2025-03-07"
1907;sucursales_lugares.csv;Providencia;"fecha_fin_vigencia reparada de 21-03-25 a 2025-03-21"
1908;sucursales_lugares.csv;Providencia;"tipo_precio reparado de dia a día"
1908;sucursales_lugares.csv;Providencia;"fecha_inicio_vigencia reparada de 21-02-24 a 2024-02-21"
1908;sucursales_lugares.csv;Providencia;"fecha_fin_vigencia reparada de 28-02-24 a 2024-02-28"
1909;sucursales_lugares.csv;Providencia;"tipo_precio reparado de dia a día"
1909;sucursales_lugares.csv;Providencia;"fecha_inicio_vigencia reparada de 12-04-25 a 2025-04-12"
1909;sucursales_lugares.csv;Providencia;"fecha_fin_vigencia reparada de 26-04-25 a 2025-04-26"
1910;sucursales_lugares.csv;Providencia;"tipo_precio reparado de dia a día"
1910;sucursales_lugares.csv;Providencia;"fecha_inicio_vigencia reparada de 18-06-24 a 2024-06-18"
1910;sucursales_lugares.csv;Providencia;"fecha_fin_vigencia reparada de 16-09-24 a 2024-09-16"
1911;sucursales_lugares.csv;Providencia;"tipo_precio reparado de dia a día"
1911;sucursales_lugares.csv;Providencia;"fecha_inicio_vigencia reparada de 21-02-25 a 2025-02-21"
1911;sucursales_lugares.csv;Providencia;"fecha_fin_vigencia reparada de 22-04-25 a 2025-04-22"
1912;sucursales_lugares.csv;Providencia;"tipo_precio reparado de dia a día"
1912;sucursales_lugares.csv;Providencia;"fecha_inicio_vigencia reparada de 09-06-24 a 2024-06-09"
1912;sucursales_lugares.csv;Providencia;"fecha_fin_vigencia reparada de 08-08-24 a 2024-08-08"
1913;sucursales_lugares.csv;Providencia;"tipo_precio reparado de dia a día"
1913;sucursales_lugares.csv;Providencia;"fecha_inicio_vigencia reparada de 30-03-24 a 2024-03-30"
1913;sucursales_lugares.csv;Providencia;"fecha_fin_vigencia reparada de 28-06-24 a 2024-06-28"
1914;sucursales_lugares.csv;Providencia;"fecha_inicio_vigencia reparada de 28-06-25 a 2025-06-28"
1914;sucursales_lugares.csv;Providencia;"fecha_fin_vigencia reparada de 05-07-25 a 2025-07-05"
1915;sucursales_lugares.csv;Providencia;"fecha_inicio_vigencia reparada de 30-08-25 a 2025-08-30"
1915;sucursales_lugares.csv;Providencia;"fecha_fin_vigencia reparada de 29-09-25 a 2025-09-29"
1916;sucursales_lugares.csv;Providencia;"fecha_inicio_vigencia reparada de 09-10-25 a 2025-10-09"
1916;sucursales_lugares.csv;Providencia;"fecha_fin_vigencia reparada de 23-10-25 a 2025-10-23"
1917;sucursales_lugares.csv;Providencia;"fecha_inicio_vigencia reparada de 03-03-24 a 2024-03-03"
1917;sucursales_lugares.csv;Providencia;"fecha_fin_vigencia reparada de 01-06-24 a 2024-06-01"
1918;sucursales_lugares.csv;Providencia;"fecha_inicio_vigencia reparada de 12-07-24 a 2024-07-12"
1918;sucursales_lugares.csv;Providencia;"fecha_fin_vigencia reparada de 19-07-24 a 2024-07-19"
1919;sucursales_lugares.csv;Providencia;"fecha_inicio_vigencia reparada de 05-09-24 a 2024-09-05"
1919;sucursales_lugares.csv;Providencia;"fecha_fin_vigencia reparada de 04-12-24 a 2024-12-04"
1920;sucursales_lugares.csv;Providencia;"fecha_inicio_vigencia reparada de 17-03-25 a 2025-03-17"
1920;sucursales_lugares.csv;Providencia;"fecha_fin_vigencia reparada de 31-03-25 a 2025-03-31"
1921;sucursales_lugares.csv;Providencia;"fecha_inicio_vigencia reparada de 07-07-25 a 2025-07-07"
1921;sucursales_lugares.csv;Providencia;"fecha_fin_vigencia reparada de 05-09-25 a 2025-09-05"
1922;sucursales_lugares.csv;"La Florida";"tipo_precio tiene valor no permitido mesa_hora, se deja nulo."
1922;sucursales_lugares.csv;"La Florida";"fecha_inicio_vigencia reparada de 01-07-25 a 2025-07-01"
1922;sucursales_lugares.csv;"La Florida";"fecha_fin_vigencia reparada de 29-09-25 a 2025-09-29"
1922;sucursales_lugares.csv;"La Florida";"Fila enviada a ERR: precio es obligatorio y viene nulo."
1923;sucursales_lugares.csv;"La Florida";"tipo_precio tiene valor no permitido mesa_hora, se deja nulo."
1923;sucursales_lugares.csv;"La Florida";"fecha_inicio_vigencia con formato incompleto o que no se pudo reparar, se reemplaza por nulo"
1923;sucursales_lugares.csv;"La Florida";"fecha_fin_vigencia reparada de 27-05-25 a 2025-05-27"
1923;sucursales_lugares.csv;"La Florida";"Fila enviada a ERR: precio debe ser un numero."
1924;sucursales_lugares.csv;"La Florida";"tipo_precio tiene valor no permitido mesa_hora, se deja nulo."
1924;sucursales_lugares.csv;"La Florida";"fecha_inicio_vigencia reparada de 05-11-25 a 2025-11-05"
1924;sucursales_lugares.csv;"La Florida";"fecha_fin_vigencia reparada de 19-11-25 a 2025-11-19"
1924;sucursales_lugares.csv;"La Florida";"Fila enviada a ERR: precio es obligatorio y viene nulo."
1925;sucursales_lugares.csv;"La Florida";"tipo_precio tiene valor no permitido mesa_hora, se deja nulo."
1925;sucursales_lugares.csv;"La Florida";"fecha_inicio_vigencia reparada de 23-09-25 a 2025-09-23"
1925;sucursales_lugares.csv;"La Florida";"fecha_fin_vigencia reparada de 30-09-25 a 2025-09-30"
1925;sucursales_lugares.csv;"La Florida";"Fila enviada a ERR: precio debe ser un numero."
1926;sucursales_lugares.csv;"La Florida";"tipo_precio tiene valor no permitido mesa_hora, se deja nulo."
1926;sucursales_lugares.csv;"La Florida";"fecha_inicio_vigencia reparada de 17-06-24 a 2024-06-17"
1926;sucursales_lugares.csv;"La Florida";"fecha_fin_vigencia reparada de 16-08-24 a 2024-08-16"
1926;sucursales_lugares.csv;"La Florida";"Fila enviada a ERR: precio es obligatorio y viene nulo."
1927;sucursales_lugares.csv;"La Florida";"tipo_precio tiene valor no permitido mesa_hora, se deja nulo."
1927;sucursales_lugares.csv;"La Florida";"fecha_inicio_vigencia reparada de 16-06-25 a 2025-06-16"
1927;sucursales_lugares.csv;"La Florida";"fecha_fin_vigencia reparada de 23-06-25 a 2025-06-23"
1927;sucursales_lugares.csv;"La Florida";"Fila enviada a ERR: precio es obligatorio y viene nulo."
1928;sucursales_lugares.csv;"La Florida";"tipo_precio tiene valor no permitido mesa_hora, se deja nulo."
1928;sucursales_lugares.csv;"La Florida";"fecha_inicio_vigencia reparada de 04-06-24 a 2024-06-04"
1928;sucursales_lugares.csv;"La Florida";"fecha_fin_vigencia reparada de 03-08-24 a 2024-08-03"
1928;sucursales_lugares.csv;"La Florida";"Fila enviada a ERR: precio es obligatorio y viene nulo."
1929;sucursales_lugares.csv;"La Florida";"tipo_precio tiene valor no permitido mesa_hora, se deja nulo."
1929;sucursales_lugares.csv;"La Florida";"fecha_inicio_vigencia reparada de 24-12-24 a 2024-12-24"
1929;sucursales_lugares.csv;"La Florida";"fecha_fin_vigencia reparada de 22-02-25 a 2025-02-22"
1929;sucursales_lugares.csv;"La Florida";"Fila enviada a ERR: precio es obligatorio y viene nulo."
1930;sucursales_lugares.csv;"La Florida";"tipo_precio tiene valor no permitido mesa_hora, se deja nulo."
1930;sucursales_lugares.csv;"La Florida";"fecha_inicio_vigencia reparada de 07-01-25 a 2025-01-07"
1930;sucursales_lugares.csv;"La Florida";"fecha_fin_vigencia reparada de 06-02-25 a 2025-02-06"
1930;sucursales_lugares.csv;"La Florida";"Fila enviada a ERR: precio es obligatorio y viene nulo."
1931;sucursales_lugares.csv;"La Florida";"tipo_precio tiene valor no permitido mesa_hora, se deja nulo."
1931;sucursales_lugares.csv;"La Florida";"fecha_inicio_vigencia reparada de 10-09-24 a 2024-09-10"
1931;sucursales_lugares.csv;"La Florida";"fecha_fin_vigencia reparada de 09-12-24 a 2024-12-09"
1931;sucursales_lugares.csv;"La Florida";"Fila enviada a ERR: precio es obligatorio y viene nulo."
1932;sucursales_lugares.csv;"La Florida";"tipo_precio tiene valor no permitido mesa_hora, se deja nulo."
1932;sucursales_lugares.csv;"La Florida";"fecha_inicio_vigencia reparada de 25-09-25 a 2025-09-25"
1932;sucursales_lugares.csv;"La Florida";"fecha_fin_vigencia reparada de 24-11-25 a 2025-11-24"
1932;sucursales_lugares.csv;"La Florida";"Fila enviada a ERR: precio es obligatorio y viene nulo."
1933;sucursales_lugares.csv;"La Florida";"tipo_precio tiene valor no permitido mesa_hora, se deja nulo."
1933;sucursales_lugares.csv;"La Florida";"fecha_inicio_vigencia reparada de 07-09-24 a 2024-09-07"
1933;sucursales_lugares.csv;"La Florida";"fecha_fin_vigencia reparada de 21-09-24 a 2024-09-21"
1933;sucursales_lugares.csv;"La Florida";"Fila enviada a ERR: precio es obligatorio y viene nulo."
1934;sucursales_lugares.csv;"La Florida";"tipo_precio tiene valor no permitido mesa_hora, se deja nulo."
1934;sucursales_lugares.csv;"La Florida";"fecha_inicio_vigencia reparada de 04-01-25 a 2025-01-04"
1934;sucursales_lugares.csv;"La Florida";"fecha_fin_vigencia reparada de 05-03-25 a 2025-03-05"
1934;sucursales_lugares.csv;"La Florida";"Fila enviada a ERR: precio es obligatorio y viene nulo."
1935;sucursales_lugares.csv;"La Florida";"tipo_precio tiene valor no permitido mesa_hora, se deja nulo."
1935;sucursales_lugares.csv;"La Florida";"fecha_inicio_vigencia reparada de 13-04-25 a 2025-04-13"
1935;sucursales_lugares.csv;"La Florida";"fecha_fin_vigencia reparada de 12-06-25 a 2025-06-12"
1935;sucursales_lugares.csv;"La Florida";"Fila enviada a ERR: precio es obligatorio y viene nulo."
1936;sucursales_lugares.csv;"La Florida";"tipo_precio tiene valor no permitido mesa_hora, se deja nulo."
1936;sucursales_lugares.csv;"La Florida";"fecha_inicio_vigencia reparada de 04-10-25 a 2025-10-04"
1936;sucursales_lugares.csv;"La Florida";"fecha_fin_vigencia reparada de 03-12-25 a 2025-12-03"
1936;sucursales_lugares.csv;"La Florida";"Fila enviada a ERR: precio es obligatorio y viene nulo."
1937;sucursales_lugares.csv;"La Florida";"tipo_precio tiene valor no permitido mesa_hora, se deja nulo."
1937;sucursales_lugares.csv;"La Florida";"fecha_inicio_vigencia reparada de 18-07-24 a 2024-07-18"
1937;sucursales_lugares.csv;"La Florida";"fecha_fin_vigencia reparada de 16-09-24 a 2024-09-16"
1937;sucursales_lugares.csv;"La Florida";"Fila enviada a ERR: precio es obligatorio y viene nulo."
1938;sucursales_lugares.csv;"La Florida";"tipo_precio tiene valor no permitido linea_hora, se deja nulo."
1938;sucursales_lugares.csv;"La Florida";"fecha_inicio_vigencia reparada de 28-08-25 a 2025-08-28"
1938;sucursales_lugares.csv;"La Florida";"fecha_fin_vigencia reparada de 27-09-25 a 2025-09-27"
1939;sucursales_lugares.csv;"La Florida";"tipo_precio tiene valor no permitido linea_hora, se deja nulo."
1939;sucursales_lugares.csv;"La Florida";"fecha_inicio_vigencia reparada de 04-06-25 a 2025-06-04"
1939;sucursales_lugares.csv;"La Florida";"fecha_fin_vigencia reparada de 02-09-25 a 2025-09-02"
1940;sucursales_lugares.csv;"La Florida";"tipo_precio tiene valor no permitido linea_hora, se deja nulo."
1940;sucursales_lugares.csv;"La Florida";"fecha_inicio_vigencia reparada de 23-11-24 a 2024-11-23"
1940;sucursales_lugares.csv;"La Florida";"fecha_fin_vigencia reparada de 22-01-25 a 2025-01-22"
1941;sucursales_lugares.csv;"La Florida";"tipo_precio tiene valor no permitido linea_hora, se deja nulo."
1941;sucursales_lugares.csv;"La Florida";"fecha_inicio_vigencia reparada de 02-04-24 a 2024-04-02"
1941;sucursales_lugares.csv;"La Florida";"fecha_fin_vigencia reparada de 09-04-24 a 2024-04-09"
1942;sucursales_lugares.csv;"La Florida";"tipo_precio tiene valor no permitido linea_hora, se deja nulo."
1942;sucursales_lugares.csv;"La Florida";"fecha_inicio_vigencia reparada de 07-01-24 a 2024-01-07"
1942;sucursales_lugares.csv;"La Florida";"fecha_fin_vigencia reparada de 06-04-24 a 2024-04-06"
1943;sucursales_lugares.csv;"La Florida";"tipo_precio tiene valor no permitido linea_hora, se deja nulo."
1943;sucursales_lugares.csv;"La Florida";"fecha_inicio_vigencia reparada de 31-01-24 a 2024-01-31"
1943;sucursales_lugares.csv;"La Florida";"fecha_fin_vigencia reparada de 14-02-24 a 2024-02-14"
1944;sucursales_lugares.csv;"La Florida";"tipo_precio tiene valor no permitido linea_hora, se deja nulo."
1944;sucursales_lugares.csv;"La Florida";"fecha_inicio_vigencia reparada de 25-03-25 a 2025-03-25"
1944;sucursales_lugares.csv;"La Florida";"fecha_fin_vigencia reparada de 23-06-25 a 2025-06-23"
1945;sucursales_lugares.csv;"La Florida";"tipo_precio tiene valor no permitido linea_hora, se deja nulo."
1945;sucursales_lugares.csv;"La Florida";"fecha_inicio_vigencia reparada de 30-09-24 a 2024-09-30"
1945;sucursales_lugares.csv;"La Florida";"fecha_fin_vigencia reparada de 07-10-24 a 2024-10-07"
1946;sucursales_lugares.csv;"La Florida";"tipo_precio tiene valor no permitido linea_hora, se deja nulo."
1946;sucursales_lugares.csv;"La Florida";"fecha_inicio_vigencia reparada de 09-09-24 a 2024-09-09"
1946;sucursales_lugares.csv;"La Florida";"fecha_fin_vigencia reparada de 23-09-24 a 2024-09-23"
1947;sucursales_lugares.csv;"La Florida";"tipo_precio tiene valor no permitido linea_hora, se deja nulo."
1947;sucursales_lugares.csv;"La Florida";"fecha_inicio_vigencia reparada de 12-10-24 a 2024-10-12"
1947;sucursales_lugares.csv;"La Florida";"fecha_fin_vigencia reparada de 19-10-24 a 2024-10-19"
1948;sucursales_lugares.csv;"La Florida";"tipo_precio tiene valor no permitido linea_hora, se deja nulo."
1948;sucursales_lugares.csv;"La Florida";"fecha_inicio_vigencia reparada de 21-08-24 a 2024-08-21"
1948;sucursales_lugares.csv;"La Florida";"fecha_fin_vigencia reparada de 04-09-24 a 2024-09-04"
1949;sucursales_lugares.csv;"La Florida";"tipo_precio tiene valor no permitido linea_hora, se deja nulo."
1949;sucursales_lugares.csv;"La Florida";"fecha_inicio_vigencia reparada de 27-08-25 a 2025-08-27"
1949;sucursales_lugares.csv;"La Florida";"fecha_fin_vigencia reparada de 26-10-25 a 2025-10-26"
1950;sucursales_lugares.csv;"La Florida";"tipo_precio tiene valor no permitido linea_hora, se deja nulo."
1950;sucursales_lugares.csv;"La Florida";"fecha_inicio_vigencia reparada de 25-01-25 a 2025-01-25"
1950;sucursales_lugares.csv;"La Florida";"fecha_fin_vigencia reparada de 24-02-25 a 2025-02-24"
1951;sucursales_lugares.csv;"La Florida";"tipo_precio tiene valor no permitido linea_hora, se deja nulo."
1951;sucursales_lugares.csv;"La Florida";"fecha_inicio_vigencia reparada de 24-01-25 a 2025-01-24"
1951;sucursales_lugares.csv;"La Florida";"fecha_fin_vigencia reparada de 23-02-25 a 2025-02-23"
1952;sucursales_lugares.csv;"La Florida";"tipo_precio tiene valor no permitido linea_hora, se deja nulo."
1952;sucursales_lugares.csv;"La Florida";"fecha_inicio_vigencia reparada de 22-01-24 a 2024-01-22"
1952;sucursales_lugares.csv;"La Florida";"fecha_fin_vigencia reparada de 29-01-24 a 2024-01-29"
1953;sucursales_lugares.csv;"La Florida";"tipo_precio tiene valor no permitido linea_hora, se deja nulo."
1953;sucursales_lugares.csv;"La Florida";"fecha_inicio_vigencia reparada de 21-01-24 a 2024-01-21"
1953;sucursales_lugares.csv;"La Florida";"fecha_fin_vigencia reparada de 20-02-24 a 2024-02-20"
1954;sucursales_lugares.csv;"La Florida";"tipo_precio tiene valor no permitido tramo, se deja nulo."
1954;sucursales_lugares.csv;"La Florida";"fecha_inicio_vigencia reparada de 12-06-24 a 2024-06-12"
1954;sucursales_lugares.csv;"La Florida";"fecha_fin_vigencia reparada de 26-06-24 a 2024-06-26"
1955;sucursales_lugares.csv;"La Florida";"tipo_precio reparado de dia a día"
1955;sucursales_lugares.csv;"La Florida";"fecha_inicio_vigencia reparada de 09-01-24 a 2024-01-09"
1955;sucursales_lugares.csv;"La Florida";"fecha_fin_vigencia reparada de 16-01-24 a 2024-01-16"
1956;sucursales_lugares.csv;"La Florida";"tipo_precio tiene valor no permitido tramo, se deja nulo."
1956;sucursales_lugares.csv;"La Florida";"fecha_inicio_vigencia reparada de 07-02-25 a 2025-02-07"
1956;sucursales_lugares.csv;"La Florida";"fecha_fin_vigencia reparada de 08-04-25 a 2025-04-08"
1957;sucursales_lugares.csv;"La Florida";"tipo_precio tiene valor no permitido tramo, se deja nulo."
1957;sucursales_lugares.csv;"La Florida";"fecha_inicio_vigencia reparada de 02-03-24 a 2024-03-02"
1957;sucursales_lugares.csv;"La Florida";"fecha_fin_vigencia reparada de 01-05-24 a 2024-05-01"
1958;sucursales_lugares.csv;"La Florida";"tipo_precio reparado de dia a día"
1958;sucursales_lugares.csv;"La Florida";"fecha_inicio_vigencia reparada de 18-04-24 a 2024-04-18"
1958;sucursales_lugares.csv;"La Florida";"fecha_fin_vigencia reparada de 17-06-24 a 2024-06-17"
1959;sucursales_lugares.csv;"La Florida";"tipo_precio reparado de dia a día"
1959;sucursales_lugares.csv;"La Florida";"fecha_inicio_vigencia reparada de 05-06-25 a 2025-06-05"
1959;sucursales_lugares.csv;"La Florida";"fecha_fin_vigencia reparada de 03-09-25 a 2025-09-03"
1960;sucursales_lugares.csv;"La Florida";"tipo_precio reparado de dia a día"
1960;sucursales_lugares.csv;"La Florida";"fecha_inicio_vigencia reparada de 13-09-24 a 2024-09-13"
1960;sucursales_lugares.csv;"La Florida";"fecha_fin_vigencia reparada de 20-09-24 a 2024-09-20"
1961;sucursales_lugares.csv;"La Florida";"tipo_precio reparado de dia a día"
1961;sucursales_lugares.csv;"La Florida";"fecha_inicio_vigencia reparada de 04-10-25 a 2025-10-04"
1961;sucursales_lugares.csv;"La Florida";"fecha_fin_vigencia reparada de 11-10-25 a 2025-10-11"
1962;sucursales_lugares.csv;"La Florida";"tipo_precio reparado de dia a día"
1962;sucursales_lugares.csv;"La Florida";"fecha_inicio_vigencia reparada de 18-06-25 a 2025-06-18"
1962;sucursales_lugares.csv;"La Florida";"fecha_fin_vigencia reparada de 18-07-25 a 2025-07-18"
1963;sucursales_lugares.csv;"La Florida";"tipo_precio reparado de dia a día"
1963;sucursales_lugares.csv;"La Florida";"fecha_inicio_vigencia reparada de 19-03-25 a 2025-03-19"
1963;sucursales_lugares.csv;"La Florida";"fecha_fin_vigencia reparada de 18-04-25 a 2025-04-18"
1964;sucursales_lugares.csv;"La Florida";"tipo_precio reparado de dia a día"
1964;sucursales_lugares.csv;"La Florida";"fecha_inicio_vigencia reparada de 20-07-25 a 2025-07-20"
1964;sucursales_lugares.csv;"La Florida";"fecha_fin_vigencia reparada de 19-08-25 a 2025-08-19"
1965;sucursales_lugares.csv;"La Florida";"tipo_precio reparado de dia a día"
1965;sucursales_lugares.csv;"La Florida";"fecha_inicio_vigencia con formato incompleto o que no se pudo reparar, se reemplaza por nulo"
1965;sucursales_lugares.csv;"La Florida";"fecha_fin_vigencia reparada de 03-03-24 a 2024-03-03"
1965;sucursales_lugares.csv;"La Florida";"Fila enviada a ERR: precio debe ser un numero."
1966;sucursales_lugares.csv;"La Florida";"tipo_precio reparado de dia a día"
1966;sucursales_lugares.csv;"La Florida";"fecha_inicio_vigencia con formato incompleto o que no se pudo reparar, se reemplaza por nulo"
1966;sucursales_lugares.csv;"La Florida";"fecha_fin_vigencia reparada de 25-11-24 a 2024-11-25"
1967;sucursales_lugares.csv;"La Florida";"tipo_precio reparado de dia a día"
1967;sucursales_lugares.csv;"La Florida";"fecha_inicio_vigencia reparada de 27-02-25 a 2025-02-27"
1967;sucursales_lugares.csv;"La Florida";"fecha_fin_vigencia reparada de 28-05-25 a 2025-05-28"
1968;sucursales_lugares.csv;"La Florida";"tipo_precio reparado de dia a día"
1968;sucursales_lugares.csv;"La Florida";"fecha_inicio_vigencia reparada de 16-03-24 a 2024-03-16"
1968;sucursales_lugares.csv;"La Florida";"fecha_fin_vigencia reparada de 30-03-24 a 2024-03-30"
1969;sucursales_lugares.csv;"La Florida";"tipo_precio reparado de dia a día"
1969;sucursales_lugares.csv;"La Florida";"fecha_inicio_vigencia reparada de 18-02-25 a 2025-02-18"
1969;sucursales_lugares.csv;"La Florida";"fecha_fin_vigencia reparada de 20-03-25 a 2025-03-20"
1970;sucursales_lugares.csv;"La Florida";"tipo_precio reparado de dia a día"
1970;sucursales_lugares.csv;"La Florida";"fecha_inicio_vigencia reparada de 04-03-24 a 2024-03-04"
1970;sucursales_lugares.csv;"La Florida";"fecha_fin_vigencia reparada de 03-05-24 a 2024-05-03"
1970;sucursales_lugares.csv;"La Florida";"Fila enviada a ERR: precio debe ser un numero."
1971;sucursales_lugares.csv;"La Florida";"tipo_precio reparado de dia a día"
1971;sucursales_lugares.csv;"La Florida";"fecha_inicio_vigencia reparada de 28-06-25 a 2025-06-28"
1971;sucursales_lugares.csv;"La Florida";"fecha_fin_vigencia reparada de 12-07-25 a 2025-07-12"
1972;sucursales_lugares.csv;"La Florida";"tipo_precio reparado de dia a día"
1972;sucursales_lugares.csv;"La Florida";"fecha_inicio_vigencia con formato incompleto o que no se pudo reparar, se reemplaza por nulo"
1972;sucursales_lugares.csv;"La Florida";"fecha_fin_vigencia reparada de 20-02-25 a 2025-02-20"
1972;sucursales_lugares.csv;"La Florida";"Fila enviada a ERR: precio debe ser un numero."
1973;sucursales_lugares.csv;"La Florida";"tipo_precio reparado de dia a día"
1973;sucursales_lugares.csv;"La Florida";"fecha_inicio_vigencia reparada de 03-06-24 a 2024-06-03"
1973;sucursales_lugares.csv;"La Florida";"fecha_fin_vigencia reparada de 10-06-24 a 2024-06-10"
1974;sucursales_lugares.csv;"La Florida";"tipo_precio reparado de dia a día"
1974;sucursales_lugares.csv;"La Florida";"fecha_inicio_vigencia reparada de 05-09-24 a 2024-09-05"
1974;sucursales_lugares.csv;"La Florida";"fecha_fin_vigencia reparada de 04-12-24 a 2024-12-04"
1975;sucursales_lugares.csv;"La Florida";"tipo_precio reparado de dia a día"
1975;sucursales_lugares.csv;"La Florida";"fecha_inicio_vigencia reparada de 24-06-25 a 2025-06-24"
1975;sucursales_lugares.csv;"La Florida";"fecha_fin_vigencia reparada de 08-07-25 a 2025-07-08"
1976;sucursales_lugares.csv;"La Florida";"tipo_precio reparado de dia a día"
1976;sucursales_lugares.csv;"La Florida";"fecha_inicio_vigencia reparada de 22-05-25 a 2025-05-22"
1976;sucursales_lugares.csv;"La Florida";"fecha_fin_vigencia reparada de 05-06-25 a 2025-06-05"
1977;sucursales_lugares.csv;"La Florida";"tipo_precio reparado de dia a día"
1977;sucursales_lugares.csv;"La Florida";"fecha_inicio_vigencia reparada de 18-08-25 a 2025-08-18"
1977;sucursales_lugares.csv;"La Florida";"fecha_fin_vigencia reparada de 17-09-25 a 2025-09-17"
1978;sucursales_lugares.csv;"La Florida";"fecha_inicio_vigencia reparada de 12-01-24 a 2024-01-12"
1978;sucursales_lugares.csv;"La Florida";"fecha_fin_vigencia reparada de 11-02-24 a 2024-02-11"
1979;sucursales_lugares.csv;"La Florida";"fecha_inicio_vigencia con formato incompleto o que no se pudo reparar, se reemplaza por nulo"
1979;sucursales_lugares.csv;"La Florida";"fecha_fin_vigencia reparada de 25-01-24 a 2024-01-25"
1980;sucursales_lugares.csv;"La Florida";"fecha_inicio_vigencia reparada de 26-07-25 a 2025-07-26"
1980;sucursales_lugares.csv;"La Florida";"fecha_fin_vigencia reparada de 02-08-25 a 2025-08-02"
1981;sucursales_lugares.csv;"La Florida";"fecha_inicio_vigencia reparada de 18-02-24 a 2024-02-18"
1981;sucursales_lugares.csv;"La Florida";"fecha_fin_vigencia reparada de 03-03-24 a 2024-03-03"
1982;sucursales_lugares.csv;"La Florida";"fecha_inicio_vigencia reparada de 17-07-24 a 2024-07-17"
1982;sucursales_lugares.csv;"La Florida";"fecha_fin_vigencia reparada de 16-08-24 a 2024-08-16"
1983;sucursales_lugares.csv;"La Florida";"fecha_inicio_vigencia reparada de 09-08-25 a 2025-08-09"
1983;sucursales_lugares.csv;"La Florida";"fecha_fin_vigencia reparada de 16-08-25 a 2025-08-16"
1984;sucursales_lugares.csv;"La Florida";"fecha_inicio_vigencia reparada de 04-05-25 a 2025-05-04"
1984;sucursales_lugares.csv;"La Florida";"fecha_fin_vigencia reparada de 11-05-25 a 2025-05-11"
1985;sucursales_lugares.csv;"La Florida";"fecha_inicio_vigencia reparada de 31-10-25 a 2025-10-31"
1985;sucursales_lugares.csv;"La Florida";"fecha_fin_vigencia reparada de 30-12-25 a 2025-12-30"
1986;sucursales_lugares.csv;"Santa Cruz";"tipo_precio tiene valor no permitido mesa_hora, se deja nulo."
1986;sucursales_lugares.csv;"Santa Cruz";"fecha_inicio_vigencia con formato incompleto o que no se pudo reparar, se reemplaza por nulo"
1986;sucursales_lugares.csv;"Santa Cruz";"fecha_fin_vigencia reparada de 22-11-25 a 2025-11-22"
1986;sucursales_lugares.csv;"Santa Cruz";"Fila enviada a ERR: precio es obligatorio y viene nulo."
1987;sucursales_lugares.csv;"Santa Cruz";"tipo_precio tiene valor no permitido mesa_hora, se deja nulo."
1987;sucursales_lugares.csv;"Santa Cruz";"fecha_inicio_vigencia reparada de 27-10-24 a 2024-10-27"
1987;sucursales_lugares.csv;"Santa Cruz";"fecha_fin_vigencia reparada de 03-11-24 a 2024-11-03"
1987;sucursales_lugares.csv;"Santa Cruz";"Fila enviada a ERR: precio es obligatorio y viene nulo."
1988;sucursales_lugares.csv;"Santa Cruz";"tipo_precio tiene valor no permitido mesa_hora, se deja nulo."
1988;sucursales_lugares.csv;"Santa Cruz";"fecha_inicio_vigencia reparada de 09-10-25 a 2025-10-09"
1988;sucursales_lugares.csv;"Santa Cruz";"fecha_fin_vigencia reparada de 08-11-25 a 2025-11-08"
1988;sucursales_lugares.csv;"Santa Cruz";"Fila enviada a ERR: precio es obligatorio y viene nulo."
1989;sucursales_lugares.csv;"Santa Cruz";"tipo_precio tiene valor no permitido mesa_hora, se deja nulo."
1989;sucursales_lugares.csv;"Santa Cruz";"fecha_inicio_vigencia reparada de 12-03-25 a 2025-03-12"
1989;sucursales_lugares.csv;"Santa Cruz";"fecha_fin_vigencia reparada de 19-03-25 a 2025-03-19"
1989;sucursales_lugares.csv;"Santa Cruz";"Fila enviada a ERR: precio es obligatorio y viene nulo."
1990;sucursales_lugares.csv;"Santa Cruz";"tipo_precio tiene valor no permitido mesa_hora, se deja nulo."
1990;sucursales_lugares.csv;"Santa Cruz";"fecha_inicio_vigencia reparada de 23-03-25 a 2025-03-23"
1990;sucursales_lugares.csv;"Santa Cruz";"fecha_fin_vigencia reparada de 06-04-25 a 2025-04-06"
1990;sucursales_lugares.csv;"Santa Cruz";"Fila enviada a ERR: precio es obligatorio y viene nulo."
1991;sucursales_lugares.csv;"Santa Cruz";"tipo_precio tiene valor no permitido mesa_hora, se deja nulo."
1991;sucursales_lugares.csv;"Santa Cruz";"fecha_inicio_vigencia reparada de 23-05-25 a 2025-05-23"
1991;sucursales_lugares.csv;"Santa Cruz";"fecha_fin_vigencia reparada de 21-08-25 a 2025-08-21"
1991;sucursales_lugares.csv;"Santa Cruz";"Fila enviada a ERR: precio es obligatorio y viene nulo."
1992;sucursales_lugares.csv;"Santa Cruz";"tipo_precio tiene valor no permitido mesa_hora, se deja nulo."
1992;sucursales_lugares.csv;"Santa Cruz";"fecha_inicio_vigencia reparada de 28-10-25 a 2025-10-28"
1992;sucursales_lugares.csv;"Santa Cruz";"fecha_fin_vigencia reparada de 27-12-25 a 2025-12-27"
1992;sucursales_lugares.csv;"Santa Cruz";"Fila enviada a ERR: precio es obligatorio y viene nulo."
1993;sucursales_lugares.csv;"Santa Cruz";"tipo_precio tiene valor no permitido mesa_hora, se deja nulo."
1993;sucursales_lugares.csv;"Santa Cruz";"fecha_inicio_vigencia reparada de 19-01-25 a 2025-01-19"
1993;sucursales_lugares.csv;"Santa Cruz";"fecha_fin_vigencia reparada de 26-01-25 a 2025-01-26"
1993;sucursales_lugares.csv;"Santa Cruz";"Fila enviada a ERR: precio es obligatorio y viene nulo."
1994;sucursales_lugares.csv;"Santa Cruz";"tipo_precio tiene valor no permitido mesa_hora, se deja nulo."
1994;sucursales_lugares.csv;"Santa Cruz";"fecha_inicio_vigencia reparada de 19-02-25 a 2025-02-19"
1994;sucursales_lugares.csv;"Santa Cruz";"fecha_fin_vigencia reparada de 26-02-25 a 2025-02-26"
1994;sucursales_lugares.csv;"Santa Cruz";"Fila enviada a ERR: precio es obligatorio y viene nulo."
1995;sucursales_lugares.csv;"Santa Cruz";"tipo_precio tiene valor no permitido mesa_hora, se deja nulo."
1995;sucursales_lugares.csv;"Santa Cruz";"fecha_inicio_vigencia reparada de 31-01-25 a 2025-01-31"
1995;sucursales_lugares.csv;"Santa Cruz";"fecha_fin_vigencia reparada de 01-04-25 a 2025-04-01"
1995;sucursales_lugares.csv;"Santa Cruz";"Fila enviada a ERR: precio es obligatorio y viene nulo."
1996;sucursales_lugares.csv;"Santa Cruz";"tipo_precio tiene valor no permitido mesa_hora, se deja nulo."
1996;sucursales_lugares.csv;"Santa Cruz";"fecha_inicio_vigencia reparada de 25-01-24 a 2024-01-25"
1996;sucursales_lugares.csv;"Santa Cruz";"fecha_fin_vigencia reparada de 01-02-24 a 2024-02-01"
1996;sucursales_lugares.csv;"Santa Cruz";"Fila enviada a ERR: precio es obligatorio y viene nulo."
1997;sucursales_lugares.csv;"Santa Cruz";"tipo_precio tiene valor no permitido mesa_hora, se deja nulo."
1997;sucursales_lugares.csv;"Santa Cruz";"fecha_inicio_vigencia reparada de 16-03-24 a 2024-03-16"
1997;sucursales_lugares.csv;"Santa Cruz";"fecha_fin_vigencia reparada de 15-04-24 a 2024-04-15"
1997;sucursales_lugares.csv;"Santa Cruz";"Fila enviada a ERR: precio es obligatorio y viene nulo."
1998;sucursales_lugares.csv;"Santa Cruz";"tipo_precio tiene valor no permitido mesa_hora, se deja nulo."
1998;sucursales_lugares.csv;"Santa Cruz";"fecha_inicio_vigencia reparada de 09-05-25 a 2025-05-09"
1998;sucursales_lugares.csv;"Santa Cruz";"fecha_fin_vigencia reparada de 23-05-25 a 2025-05-23"
1998;sucursales_lugares.csv;"Santa Cruz";"Fila enviada a ERR: precio es obligatorio y viene nulo."
1999;sucursales_lugares.csv;"Santa Cruz";"tipo_precio tiene valor no permitido mesa_hora, se deja nulo."
1999;sucursales_lugares.csv;"Santa Cruz";"fecha_inicio_vigencia reparada de 09-04-25 a 2025-04-09"
1999;sucursales_lugares.csv;"Santa Cruz";"fecha_fin_vigencia reparada de 08-06-25 a 2025-06-08"
1999;sucursales_lugares.csv;"Santa Cruz";"Fila enviada a ERR: precio es obligatorio y viene nulo."
2000;sucursales_lugares.csv;"Santa Cruz";"tipo_precio tiene valor no permitido mesa_hora, se deja nulo."
2000;sucursales_lugares.csv;"Santa Cruz";"fecha_inicio_vigencia reparada de 25-02-25 a 2025-02-25"
2000;sucursales_lugares.csv;"Santa Cruz";"fecha_fin_vigencia reparada de 26-04-25 a 2025-04-26"
2000;sucursales_lugares.csv;"Santa Cruz";"Fila enviada a ERR: precio es obligatorio y viene nulo."
2001;sucursales_lugares.csv;"Santa Cruz";"tipo_precio tiene valor no permitido mesa_hora, se deja nulo."
2001;sucursales_lugares.csv;"Santa Cruz";"fecha_inicio_vigencia reparada de 05-07-25 a 2025-07-05"
2001;sucursales_lugares.csv;"Santa Cruz";"fecha_fin_vigencia reparada de 19-07-25 a 2025-07-19"
2001;sucursales_lugares.csv;"Santa Cruz";"Fila enviada a ERR: precio es obligatorio y viene nulo."
